Workbook

Sheet Note
A1: skip
B2: Life cycle inventories of global metal and mineral supply chains: a comprehensive data review, analysis and processing Frédéric Laia*, Stéphanie Mullera, Audrey Philippea, Robert Istrateb, Brenda Miranda Xicotencatlb, Afsoon Mansouri Askic, Aina Mas Fonsd,a, Juliana Segura-Salazare, Jair Santillán Saldivara, Alexander Cimprichf, Stephen Northeyg, Lígia da Silva Limah, Lieselot Booneh, Ryosuke Yokoii, Kamrul Islami, Ioanna Paschalidouj, Felipe Cerdask,l, Victor Balboa-Espinozae, Anish Koyamparambathd, Diae Henniouia, Victoire Collignona, Aurélien Reysa, Gyslain Ngadi Sakatadim, Jo Dewulfh, Bernhard Steubingb, Christoph Helbigc, Gaétan Lefebvrea, Gian Andrea Blenginin,m, Valeria Supertio, Masaharu Motoshitai, Guido Sonnemannd, Kwame Awuah-Offeij, Steven B. Youngf, Shinsuke Murakamip, Antoine Beylota aBRGM, F-45060 Orléans, France bInstitute of Environmental Sciences (CML), Leiden University, Einsteinweg 2, 2333 CC Leiden, NL cEcological Resource Technology, University of Bayreuth, Universitätstr. 30, 95447 Bayreuth, Germany dUniv. Bordeaux, CNRS, Bordeaux INP, ISM, UMR 5255, F-33400 Talence, France eSustainable Minerals Institute, The University of Queensland, QLD, 4072, Australia fSchool of Environment, Enterprise and Development, University of Waterloo, 200 University Avenue West, Waterloo, Ontario N2L 3G1, Canada gUniversity of Technology Sydney, Institute for Sustainable Futures, Australia hSustainable Systems Engineering (STEN), Department of Green Chemistry and Technology, Faculty of Bioscience Engineering, Ghent University, Coupure Links 653, 9000 Ghent, Belgium iAIST, 305-8569 Tsukuba, Japan jMining & Explosives Engineering, Missouri University of Science & Technology, Rolla, MO, USA 65409 kInstitute for Sustainable Energy Systems (INSYS), Technical University of Applied Sciences Würzburg-Schweinfurt (THWS), Ignaz-Schön-Straße 11, Schweinfurt, Germany lFraunhofer Institute for Surface Engineering and Thin Films IST, Riedenkamp 2, Braunschweig 38108, Germany mDepartment of Environment, Land and Infrastructure Engineering, Politecnico di Torino, Corso Duca degli Abruzzi, 24, 10129 Torino, Italy nUniversity of Turin, Earth Sciences Department (DST), Via Valperga Caluso, 35 – 10125 Torino, Italy oecoinvent association, Technopark, Technoparkstrasse 1, 8005 Zürich, Switzerland pGraduate School of Engineering, The University of Tokyo, Tokyo 113-8656, Japan *Corresponding author: f.lai@brgm.fr This file provides all LCI datasets developed for Silver (Ag), with distinguishing its global market and each individual production route.
B33: Sheet | C33: Corresponding route
B34: Ag_Market_GLO | C34: Ag global market
B35: PR1_Ag_CN_CuSlime | C35: Ag production in China through Cu anode slime processing
B36: PR2_Ag_AU | C36: Ag recovery from Au production in Australia
B37: PR3_Ag_SE_Pyro | C37: Ag recovery from Cu production in Sweden/Rönnskärsverken
B38: PR4_Ag_RoW | C38: Ag recovery from Pb/Zn production in Canada/Peru/Chile/the US

Sheet Ag_Market_GLO
A1: database | B1: Silver
A3: Activity | B3: Silver (Ag) global market
A4: reference product | B4: Refined Ag
A5: location | B5: GLO
A6: amount | B6: 1
A7: unit | B7: kilogram
A8: comment | B8: n/a
A9: Exchanges
A10: name | B10: reference product | C10: location | D10: amount | E10: unit | F10: database | G10: type | H10: categories | I10: uncertainty type | J10: pedigree | K10: loc | L10: scale | M10: minimum | N10: maximum
A11: =B3 -> Silver (Ag) global market | B11: =B4 -> Refined Ag | C11: =B5 -> GLO | D11: 1 | E11: =B7 -> kilogram | F11: =B1 -> Silver | G11: production
A12: =PR1_Ag_CN_CuSlime!A31 -> Ag production in China through Cu anode slime processing | B12: =PR1_Ag_CN_CuSlime!B31 -> Refined Ag | C12: =PR1_Ag_CN_CuSlime!C31 -> CN | D12: 0.3106217 | E12: =PR1_Ag_CN_CuSlime!E31 -> kilogram | F12: =PR1_Ag_CN_CuSlime!F31 -> Silver | G12: technosphere
A13: =PR2_Ag_AU!A31 -> Ag recovery from Au production in Australia | B13: =PR2_Ag_AU!B31 -> Refined Ag | C13: =PR2_Ag_AU!C31 -> AU | D13: 0.11768754 | E13: =PR2_Ag_AU!E31 -> kilogram | F13: =PR2_Ag_AU!F31 -> Silver | G13: technosphere
A14: =PR3_Ag_SE_Pyro!A142 -> Ag recovery from Cu production in Sweden/Rönnskärsverken | B14: =PR3_Ag_SE_Pyro!B142 -> Refined Ag | C14: =PR3_Ag_SE_Pyro!C142 -> SE | D14: 0.037852719 | E14: =PR3_Ag_SE_Pyro!E142 -> kilogram | F14: =PR3_Ag_SE_Pyro!F142 -> Silver | G14: technosphere
A15: =PR4_Ag_RoW!A55 -> Ag recovery from Pb/Zn production in Canada/Peru/Chile/the US | B15: =PR4_Ag_RoW!B55 -> Refined Ag | C15: =PR4_Ag_RoW!C55 -> RoW | D15: 0.53383804 | E15: =PR4_Ag_RoW!E55 -> kilogram | F15: =PR4_Ag_RoW!F55 -> Silver | G15: technosphere

Sheet PR1_Ag_CN_CuSlime
A1: Activity | B1: [P+R] Silver (Ag) production (from anode slime)
A2: reference product | B2: Refined Ag
A3: location | B3: CN
A4: amount | B4: 1
A5: unit | B5: kilogram
A6: comment | B6: Allocated unit process, considering as allocation factors (AF): 75.4% for Au (1 kg), 22.2% for Ag (23 kg), 1.3% for Te (14 kg CuTe) and 1.1% for Se (27 kg).
A7: Exchanges
A8: name | B8: reference product | C8: location | D8: amount | E8: unit | F8: database | G8: type | H8: categories | I8: uncertainty type | J8: pedigree | K8: loc | L8: scale | M8: minimum | N8: maximum
A9: =B1 -> [P+R] Silver (Ag) production (from anode slime) | B9: =B2 -> Refined Ag | C9: =B3 -> CN | D9: 1 | E9: kilogram | F9: =Ag_Market_GLO!B1 -> Silver | G9: production
A10: market for sulfuric acid | B10: sulfuric acid | C10: RoW | D10: 0.23209175 | E10: kilogram | F10: ecoinvent 3.10 cutoff | G10: technosphere | J10: (1,5,1,1,1)
A11: market for silica sand | B11: silica sand | C11: GLO | D11: 0.28692211 | E11: kilogram | F11: ecoinvent 3.10 cutoff | G11: technosphere | J11: (1,5,1,1,1)
A12: market for soda ash, dense | B12: soda ash, dense | C12: GLO | D12: 0.3279863 | E12: kilogram | F12: ecoinvent 3.10 cutoff | G12: technosphere | J12: (1,5,1,1,1)
A13: market for sodium hydroxide, without water, in 50% solution state | B13: sodium hydroxide, without water, in 50% solution state | C13: RoW | D13: 4.1980958 | E13: kilogram | F13: ecoinvent 3.10 cutoff | G13: technosphere | J13: (1,5,1,1,1)
A14: market for hydrochloric acid, without water, in 30% solution state | B14: hydrochloric acid, without water, in 30% solution state | C14: RoW | D14: 0.18932876 | E14: kilogram | F14: ecoinvent 3.10 cutoff | G14: technosphere | J14: (1,5,1,1,1)
A15: market for nitric acid, without water, in 50% solution state | B15: nitric acid, without water, in 50% solution state | C15: RoW | D15: 0.049851106 | E15: kilogram | F15: ecoinvent 3.10 cutoff | G15: technosphere | J15: (1,5,1,1,1)
A16: market for sodium chlorate, powder | B16: sodium chlorate, powder | C16: RoW | D16: 0.0099585053 | E16: kilogram | F16: ecoinvent 3.10 cutoff | G16: technosphere | J16: (1,5,1,1,1)
A17: market for ammonium chloride | B17: ammonium chloride | C17: GLO | D17: 0.00035147666 | E17: kilogram | F17: ecoinvent 3.10 cutoff | G17: technosphere | J17: (1,5,1,1,1)
A18: market group for electricity, medium voltage | B18: electricity, medium voltage | C18: CN | D18: 18.427921 | E18: kilowatt hour | F18: ecoinvent 3.10 cutoff | G18: technosphere | J18: (1,5,1,1,1)
A19: market for copper slag | B19: copper slag | C19: GLO | D19: -2.8138635 | E19: kilogram | F19: ecoinvent 3.10 cutoff | G19: technosphere | J19: (1,5,1,1,1)
A20: Water, unspecified natural origin | D20: 0.0067120911 | E20: cubic meter | F20: biosphere3 | G20: biosphere | H20: natural resource::in ground | J20: (1,5,1,1,1)
A21: Carbon dioxide, fossil | D21: 6.5607804 | E21: kilogram | F21: biosphere3 | G21: biosphere | H21: air | J21: (1,5,1,1,1)
A23: Activity | B23: Ag production in China through Cu anode slime processing
A24: reference product | B24: Refined Ag
A25: location | B25: CN
A26: amount | B26: 1
A27: unit | B27: kilogram
A28: comment | B28: An ecoinvent activity is here included to model the upstream anode slime production. Applied AF: "Anode slime" input = 22.2%.
A29: Exchanges
A30: name | B30: reference product | C30: location | D30: amount | E30: unit | F30: database | G30: type | H30: categories | I30: uncertainty type | J30: pedigree | K30: loc | L30: scale | M30: minimum | N30: maximum
A31: =B23 -> Ag production in China through Cu anode slime processing | B31: =B24 -> Refined Ag | C31: =B25 -> CN | D31: 1 | E31: kilogram | F31: =F9 -> Silver | G31: production
A32: =A9 -> [P+R] Silver (Ag) production (from anode slime) | B32: =B9 -> Refined Ag | C32: =C9 -> CN | D32: 1 | E32: =E9 -> kilogram | F32: =F9 -> Silver | G32: technosphere
A33: market for anode slime from electrorefining of copper, anode | B33: anode slime from electrorefining of copper, anode | C33: GLO | D33: 5.8579443 | E33: kilogram | F33: ecoinvent 3.10 cutoff | G33: technosphere

Sheet PR2_Ag_AU
A1: Activity | B1: [M+C+P+R] Silver (Ag) production (from gold ore)
A2: reference product | B2: Refined Ag
A3: location | B3: AU
A4: amount | B4: 1
A5: unit | B5: kilogram
A6: comment | B6: Allocated unit process, considering as allocation factors (AF): 99.9% for Au (1 kg) and 0.1% for Ag (0.1 kg). The co-produced sulfuric acid is dealt through substitution.
A7: Exchanges
A8: name | B8: reference product | C8: location | D8: amount | E8: unit | F8: database | G8: type | H8: categories | I8: uncertainty type | J8: pedigree | K8: loc | L8: scale | M8: minimum | N8: maximum
A9: =B1 -> [M+C+P+R] Silver (Ag) production (from gold ore) | B9: =B2 -> Refined Ag | C9: =B3 -> AU | D9: 1 | E9: kilogram | F9: =Ag_Market_GLO!B1 -> Silver | G9: production
A10: market for sulfuric acid | B10: sulfuric acid | C10: RoW | D10: -0.39306371 | E10: kilogram | F10: ecoinvent 3.10 cutoff | G10: technosphere | J10: (2,5,5,1,1)
A11: market for iron pellet | B11: iron pellet | C11: GLO | D11: 1.1230392 | E11: kilogram | F11: ecoinvent 3.10 cutoff | G11: technosphere | J11: (2,5,5,1,1)
A12: market for sodium cyanide | B12: sodium cyanide | C12: RoW | D12: 0.24620474 | E12: kilogram | F12: ecoinvent 3.10 cutoff | G12: technosphere | J12: (2,5,5,1,1)
A13: market for lime, packed | B13: lime, packed | C13: RoW | D13: 0.82068247 | E13: kilogram | F13: ecoinvent 3.10 cutoff | G13: technosphere | J13: (2,5,5,1,1)
A14: market for sodium hydroxide, without water, in 50% solution state | B14: sodium hydroxide, without water, in 50% solution state | C14: RoW | D14: 15.117835 | E14: kilogram | F14: ecoinvent 3.10 cutoff | G14: technosphere | J14: (2,5,5,1,1)
A15: market for sulfuric acid | B15: sulfuric acid | C15: RoW | D15: 0.0086387629 | E15: kilogram | F15: ecoinvent 3.10 cutoff | G15: technosphere | J15: (2,5,5,1,1)
A16: market for carbon black | B16: carbon black | C16: GLO | D16: 0.22028845 | E16: kilogram | F16: ecoinvent 3.10 cutoff | G16: technosphere | J16: (2,5,5,1,1)
A17: market for hydrochloric acid, without water, in 30% solution state | B17: hydrochloric acid, without water, in 30% solution state | C17: RoW | D17: 1.7709464 | E17: kilogram | F17: ecoinvent 3.10 cutoff | G17: technosphere | J17: (2,5,5,1,1)
A18: market for steam, in chemical industry | B18: steam, in chemical industry | C18: RoW | D18: 3.3691175 | E18: kilogram | F18: ecoinvent 3.10 cutoff | G18: technosphere | J18: (2,5,5,1,1)
A19: market for mercury | B19: mercury | C19: GLO | D19: 1.6845588e-10 | E19: kilogram | F19: ecoinvent 3.10 cutoff | G19: technosphere | J19: (2,5,5,1,1)
A20: market for zinc | B20: zinc | C20: GLO | D20: 0.037578618 | E20: kilogram | F20: ecoinvent 3.10 cutoff | G20: technosphere | J20: (2,5,5,1,1)
A21: market for electricity, medium voltage | B21: electricity, medium voltage | C21: AU | D21: 56.151959 | E21: kilowatt hour | F21: ecoinvent 3.10 cutoff | G21: technosphere | J21: (2,5,5,1,1)
A23: Activity | B23: Ag recovery from Au production in Australia
A24: reference product | B24: Refined Ag
A25: location | B25: AU
A26: amount | B26: 1
A27: unit | B27: kilogram
A28: comment | B28: n/a
A29: Exchanges
A30: name | B30: reference product | C30: location | D30: amount | E30: unit | F30: database | G30: type | H30: categories | I30: uncertainty type | J30: pedigree | K30: loc | L30: scale | M30: minimum | N30: maximum
A31: =B23 -> Ag recovery from Au production in Australia | B31: =B24 -> Refined Ag | C31: =B25 -> AU | D31: 1 | E31: kilogram | F31: =F9 -> Silver | G31: production
A32: =A9 -> [M+C+P+R] Silver (Ag) production (from gold ore) | B32: =B9 -> Refined Ag | C32: =C9 -> AU | D32: 1 | E32: =E9 -> kilogram | F32: =F9 -> Silver | G32: technosphere

Sheet PR3_Ag_SE_Pyro
A1: Activity | B1: [M+C] Copper (Cu) ore mining and concentration (Sweden)
A2: reference product | B2: Cu concentrate
A3: location | B3: SE
A4: amount | B4: 1
A5: unit | B5: kilogram
A6: comment | B6: n/a
A7: Exchanges
A8: name | B8: reference product | C8: location | D8: amount | E8: unit | F8: database | G8: type | H8: categories | I8: uncertainty type | J8: pedigree | K8: loc | L8: scale | M8: minimum | N8: maximum
A9: =B1 -> [M+C] Copper (Cu) ore mining and concentration (Sweden) | B9: =B2 -> Cu concentrate | C9: SE | D9: 1 | E9: kilogram | F9: =Ag_Market_GLO!B1 -> Silver | G9: production
A10: market for diesel, burned in building machine | B10: diesel, burned in building machine | C10: GLO | D10: 4.0289823 | E10: megajoule | F10: ecoinvent 3.10 cutoff | G10: technosphere | J10: (1,1,3,1,1)
A11: market for electricity, high voltage | B11: electricity, high voltage | C11: SE | D11: 0.24177706 | E11: kilowatt hour | F11: ecoinvent 3.10 cutoff | G11: technosphere | J11: (1,1,3,1,1)
A12: heat production, wood pellet, at furnace 25kW, state-of-the-art 2014 | B12: heat, central or small-scale, other than natural gas | C12: RoW | D12: 0.025828164 | E12: megajoule | F12: ecoinvent 3.10 cutoff | G12: technosphere | J12: (1,1,3,1,1)
A13: market for explosive, tovex | B13: explosive, tovex | C13: GLO | D13: 0.082326296 | E13: kilogram | F13: ecoinvent 3.10 cutoff | G13: technosphere | J13: (1,1,3,1,1)
A14: market for lime, packed | B14: lime, packed | C14: Europe without Switzerland | D14: 0.025824903 | E14: kilogram | F14: ecoinvent 3.10 cutoff | G14: technosphere | J14: (1,1,3,1,1)
A15: market for sodium chloride, powder | B15: sodium chloride, powder | C15: GLO | D15: 0.0045916737 | E15: kilogram | F15: ecoinvent 3.10 cutoff | G15: technosphere | J15: (1,1,3,1,1)
A16: market for sodium chloride, brine solution | B16: sodium chloride, brine solution | C16: GLO | D16: 0.00019155889 | E16: kilogram | F16: ecoinvent 3.10 cutoff | G16: technosphere | J16: (1,1,3,1,1)
A17: market for electricity, high voltage | B17: electricity, high voltage | C17: SE | D17: 2.2461111 | E17: kilowatt hour | F17: ecoinvent 3.10 cutoff | G17: technosphere | J17: (1,1,3,1,1)
A18: heat production, wood pellet, at furnace 25kW, state-of-the-art 2014 | B18: heat, central or small-scale, other than natural gas | C18: RoW | D18: 0.028657522 | E18: megajoule | F18: ecoinvent 3.10 cutoff | G18: technosphere | J18: (1,1,3,1,1)
A19: market for aluminium hydroxide | B19: aluminium hydroxide | C19: GLO | D19: 2.2827923e-05 | E19: kilogram | F19: ecoinvent 3.10 cutoff | G19: technosphere | J19: (1,1,3,1,1)
A20: market for chemical, inorganic | B20: chemical, inorganic | C20: GLO | D20: 0.0018001448 | E20: kilogram | F20: ecoinvent 3.10 cutoff | G20: technosphere | J20: (1,1,3,1,1)
A21: market for light fuel oil | B21: light fuel oil | C21: Europe without Switzerland | D21: 2.5436829e-06 | E21: kilogram | F21: ecoinvent 3.10 cutoff | G21: technosphere | J21: (1,1,3,1,1)
... A32: treatment of hazardous waste, hazardous waste incineration | B32: hazardous waste, for incineration | C32: Europe without Switzerland | D32: -1.8197116e-05 | E32: kilogram | F32: ecoinvent 3.10 cutoff | G32: technosphere | J32: (1,1,3,1,1)
A33: Occupation, mineral extraction site | D33: 0.081528297 | E33: square meter-year | F33: biosphere3 | G33: biosphere | H33: natural resource::land | J33: (1,1,3,1,1)
A34: Copper | D34: 0.21319389 | E34: kilogram | F34: biosphere3 | G34: biosphere | H34: natural resource::in ground | J34: (1,1,3,1,1)
A35: Water, river | D35: 0.0019566791 | E35: cubic meter | F35: biosphere3 | G35: biosphere | H35: natural resource::in water | J35: (1,1,3,1,1)
A36: Water, well, in ground | D36: 0.00032611319 | E36: cubic meter | F36: biosphere3 | G36: biosphere | H36: natural resource::in water | J36: (1,1,3,1,1)
A37: Nitrogen oxides | D37: 0.00011692462 | E37: kilogram | F37: biosphere3 | G37: biosphere | H37: air | J37: (1,1,3,1,1)
A38: Carbon dioxide, fossil | D38: 0.0012392301 | E38: kilogram | F38: biosphere3 | G38: biosphere | H38: air | J38: (1,1,3,1,1)
A39: Copper ion | D39: 2.8404459e-07 | E39: kilogram | F39: biosphere3 | G39: biosphere | H39: water | J39: (1,1,3,1,1)
A40: Aluminium III | D40: 7.5593037e-06 | E40: kilogram | F40: biosphere3 | G40: biosphere | H40: water | J40: (1,1,3,1,1)
A41: Arsenic ion | D41: 2.5436829e-09 | E41: kilogram | F41: biosphere3 | G41: biosphere | H41: water | J41: (1,1,3,1,1)
A42: Lead II | D42: 9.7833956e-09 | E42: kilogram | F42: biosphere3 | G42: biosphere | H42: water | J42: (1,1,3,1,1)
A43: Cadmium II | D43: 3.2611319e-09 | E43: kilogram | F43: biosphere3 | G43: biosphere | H43: water | J43: (1,1,3,1,1)
A44: Copper ion | D44: 2.4621546e-07 | E44: kilogram | F44: biosphere3 | G44: biosphere | H44: water | J44: (1,1,3,1,1)
... A50: Nitrogen | D50: 0.00016461868 | E50: kilogram | F50: biosphere3 | G50: biosphere | H50: water | J50: (1,1,3,1,1)
A52: Activity | B52: [P+R] Silver (Ag) production - Pyrometallurgy (Sweden)
A53: reference product | B53: Refined Ag
A54: location | B54: SE
A55: amount | B55: 1
A56: unit | B56: kilogram
A57: comment | B57: Allocated unit process, considering as allocation factors (AF): 45.7% for Cu (1 kg cathode), 0.02% for Cu (0.002 kg CuSO4), 0.5% for Ni (0.02 kg NiSO4), 30.6% for Au (0.00009 kg), 16.2% for Ag (0.004 kg), 0.03% for Te (0.0002 kg CuTe), 0.07% for Se (0.0004 kg), 4.3% for Zn (0.2 kg ZnO2), 2.4% for Pb (0.2 kg) and 0.06% for Fe (1.8 kg sand). The co-produced sulfuric acid, sulfur dioxide, electricity and heat are dealt through substitution.
A58: Exchanges
A59: name | B59: reference product | C59: location | D59: amount | E59: unit | F59: database | G59: type | H59: categories | I59: uncertainty type | J59: pedigree | K59: loc | L59: scale | M59: minimum | N59: maximum
A60: =B52 -> [P+R] Silver (Ag) production - Pyrometallurgy (Sweden) | B60: =B53 -> Refined Ag | C60: SE | D60: 1 | E60: kilogram | F60: =F9 -> Silver | G60: production
A61: market for diesel, burned in building machine | B61: diesel, burned in building machine | C61: GLO | D61: 14.546616 | E61: megajoule | F61: ecoinvent 3.10 cutoff | G61: technosphere | J61: (1,1,3,1,1)
A62: market for light fuel oil | B62: light fuel oil | C62: Europe without Switzerland | D62: 0.0096703697 | E62: kilogram | F62: ecoinvent 3.10 cutoff | G62: technosphere | J62: (1,1,3,1,1)
A63: market for heavy fuel oil | B63: heavy fuel oil | C63: Europe without Switzerland | D63: 4.7864622 | E63: kilogram | F63: ecoinvent 3.10 cutoff | G63: technosphere | J63: (1,1,3,1,1)
A64: market for liquefied petroleum gas | B64: liquefied petroleum gas | C64: Europe without Switzerland | D64: 0.21262091 | E64: kilogram | F64: ecoinvent 3.10 cutoff | G64: technosphere | J64: (1,1,3,1,1)
A65: market for electricity, high voltage | B65: electricity, high voltage | C65: SE | D65: 286.36313 | E65: kilowatt hour | F65: ecoinvent 3.10 cutoff | G65: technosphere | J65: (1,1,3,1,1)
A66: market for tap water | B66: tap water | C66: Europe without Switzerland | D66: 1182.4381 | E66: kilogram | F66: ecoinvent 3.10 cutoff | G66: technosphere | J66: (1,1,3,1,1)
A67: market for silica sand | B67: silica sand | C67: GLO | D67: 65.465315 | E67: kilogram | F67: ecoinvent 3.10 cutoff | G67: technosphere | J67: (1,1,3,1,1)
A68: market for lime | B68: lime | C68: RER | D68: 2.1507615 | E68: kilogram | F68: ecoinvent 3.10 cutoff | G68: technosphere | J68: (1,1,3,1,1)
A69: market for limestone, crushed, washed | B69: limestone, crushed, washed | C69: RoW | D69: 4.06808 | E69: kilogram | F69: ecoinvent 3.10 cutoff | G69: technosphere | J69: (1,1,3,1,1)
A70: market for compressed air, 800 kPa gauge | B70: compressed air, 800 kPa gauge | C70: RER | D70: 18.998556 | E70: cubic meter | F70: ecoinvent 3.10 cutoff | G70: technosphere | J70: (1,1,3,1,1)
A71: market for soda ash, dense | B71: soda ash, dense | C71: GLO | D71: 0.11232463 | E71: kilogram | F71: ecoinvent 3.10 cutoff | G71: technosphere | J71: (1,1,3,1,1)
A72: market for borax, anhydrous, powder | B72: borax, anhydrous, powder | C72: GLO | D72: 0.00015563468 | E72: kilogram | F72: ecoinvent 3.10 cutoff | G72: technosphere | J72: (1,1,3,1,1)
... A112: market for hazardous waste, for underground deposit | B112: hazardous waste, for underground deposit | C112: RER | D112: -5.3155229e-07 | E112: kilogram | F112: ecoinvent 3.10 cutoff | G112: technosphere | J112: (1,1,3,1,1)
A113: market for sulfuric acid | B113: sulfuric acid | C113: RER | D113: -115.49151 | E113: kilogram | F113: ecoinvent 3.10 cutoff | G113: technosphere
A114: market for sulfur dioxide, liquid | B114: sulfur dioxide, liquid | C114: RER | D114: -7.9635109 | E114: kilogram | F114: ecoinvent 3.10 cutoff | G114: technosphere
A115: market for electricity, high voltage | B115: electricity, high voltage | C115: SE | D115: -11.491789 | E115: kilowatt hour | F115: ecoinvent 3.10 cutoff | G115: technosphere
A116: heat production, wood pellet, at furnace 25kW, state-of-the-art 2014 | B116: heat, central or small-scale, other than natural gas | C116: RoW | D116: -8.5909193 | E116: megajoule | F116: ecoinvent 3.10 cutoff | G116: technosphere | J116: (1,1,3,1,1)
A117: Water, salt, ocean | D117: 48.129402 | E117: cubic meter | F117: biosphere3 | G117: biosphere | H117: natural resource::in water | J117: (1,1,3,1,1)
A118: Copper ion | D118: 0.00057274164 | E118: kilogram | F118: biosphere3 | G118: biosphere | H118: water | J118: (1,1,3,1,1)
A119: Arsenic ion | D119: 0.00012358591 | E119: kilogram | F119: biosphere3 | G119: biosphere | H119: water | J119: (1,1,3,1,1)
A120: Lead II | D120: 4.0182184e-05 | E120: kilogram | F120: biosphere3 | G120: biosphere | H120: water | J120: (1,1,3,1,1)
A121: Cadmium II | D121: 4.7820278e-06 | E121: kilogram | F121: biosphere3 | G121: biosphere | H121: water | J121: (1,1,3,1,1)
A122: Mercury II | D122: 5.9799632e-06 | E122: kilogram | F122: biosphere3 | G122: biosphere | H122: water | J122: (1,1,3,1,1)
A123: Nickel II | D123: 3.5806277e-05 | E123: kilogram | F123: biosphere3 | G123: biosphere | H123: water | J123: (1,1,3,1,1)
A124: Zinc II | D124: 0.0012497767 | E124: kilogram | F124: biosphere3 | G124: biosphere | H124: water | J124: (1,1,3,1,1)
A125: Dioxins, measured as 2,3,7,8-tetrachlorodibenzo-p-dioxin | D125: 1.5614348e-10 | E125: kilogram | F125: biosphere3 | G125: biosphere | H125: air | J125: (1,1,3,1,1)
A126: Sulfur dioxide | D126: 1.9177099 | E126: kilogram | F126: biosphere3 | G126: biosphere | H126: air | J126: (1,1,3,1,1)
A127: Copper ion | D127: 0.0004784809 | E127: kilogram | F127: biosphere3 | G127: biosphere | H127: air | J127: (1,1,3,1,1)
A128: Zinc II | D128: 0.00094382127 | E128: kilogram | F128: biosphere3 | G128: biosphere | H128: air | J128: (1,1,3,1,1)
... A132: Lead II | D132: 0.00025481385 | E132: kilogram | F132: biosphere3 | G132: biosphere | H132: air | J132: (1,1,3,1,1)
A134: Activity | B134: Ag recovery from Cu production in Sweden/Rönnskärsverken
A135: reference product | B135: Refined Ag
A136: location | B136: SE
A137: amount | B137: 1
A138: unit | B138: kilogram
A139: comment | B139: Applied AF: "Cu concentrate" input = 16.2%.
A140: Exchanges
A141: name | B141: reference product | C141: location | D141: amount | E141: unit | F141: database | G141: type | H141: categories | I141: uncertainty type | J141: pedigree | K141: loc | L141: scale | M141: minimum | N141: maximum
A142: =B134 -> Ag recovery from Cu production in Sweden/Rönnskärsverken | B142: =B135 -> Refined Ag | C142: SE | D142: 1 | E142: kilogram | F142: =F60 -> Silver | G142: production
A143: =A60 -> [P+R] Silver (Ag) production - Pyrometallurgy (Sweden) | B143: =B60 -> Refined Ag | C143: =C60 -> SE | D143: 1 | E143: =E60 -> kilogram | F143: =F60 -> Silver | G143: technosphere
A144: =A9 -> [M+C] Copper (Cu) ore mining and concentration (Sweden) | B144: =B9 -> Cu concentrate | C144: =C9 -> SE | D144: 203.74532 | E144: =E9 -> kilogram | F144: =F9 -> Silver | G144: technosphere

Sheet PR4_Ag_RoW
A1: Activity | B1: [M+C] Zinc (Zn) ore mining and concentration
A2: reference product | B2: Zn concentrate
A3: location | B3: RoW
A4: amount | B4: 1
A5: unit | B5: kilogram
A6: comment | B6: n/a
A7: Exchanges
A8: name | B8: reference product | C8: location | D8: amount | E8: unit | F8: database | G8: type | H8: categories | I8: uncertainty type | J8: pedigree | K8: loc | L8: scale | M8: minimum | N8: maximum
A9: [M+C] Zinc (Zn) ore mining and concentration | B9: Zn concentrate | C9: RoW | D9: 1 | E9: kilogram | F9: =Ag_Market_GLO!B1 -> Silver | G9: production
A10: heat production, heavy fuel oil, at industrial furnace 1MW | B10: heat, district or industrial, other than natural gas | C10: RoW | D10: 4.0502431 | E10: megajoule | F10: ecoinvent 3.10 cutoff | G10: technosphere | J10: (1,1,5,1,1)
A11: market for sulfidic tailings, from zinc-lead mine operation | B11: sulfidic tailings, from zinc-lead mine operation | C11: RoW | D11: -170.07293 | E11: kilogram | F11: ecoinvent 3.10 cutoff | G11: technosphere | J11: (1,1,5,1,1)
A12: Zinc II | D12: 1.7828201e-05 | E12: kilogram | F12: biosphere3 | G12: biosphere | H12: air | J12: (1,1,5,1,1)
A13: Lead II | D13: 1.0048622e-06 | E13: kilogram | F13: biosphere3 | G13: biosphere | H13: air | J13: (1,1,5,1,1)
A14: Cadmium II | D14: 1.9448947e-07 | E14: kilogram | F14: biosphere3 | G14: biosphere | H14: air | J14: (1,1,5,1,1)
A15: Carbon dioxide, fossil | D15: 0.29011345 | E15: kilogram | F15: biosphere3 | G15: biosphere | H15: air | J15: (1,1,5,1,1)
A16: Particulate Matter, > 10 um | D16: 0.00037212318 | E16: kilogram | F16: biosphere3 | G16: biosphere | H16: air | J16: (1,1,5,1,1)
A17: Sulfur oxides | D17: 0.00023387358 | E17: kilogram | F17: biosphere3 | G17: biosphere | H17: air | J17: (1,1,5,1,1)
A18: Nitrogen oxides | D18: 0.0046139384 | E18: kilogram | F18: biosphere3 | G18: biosphere | H18: air | J18: (1,1,5,1,1)
A19: Lead II | D19: 4.8622366e-09 | E19: kilogram | F19: biosphere3 | G19: biosphere | H19: water | J19: (1,1,5,1,1)
A20: Zinc II | D20: 3.6466775e-07 | E20: kilogram | F20: biosphere3 | G20: biosphere | H20: water | J20: (1,1,5,1,1)
A21: Cadmium II | D21: 3.2414911e-09 | E21: kilogram | F21: biosphere3 | G21: biosphere | H21: water | J21: (1,1,5,1,1)
A23: Activity | B23: [P+R] Refined Silver (Ag) production
A24: reference product | B24: Refined Ag
A25: location | B25: RoW
A26: amount | B26: 1
A27: unit | B27: kilogram
A28: comment | B28: Allocated unit process, considering as allocation factors (AF): 55.37% for Zn (1 kg refined), 12.61% for Pb (0.28 kg refined), 28.81% for Ag (0.002 kg refined), 0.01% for Bi (0.00006 kg refined), 0.62% for In (0.0001 kg refined) and 2.57% for Ge (0.00009 kg refined).
A29: Exchanges
A30: name | B30: reference product | C30: location | D30: amount | E30: unit | F30: database | G30: type | H30: categories | I30: uncertainty type | J30: pedigree | K30: loc | L30: scale | M30: minimum | N30: maximum
A31: =B23 -> [P+R] Refined Silver (Ag) production | B31: =B24 -> Refined Ag | C31: RoW | D31: 1 | E31: kilogram | F31: =F9 -> Silver | G31: production
A32: market group for electricity, medium voltage | B32: electricity, medium voltage | C32: GLO | D32: 1422.3619 | E32: kilowatt hour | F32: ecoinvent 3.10 cutoff | G32: technosphere | J32: (1,1,5,1,1)
A33: heat production, heavy fuel oil, at industrial furnace 1MW | B33: heat, district or industrial, other than natural gas | C33: RoW | D33: 2231.6712 | E33: megajoule | F33: ecoinvent 3.10 cutoff | G33: technosphere | J33: (1,1,5,1,1)
A34: Zinc II | D34: 0.0022423957 | E34: kilogram | F34: biosphere3 | G34: biosphere | H34: air | J34: (1,1,5,1,1)
A35: Lead II | D35: 0.0018524138 | E35: kilogram | F35: biosphere3 | G35: biosphere | H35: air | J35: (1,1,5,1,1)
A36: Cadmium II | D36: 4.3872959e-05 | E36: kilogram | F36: biosphere3 | G36: biosphere | H36: air | J36: (1,1,5,1,1)
A37: Mercury II | D37: 4.5335391e-05 | E37: kilogram | F37: biosphere3 | G37: biosphere | H37: air | J37: (1,1,5,1,1)
A38: Sulfur dioxide | D38: 1.7232323 | E38: kilogram | F38: biosphere3 | G38: biosphere | H38: air | J38: (1,1,5,1,1)
A39: Carbon dioxide, fossil | D39: 172.56697 | E39: kilogram | F39: biosphere3 | G39: biosphere | H39: air | J39: (1,1,5,1,1)
A40: Particulate Matter, > 10 um | D40: 0.056059892 | E40: kilogram | F40: biosphere3 | G40: biosphere | H40: air | J40: (1,1,5,1,1)
A41: Particulate Matter, < 2.5 um | D41: 0.035585844 | E41: kilogram | F41: biosphere3 | G41: biosphere | H41: air | J41: (1,1,5,1,1)
A42: Lead II | D42: 0.00097007986 | E42: kilogram | F42: biosphere3 | G42: biosphere | H42: water | J42: (1,1,5,1,1)
A43: Zinc II | D43: 0.011894447 | E43: kilogram | F43: biosphere3 | G43: biosphere | H43: water | J43: (1,1,5,1,1)
A44: Cadmium II | D44: 7.3609075e-05 | E44: kilogram | F44: biosphere3 | G44: biosphere | H44: water | J44: (1,1,5,1,1)
A45: Mercury II | D45: 6.3372051e-06 | E45: kilogram | F45: biosphere3 | G45: biosphere | H45: water | J45: (1,1,5,1,1)
A47: Activity | B47: Ag recovery from Pb/Zn production in Canada/Peru/Chile/the US
A48: reference product | B48: Refined Ag
A49: location | B49: RoW
A50: amount | B50: 1
A51: unit | B51: kilogram
A52: comment | B52: Applied AF: "Zn concentrate" input = 28.81%.
A53: Exchanges
A54: name | B54: reference product | C54: location | D54: amount | E54: unit | F54: database | G54: type | H54: categories | I54: uncertainty type | J54: pedigree | K54: loc | L54: scale | M54: minimum | N54: maximum
A55: =B47 -> Ag recovery from Pb/Zn production in Canada/Peru/Chile/the US | B55: =B48 -> Refined Ag | C55: RoW | D55: 1 | E55: kilogram | F55: =F31 -> Silver | G55: production
A56: =A31 -> [P+R] Refined Silver (Ag) production | B56: =B31 -> Refined Ag | C56: =C31 -> RoW | D56: 1 | E56: =E31 -> kilogram | F56: =F31 -> Silver | G56: technosphere
A57: =A9 -> [M+C] Zinc (Zn) ore mining and concentration | B57: =B9 -> Zn concentrate | C57: =C9 -> RoW | D57: 185.84926 | E57: =E9 -> kilogram | F57: =F9 -> Silver | G57: technosphere
