Workbook

Sheet Note
A1: skip
B2: Life cycle inventories of global metal and mineral supply chains: a comprehensive data review, analysis and processing Frédéric Laia*, Stéphanie Mullera, Audrey Philippea, Robert Istrateb, Brenda Miranda Xicotencatlb, Afsoon Mansouri Askic, Aina Mas Fonsd,a, Juliana Segura-Salazare, Jair Santillán Saldivara, Alexander Cimprichf, Stephen Northeyg, Lígia da Silva Limah, Lieselot Booneh, Ryosuke Yokoii, Kamrul Islami, Ioanna Paschalidouj, Felipe Cerdask,l, Victor Balboa-Espinozae, Anish Koyamparambathd, Diae Henniouia, Victoire Collignona, Aurélien Reysa, Gyslain Ngadi Sakatadim, Jo Dewulfh, Bernhard Steubingb, Christoph Helbigc, Gaétan Lefebvrea, Gian Andrea Blenginin,m, Valeria Supertio, Masaharu Motoshitai, Guido Sonnemannd, Kwame Awuah-Offeij, Steven B. Youngf, Shinsuke Murakamip, Antoine Beylota aBRGM, F-45060 Orléans, France bInstitute of Environmental Sciences (CML), Leiden University, Einsteinweg 2, 2333 CC Leiden, NL cEcological Resource Technology, University of Bayreuth, Universitätstr. 30, 95447 Bayreuth, Germany dUniv. Bordeaux, CNRS, Bordeaux INP, ISM, UMR 5255, F-33400 Talence, France eSustainable Minerals Institute, The University of Queensland, QLD, 4072, Australia fSchool of Environment, Enterprise and Development, University of Waterloo, 200 University Avenue West, Waterloo, Ontario N2L 3G1, Canada gUniversity of Technology Sydney, Institute for Sustainable Futures, Australia hSustainable Systems Engineering (STEN), Department of Green Chemistry and Technology, Faculty of Bioscience Engineering, Ghent University, Coupure Links 653, 9000 Ghent, Belgium iAIST, 305-8569 Tsukuba, Japan jMining & Explosives Engineering, Missouri University of Science & Technology, Rolla, MO, USA 65409 kInstitute for Sustainable Energy Systems (INSYS), Technical University of Applied Sciences Würzburg-Schweinfurt (THWS), Ignaz-Schön-Straße 11, Schweinfurt, Germany lFraunhofer Institute for Surface Engineering and Thin Films IST, Riedenkamp 2, Braunschweig 38108, Germany mDepartment of Environment, Land and Infrastructure Engineering, Politecnico di Torino, Corso Duca degli Abruzzi, 24, 10129 Torino, Italy nUniversity of Turin, Earth Sciences Department (DST), Via Valperga Caluso, 35 – 10125 Torino, Italy oecoinvent association, Technopark, Technoparkstrasse 1, 8005 Zürich, Switzerland pGraduate School of Engineering, The University of Tokyo, Tokyo 113-8656, Japan *Corresponding author: f.lai@brgm.fr This file provides all LCI datasets developed for Aluminium (Al), with distinguishing its global market and each individual production route.
B33: Sheet | C33: Corresponding route
B34: Al_Market_GLO | C34: Al global market
B35: PR1_Al_SAM | C35: Bauxite mining and Al ingot production in South America
B36: PR2_Al_OCA | C36: Bauxite mining and Al ingot production in Oceania
B37: PR3_Al_NAM | C37: Al ingot production in North America
B38: PR4_Al_EUR | C38: Al ingot production in Europe
B39: PR5_Al_ROE | C39: Al ingot production in Russia and rest-of-Europe
B40: PR6_Al_GCC | C40: Al ingot production in Gulf Cooperation Council (GCC) countries
B41: PR7_Al_AFR | C41: Al ingot production in Africa
B42: PR8_Al_OAS | C42: Al ingot production in rest-of-Asia
B43: PR9_Al_CN | C43: Bauxite mining and Al ingot production in China
B44: PR10_Al_CN_Recycling | C44: Al production in China through Al scraps recycling
... B46: PR12_Al_EUR_Recycling | C46: Al production in Europe through Al scraps recycling

Sheet Al_Market_GLO
A1: database | B1: Aluminium
A3: Activity | B3: Aluminium (Al) global market
A4: reference product | B4: Al ingot
A5: location | B5: GLO
A6: amount | B6: 1
A7: unit | B7: kilogram
A8: comment | B8: n/a
A9: Exchanges
A10: name | B10: reference product | C10: location | D10: amount | E10: unit | F10: database | G10: type | H10: categories | I10: uncertainty type | J10: pedigree | K10: loc | L10: scale | M10: minimum | N10: maximum
A11: =B3 -> Aluminium (Al) global market | B11: =B4 -> Al ingot | C11: =B5 -> GLO | D11: 1 | E11: =B7 -> kilogram | F11: =B1 -> Aluminium | G11: production
A12: =PR1_Al_SAM!A161 -> Bauxite mining and Al ingot production in South America | B12: =PR1_Al_SAM!B161 -> Al ingot | C12: =PR1_Al_SAM!C161 -> South America | D12: 0.015211462 | E12: =PR1_Al_SAM!E161 -> kilogram | F12: =PR1_Al_SAM!F161 -> Aluminium | G12: technosphere
A13: =PR2_Al_OCA!A154 -> Bauxite mining and Al ingot production in Oceania | B13: =PR2_Al_OCA!B154 -> Al ingot | C13: =PR2_Al_OCA!C154 -> Oceania | D13: 0.026699936 | E13: =PR2_Al_OCA!E154 -> kilogram | F13: =PR2_Al_OCA!F154 -> Aluminium | G13: technosphere
A14: =PR3_Al_NAM!A153 -> Al ingot production in North America | B14: =PR3_Al_NAM!B153 -> Al ingot | C14: =PR3_Al_NAM!C153 -> North America | D14: 0.054886289 | E14: =PR3_Al_NAM!E153 -> kilogram | F14: =PR3_Al_NAM!F153 -> Aluminium | G14: technosphere
A15: =PR4_Al_EUR!A165 -> Al ingot production in Europe | B15: =PR4_Al_EUR!B165 -> Al ingot | C15: =PR4_Al_EUR!C165 -> Europe | D15: 0.051455028 | E15: =PR4_Al_EUR!E165 -> kilogram | F15: =PR4_Al_EUR!F165 -> Aluminium | G15: technosphere
A16: =PR5_Al_ROE!A116 -> Al ingot production in Russia and rest-of-Europe | B16: =PR5_Al_ROE!B116 -> Al ingot | C16: =PR5_Al_ROE!C116 -> Russia and Rest-of-Europe | D16: 0.061429302 | E16: =PR5_Al_ROE!E116 -> kilogram | F16: =PR5_Al_ROE!F116 -> Aluminium | G16: technosphere
A17: =PR6_Al_GCC!A107 -> Al ingot production in Gulf Cooperation Council (GCC) countries | B17: =PR6_Al_GCC!B107 -> Al ingot | C17: =PR6_Al_GCC!C107 -> Gulf Cooperation Council (GCC) countries | D17: 0.078543933 | E17: =PR6_Al_GCC!E107 -> kilogram | F17: =PR6_Al_GCC!F107 -> Aluminium | G17: technosphere
A18: =PR7_Al_AFR!A96 -> Al ingot production in Africa | B18: =PR7_Al_AFR!B96 -> Al ingot | C18: =PR7_Al_AFR!C96 -> Africa | D18: 0.023727103 | E18: =PR7_Al_AFR!E96 -> kilogram | F18: =PR7_Al_AFR!F96 -> Aluminium | G18: technosphere
A19: =PR8_Al_OAS!A132 -> Al ingot production in rest-of-Asia | B19: =PR8_Al_OAS!B132 -> Al ingot | C19: =PR8_Al_OAS!C132 -> Rest-of-Asia | D19: 0.075821151 | E19: =PR8_Al_OAS!E132 -> kilogram | F19: =PR8_Al_OAS!F132 -> Aluminium | G19: technosphere
A20: =PR9_Al_CN!A167 -> Bauxite mining and Al ingot production in China | B20: =PR9_Al_CN!B167 -> Al ingot | C20: =PR9_Al_CN!C167 -> CN | D20: 0.49725506 | E20: =PR9_Al_CN!E167 -> kilogram | F20: =PR9_Al_CN!F167 -> Aluminium | G20: technosphere
A21: =PR10_Al_CN_Recycling!A40 -> Al production in China through Al scraps recycling | B21: =PR10_Al_CN_Recycling!B40 -> Al ingot | C21: =PR10_Al_CN_Recycling!C40 -> CN | D21: 0.094715249 | E21: =PR10_Al_CN_Recycling!E40 -> kilogram | F21: =PR10_Al_CN_Recycling!F40 -> Aluminium | G21: technosphere
A22: =PR11_Al_NAM_Recycling!A44 -> Al production in North America through Al scraps recycling | B22: =PR11_Al_NAM_Recycling!B44 -> Al ingot | C22: =PR11_Al_NAM_Recycling!C44 -> North America | D22: 0.010454531 | E22: =PR11_Al_NAM_Recycling!E44 -> kilogram | F22: =PR11_Al_NAM_Recycling!F44 -> Aluminium | G22: technosphere
A23: =PR12_Al_EUR_Recycling!A51 -> Al production in Europe through Al scraps recycling | B23: =PR12_Al_EUR_Recycling!B51 -> Al ingot | C23: =PR12_Al_EUR_Recycling!C51 -> Europe | D23: 0.0098009577 | E23: =PR12_Al_EUR_Recycling!E51 -> kilogram | F23: =PR12_Al_EUR_Recycling!F51 -> Aluminium | G23: technosphere

Sheet Al_Mining_GLO
A1: Activity | B1: [M+C] Bauxite mining - Global
A2: reference product | B2: Bauxite
A3: location | B3: GLO
A4: amount | B4: 1
A5: unit | B5: kilogram
A6: comment | B6: n/a
A7: Exchanges
A8: name | B8: reference product | C8: location | D8: amount | E8: unit | F8: database | G8: type | H8: categories | I8: uncertainty type | J8: pedigree | K8: loc | L8: scale | M8: minimum | N8: maximum
A9: =B1 -> [M+C] Bauxite mining - Global | B9: =B2 -> Bauxite | C9: =B3 -> GLO | D9: 1 | E9: kilogram | F9: =Al_Market_GLO!B1 -> Aluminium | G9: production
A10: market for heavy fuel oil | B10: heavy fuel oil | C10: RoW | D10: 0.00013648749 | E10: kilogram | F10: ecoinvent 3.10 cutoff | G10: technosphere | J10: (1,4,2,1,1)
A11: market for diesel, burned in building machine | B11: diesel, burned in building machine | C11: GLO | D11: 0.079353336 | E11: megajoule | F11: ecoinvent 3.10 cutoff | G11: technosphere | J11: (1,4,2,1,1)
A12: market group for natural gas, high pressure | B12: natural gas, high pressure | C12: GLO | D12: 2.7084316e-05 | E12: cubic meter | F12: ecoinvent 3.10 cutoff | G12: technosphere | J12: (1,4,2,1,1)
A13: market for hard coal briquettes | B13: hard coal briquettes | C13: RoW | D13: 0.021927162 | E13: megajoule | F13: ecoinvent 3.10 cutoff | G13: technosphere | J13: (1,4,2,1,1)
A14: market group for electricity, medium voltage | B14: electricity, medium voltage | C14: GLO | D14: 0.0063808964 | E14: kilowatt hour | F14: ecoinvent 3.10 cutoff | G14: technosphere | J14: (1,4,2,1,1)
A15: market for electricity, medium voltage, renewable energy products | B15: electricity, medium voltage, renewable energy products | C15: CH | D15: 1.7699132e-06 | E15: kilowatt hour | F15: ecoinvent 3.10 cutoff | G15: technosphere | J15: (1,4,2,1,1)
A16: market for inert waste, for final disposal | B16: inert waste, for final disposal | C16: RoW | D16: -6.2589073e-05 | E16: kilogram | F16: ecoinvent 3.10 cutoff | G16: technosphere | J16: (1,4,2,1,1)
A17: market for non-sulfidic overburden, off-site | B17: non-sulfidic overburden, off-site | C17: GLO | D17: -0.37627302 | E17: kilogram | F17: ecoinvent 3.10 cutoff | G17: technosphere | J17: (1,4,2,1,1)
A18: market for hazardous waste, for incineration | B18: hazardous waste, for incineration | C18: RoW | D18: -3.6413434e-05 | E18: kilogram | F18: ecoinvent 3.10 cutoff | G18: technosphere | J18: (1,4,2,1,1)
A19: Water, unspecified natural origin | D19: 0.00046917403 | E19: cubic meter | F19: biosphere3 | G19: biosphere | H19: natural resource::in ground | J19: (1,4,2,1,1)
A20: Water, salt, ocean | D20: 0.00025078697 | E20: cubic meter | F20: biosphere3 | G20: biosphere | H20: natural resource::in water | J20: (1,4,2,1,1)
A21: Water, unspecified natural origin | D21: 0.00066421594 | E21: cubic meter | F21: biosphere3 | G21: biosphere | H21: natural resource::in ground | J21: (1,4,2,1,1)
A22: Water, salt, ocean | D22: 1.2410904e-05 | E22: cubic meter | F22: biosphere3 | G22: biosphere | H22: natural resource::in water | J22: (1,4,2,1,1)
A23: Transformation, from forest, unspecified | D23: 0.00034245319 | E23: square meter | F23: biosphere3 | G23: biosphere | H23: natural resource::land | J23: (1,4,2,1,1)
A24: Transformation, to mineral extraction site | D24: 0.00034245319 | E24: square meter | F24: biosphere3 | G24: biosphere | H24: natural resource::land | J24: (1,4,2,1,1)
A25: Occupation, mineral extraction site | D25: 7.9250893e-11 | E25: square meter-year | F25: biosphere3 | G25: biosphere | H25: natural resource::land | J25: (1,5,2,1,1)
A26: Particulate Matter, > 2.5 um and < 10um | D26: 0.00017555274 | E26: kilogram | F26: biosphere3 | G26: biosphere | H26: air | J26: (1,4,2,1,1)
A27: Sulfur dioxide | D27: 1.3108487e-07 | E27: kilogram | F27: biosphere3 | G27: biosphere | H27: air | J27: (1,5,2,1,1)
A28: Nitrogen oxides | D28: 6.1064826e-05 | E28: kilogram | F28: biosphere3 | G28: biosphere | H28: air | J28: (1,4,2,1,1)
A29: Water | D29: 8.018378e-05 | E29: cubic meter | F29: biosphere3 | G29: biosphere | H29: water | J29: (1,4,2,1,1)
A30: Water | D30: 0.00023837606 | E30: cubic meter | F30: biosphere3 | G30: biosphere | H30: water::ocean | J30: (1,4,2,1,1)
A32: Activity | B32: [P] Alumina production - Global
A33: reference product | B33: Alumina
A34: location | B34: GLO
A35: amount | B35: 1
A36: unit | B36: kilogram
A37: comment | B37: n/a
A38: Exchanges
A39: name | B39: reference product | C39: location | D39: amount | E39: unit | F39: database | G39: type | H39: categories | I39: uncertainty type | J39: pedigree | K39: loc | L39: scale | M39: minimum | N39: maximum
A40: =B32 -> [P] Alumina production - Global | B40: =B33 -> Alumina | C40: =B34 -> GLO | D40: 1 | E40: kilogram | F40: =F9 -> Aluminium | G40: production
A41: market for transport, freight, sea, container ship | B41: transport, freight, sea, container ship | C41: GLO | D41: 4.3053047 | E41: ton kilometer | F41: ecoinvent 3.10 cutoff | G41: technosphere | J41: (1,4,2,1,1)
A42: market for transport, freight, lorry >32 metric ton, EURO5 | B42: transport, freight, lorry >32 metric ton, EURO5 | C42: RoW | D42: 0.021915306 | E42: ton kilometer | F42: ecoinvent 3.10 cutoff | G42: technosphere | J42: (1,4,2,1,1)
A43: market for transport, freight train | B43: transport, freight train | C43: RoW | D43: 0.56577779 | E43: ton kilometer | F43: ecoinvent 3.10 cutoff | G43: technosphere | J43: (1,4,2,1,1)
A44: market for sodium hydroxide, without water, in 50% solution state | B44: sodium hydroxide, without water, in 50% solution state | C44: RoW | D44: 0.081031946 | E44: kilogram | F44: ecoinvent 3.10 cutoff | G44: technosphere | J44: (1,4,2,1,1)
A45: market for lime, packed | B45: lime, packed | C45: RoW | D45: 0.052297974 | E45: kilogram | F45: ecoinvent 3.10 cutoff | G45: technosphere | J45: (1,4,2,1,1)
A46: market for heavy fuel oil | B46: heavy fuel oil | C46: RoW | D46: 0.020048433 | E46: kilogram | F46: ecoinvent 3.10 cutoff | G46: technosphere | J46: (1,2,2,1,1)
A47: market for diesel, burned in building machine | B47: diesel, burned in building machine | C47: GLO | D47: 0.0070123389 | E47: megajoule | F47: ecoinvent 3.10 cutoff | G47: technosphere | J47: (1,2,2,1,1)
A48: market group for natural gas, high pressure | B48: natural gas, high pressure | C48: GLO | D48: 0.061031736 | E48: cubic meter | F48: ecoinvent 3.10 cutoff | G48: technosphere | J48: (1,2,2,1,1)
A49: market for hard coal briquettes | B49: hard coal briquettes | C49: RoW | D49: 6.4144496 | E49: megajoule | F49: ecoinvent 3.10 cutoff | G49: technosphere | J49: (1,2,2,1,1)
A50: market group for electricity, medium voltage | B50: electricity, medium voltage | C50: GLO | D50: 0.15190868 | E50: kilowatt hour | F50: ecoinvent 3.10 cutoff | G50: technosphere | J50: (1,2,2,1,1)
A51: market for electricity, medium voltage, renewable energy products | B51: electricity, medium voltage, renewable energy products | C51: CH | D51: 0.046739884 | E51: kilowatt hour | F51: ecoinvent 3.10 cutoff | G51: technosphere | J51: (1,2,2,1,1)
A52: market for redmud from bauxite digestion | B52: redmud from bauxite digestion | C52: RoW | D52: -0.011820386 | E52: kilogram | F52: ecoinvent 3.10 cutoff | G52: technosphere | J52: (1,5,2,1,1)
... A56: market for hazardous waste, for incineration | B56: hazardous waste, for incineration | C56: RoW | D56: -0.0078523378 | E56: kilogram | F56: ecoinvent 3.10 cutoff | G56: technosphere | J56: (1,4,2,1,1)
A57: Water, unspecified natural origin | D57: 0.0048197942 | E57: cubic meter | F57: biosphere3 | G57: biosphere | H57: natural resource::in ground | J57: (1,4,2,1,1)
A58: Water, salt, ocean | D58: 0.0020717014 | E58: cubic meter | F58: biosphere3 | G58: biosphere | H58: natural resource::in water | J58: (1,4,2,1,1)
A59: Water, unspecified natural origin | D59: 0.0028080992 | E59: cubic meter | F59: biosphere3 | G59: biosphere | H59: natural resource::in ground | J59: (1,4,2,1,1)
A60: Water, salt, ocean | D60: 9.2751651e-05 | E60: cubic meter | F60: biosphere3 | G60: biosphere | H60: natural resource::in water | J60: (1,4,2,1,1)
A61: Transformation, from pasture, man made | D61: 0.0010265535 | E61: square meter | F61: biosphere3 | G61: biosphere | H61: natural resource::land | J61: (1,4,2,1,1)
A62: Transformation, to mineral extraction site | D62: 0.0010265535 | E62: square meter | F62: biosphere3 | G62: biosphere | H62: natural resource::land | J62: (1,4,2,1,1)
A63: Occupation, mineral extraction site | D63: 1.2262303e-08 | E63: square meter-year | F63: biosphere3 | G63: biosphere | H63: natural resource::land | J63: (1,4,2,1,1)
A64: Particulate Matter, > 2.5 um and < 10um | D64: 0.00038294543 | E64: kilogram | F64: biosphere3 | G64: biosphere | H64: air | J64: (1,4,2,1,1)
A65: Sulfur dioxide | D65: 0.00070839732 | E65: kilogram | F65: biosphere3 | G65: biosphere | H65: air | J65: (1,4,2,1,1)
A66: Nitrogen oxides | D66: 0.00065657002 | E66: kilogram | F66: biosphere3 | G66: biosphere | H66: air | J66: (1,4,2,1,1)
A67: Mercury II | D67: 0.00012330536 | E67: kilogram | F67: biosphere3 | G67: biosphere | H67: air | J67: (1,5,2,1,1)
A68: Sulfur hexafluoride | D68: 1.3965528e-08 | E68: kilogram | F68: biosphere3 | G68: biosphere | H68: air | J68: (1,5,2,1,1)
... A73: Mercury II | D73: 1.3617369e-07 | E73: kilogram | F73: biosphere3 | G73: biosphere | H73: water | J73: (1,5,2,1,1)
A75: Activity | B75: Global alumina production
A76: reference product | B76: Alumina
A77: location | B77: GLO
A78: amount | B78: 1
A79: unit | B79: kilogram
A80: comment | B80: n/a
A81: Exchanges
A82: name | B82: reference product | C82: location | D82: amount | E82: unit | F82: database | G82: type | H82: categories | I82: uncertainty type | J82: pedigree | K82: loc | L82: scale | M82: minimum | N82: maximum
A83: =B75 -> Global alumina production | B83: =B76 -> Alumina | C83: =B77 -> GLO | D83: 1 | E83: =B79 -> kilogram | F83: =F40 -> Aluminium | G83: production
A84: =A40 -> [P] Alumina production - Global | B84: =B40 -> Alumina | C84: =C40 -> GLO | D84: 1 | E84: =E40 -> kilogram | F84: =F40 -> Aluminium | G84: technosphere
A85: =A9 -> [M+C] Bauxite mining - Global | B85: =B9 -> Bauxite | C85: =C9 -> GLO | D85: 2.6852706 | E85: =E9 -> kilogram | F85: =F9 -> Aluminium | G85: technosphere

Sheet PR1_Al_SAM
A1: Activity | B1: [M+C] Bauxite mining
A2: reference product | B2: Bauxite
A3: location | B3: South America
A4: amount | B4: 1
A5: unit | B5: kilogram
A6: comment | B6: n/a
A7: Exchanges
A8: name | B8: reference product | C8: location | D8: amount | E8: unit | F8: database | G8: type | H8: categories | I8: uncertainty type | J8: pedigree | K8: loc | L8: scale | M8: minimum | N8: maximum
A9: =B1 -> [M+C] Bauxite mining | B9: =B2 -> Bauxite | C9: =B3 -> South America | D9: 1 | E9: kilogram | F9: =Al_Market_GLO!B1 -> Aluminium | G9: production
A10: market for heavy fuel oil | B10: heavy fuel oil | C10: RoW | D10: 0.00047314293 | E10: kilogram | F10: ecoinvent 3.10 cutoff | G10: technosphere | J10: (1,4,2,1,1)
A11: market for diesel, burned in building machine | B11: diesel, burned in building machine | C11: GLO | D11: 0.16483149 | E11: megajoule | F11: ecoinvent 3.10 cutoff | G11: technosphere | J11: (1,4,2,1,1)
A12: market for electricity, medium voltage, aluminium industry | B12: electricity, medium voltage, aluminium industry | C12: IAI Area, South America | D12: 0.0010637542 | E12: kilowatt hour | F12: ecoinvent 3.10 cutoff | G12: technosphere | J12: (1,4,2,1,1)
A13: market for inert waste, for final disposal | B13: inert waste, for final disposal | C13: RoW | D13: -0.00013643675 | E13: kilogram | F13: ecoinvent 3.10 cutoff | G13: technosphere | J13: (1,5,2,1,1)
A14: market for non-sulfidic overburden, off-site | B14: non-sulfidic overburden, off-site | C14: GLO | D14: -0.0069631169 | E14: kilogram | F14: ecoinvent 3.10 cutoff | G14: technosphere | J14: (1,5,2,1,1)
A15: market for hazardous waste, for incineration | B15: hazardous waste, for incineration | C15: RoW | D15: -3.1379562e-08 | E15: kilogram | F15: ecoinvent 3.10 cutoff | G15: technosphere | J15: (1,5,2,1,1)
A16: Water, unspecified natural origin | D16: 0.0010353374 | E16: cubic meter | F16: biosphere3 | G16: biosphere | H16: natural resource::in ground | J16: (1,4,2,1,1)
A17: Transformation, from forest, unspecified | D17: 0.0005135046 | E17: square meter | F17: biosphere3 | G17: biosphere | H17: natural resource::land | J17: (1,5,2,1,1)
A18: Transformation, to mineral extraction site | D18: 0.0005135046 | E18: square meter | F18: biosphere3 | G18: biosphere | H18: natural resource::land | J18: (1,5,2,1,1)
A19: Occupation, mineral extraction site | D19: 7.1195153e-10 | E19: square meter-year | F19: biosphere3 | G19: biosphere | H19: natural resource::land | J19: (1,5,2,1,1)
A20: Particulate Matter, > 2.5 um and < 10um | D20: 6.95042e-07 | E20: kilogram | F20: biosphere3 | G20: biosphere | H20: air | J20: (1,5,2,1,1)
A21: Sulfur dioxide | D21: 6.1187458e-07 | E21: kilogram | F21: biosphere3 | G21: biosphere | H21: air | J21: (1,5,2,1,1)
A22: Nitrogen oxides | D22: 0.00010297042 | E22: kilogram | F22: biosphere3 | G22: biosphere | H22: air | J22: (1,5,2,1,1)
A23: Water | D23: 0.00031550452 | E23: cubic meter | F23: biosphere3 | G23: biosphere | H23: water | J23: (1,5,2,1,1)
A25: Activity | B25: [P] Alumina production
A26: reference product | B26: Alumina
A27: location | B27: South America
A28: amount | B28: 1
A29: unit | B29: kilogram
A30: comment | B30: n/a
A31: Exchanges
A32: name | B32: reference product | C32: location | D32: amount | E32: unit | F32: database | G32: type | H32: categories | I32: uncertainty type | J32: pedigree | K32: loc | L32: scale | M32: minimum | N32: maximum
A33: =B25 -> [P] Alumina production | B33: =B26 -> Alumina | C33: =B27 -> South America | D33: 1 | E33: kilogram | F33: =F9 -> Aluminium | G33: production
A34: market for transport, freight, sea, container ship | B34: transport, freight, sea, container ship | C34: GLO | D34: 2.9048363 | E34: ton kilometer | F34: ecoinvent 3.10 cutoff | G34: technosphere | J34: (1,4,2,1,1)
A35: market for transport, freight, lorry >32 metric ton, EURO5 | B35: transport, freight, lorry >32 metric ton, EURO5 | C35: RoW | D35: 0.01034096 | E35: ton kilometer | F35: ecoinvent 3.10 cutoff | G35: technosphere | J35: (1,4,2,1,1)
A36: market for transport, freight train | B36: transport, freight train | C36: RoW | D36: 0.559626 | E36: ton kilometer | F36: ecoinvent 3.10 cutoff | G36: technosphere | J36: (1,4,2,1,1)
A37: market for sodium hydroxide, without water, in 50% solution state | B37: sodium hydroxide, without water, in 50% solution state | C37: RoW | D37: 0.099147693 | E37: kilogram | F37: ecoinvent 3.10 cutoff | G37: technosphere | J37: (1,4,2,1,1)
A38: market for lime, packed | B38: lime, packed | C38: RoW | D38: 0.01415097 | E38: kilogram | F38: ecoinvent 3.10 cutoff | G38: technosphere | J38: (1,4,2,1,1)
A39: market for heavy fuel oil | B39: heavy fuel oil | C39: RoW | D39: 0.10673362 | E39: kilogram | F39: ecoinvent 3.10 cutoff | G39: technosphere | J39: (1,2,2,1,1)
A40: market for diesel, burned in building machine | B40: diesel, burned in building machine | C40: GLO | D40: 0.0053720494 | E40: megajoule | F40: ecoinvent 3.10 cutoff | G40: technosphere | J40: (1,2,2,1,1)
A41: market for natural gas, high pressure | B41: natural gas, high pressure | C41: RoW | D41: 0.015190987 | E41: cubic meter | F41: ecoinvent 3.10 cutoff | G41: technosphere | J41: (1,2,2,1,1)
A42: market for hard coal briquettes | B42: hard coal briquettes | C42: RoW | D42: 2.9074008 | E42: megajoule | F42: ecoinvent 3.10 cutoff | G42: technosphere | J42: (1,2,2,1,1)
A43: market for electricity, medium voltage, aluminium industry | B43: electricity, medium voltage, aluminium industry | C43: IAI Area, South America | D43: 0.11095468 | E43: kilowatt hour | F43: ecoinvent 3.10 cutoff | G43: technosphere | J43: (1,2,2,1,1)
A44: market for redmud from bauxite digestion | B44: redmud from bauxite digestion | C44: RoW | D44: -0.00025424966 | E44: kilogram | F44: ecoinvent 3.10 cutoff | G44: technosphere | J44: (1,2,2,1,1)
A45: market for redmud from bauxite digestion | B45: redmud from bauxite digestion | C45: RoW | D45: -0.80128644 | E45: kilogram | F45: ecoinvent 3.10 cutoff | G45: technosphere | J45: (1,1,2,1,1)
... A47: market for hazardous waste, for incineration | B47: hazardous waste, for incineration | C47: RoW | D47: -0.0085895895 | E47: kilogram | F47: ecoinvent 3.10 cutoff | G47: technosphere | J47: (1,4,2,1,1)
A48: Water, unspecified natural origin | D48: 0.0027548618 | E48: cubic meter | F48: biosphere3 | G48: biosphere | H48: natural resource::in ground | J48: (1,4,2,1,1)
A49: Transformation, from forest, unspecified | D49: 0.00075048441 | E49: square meter | F49: biosphere3 | G49: biosphere | H49: natural resource::land | J49: (1,1,2,1,1)
A50: Transformation, to mineral extraction site | D50: 0.00075048441 | E50: square meter | F50: biosphere3 | G50: biosphere | H50: natural resource::land | J50: (1,1,2,1,1)
A51: Occupation, mineral extraction site | D51: 3.0739635e-09 | E51: square meter-year | F51: biosphere3 | G51: biosphere | H51: natural resource::land | J51: (1,1,2,1,1)
A52: Particulate Matter, > 2.5 um and < 10um | D52: 0.00011581254 | E52: kilogram | F52: biosphere3 | G52: biosphere | H52: air | J52: (1,4,2,1,1)
A53: Sulfur dioxide | D53: 0.0018251592 | E53: kilogram | F53: biosphere3 | G53: biosphere | H53: air | J53: (1,4,2,1,1)
A54: Nitrogen oxides | D54: 0.0010100935 | E54: kilogram | F54: biosphere3 | G54: biosphere | H54: air | J54: (1,4,2,1,1)
A55: Mercury II | D55: 1.2009763e-07 | E55: kilogram | F55: biosphere3 | G55: biosphere | H55: air | J55: (1,4,2,1,1)
A56: Sulfur hexafluoride | D56: 3.9947758e-09 | E56: kilogram | F56: biosphere3 | G56: biosphere | H56: air | J56: (1,4,2,1,1)
A57: Water | D57: 0.00094483929 | E57: cubic meter | F57: biosphere3 | G57: biosphere | H57: water | J57: (1,4,2,1,1)
A59: Activity | B59: [P] Anode/Paste production
A60: reference product | B60: Anode/Paste
A61: location | B61: South America
A62: amount | B62: 1
A63: unit | B63: kilogram
A64: comment | B64: n/a
A65: Exchanges
A66: name | B66: reference product | C66: location | D66: amount | E66: unit | F66: database | G66: type | H66: categories | I66: uncertainty type | J66: pedigree | K66: loc | L66: scale | M66: minimum | N66: maximum
A67: =B59 -> [P] Anode/Paste production | B67: =B60 -> Anode/Paste | C67: =B61 -> South America | D67: 1 | E67: kilogram | F67: =F33 -> Aluminium | G67: production
A68: market for petroleum coke | B68: petroleum coke | C68: GLO | D68: 0.8714221 | E68: kilogram | F68: ecoinvent 3.10 cutoff | G68: technosphere | J68: (1,1,2,1,1)
A69: market for pitch | B69: pitch | C69: RoW | D69: 0.19116137 | E69: kilogram | F69: ecoinvent 3.10 cutoff | G69: technosphere | J69: (1,1,2,1,1)
A70: market for refractory, high aluminium oxide, packed | B70: refractory, high aluminium oxide, packed | C70: GLO | D70: 0.00075141056 | E70: kilogram | F70: ecoinvent 3.10 cutoff | G70: technosphere | J70: (1,3,2,1,1)
A71: market for steel, low-alloyed | B71: steel, low-alloyed | C71: GLO | D71: 0.00093621695 | E71: kilogram | F71: ecoinvent 3.10 cutoff | G71: technosphere | J71: (1,3,2,1,1)
A72: market for heavy fuel oil | B72: heavy fuel oil | C72: RoW | D72: 0.024246683 | E72: kilogram | F72: ecoinvent 3.10 cutoff | G72: technosphere | J72: (1,1,2,1,1)
A73: market for natural gas, high pressure | B73: natural gas, high pressure | C73: RoW | D73: 0.028462017 | E73: cubic meter | F73: ecoinvent 3.10 cutoff | G73: technosphere | J73: (1,1,2,1,1)
A74: market for electricity, medium voltage, aluminium industry | B74: electricity, medium voltage, aluminium industry | C74: IAI Area, South America | D74: 0.15144367 | E74: kilowatt hour | F74: ecoinvent 3.10 cutoff | G74: technosphere | J74: (1,1,2,1,1)
A75: market for refractory spent pot liner from Al electrolysis | B75: refractory spent pot liner from Al electrolysis | C75: RoW | D75: -0.0018987198 | E75: kilogram | F75: ecoinvent 3.10 cutoff | G75: technosphere | J75: (1,1,2,1,1)
A76: treatment of scrap steel, inert material landfill | B76: scrap steel | C76: RoW | D76: -0.0031958729 | E76: kilogram | F76: ecoinvent 3.10 cutoff | G76: technosphere | J76: (1,3,2,1,1)
A77: market for spent pot liner from Al electrolysis, carbon fraction | B77: spent pot liner from Al electrolysis, carbon fraction | C77: RoW | D77: -0.016255384 | E77: kilogram | F77: ecoinvent 3.10 cutoff | G77: technosphere | J77: (1,1,2,1,1)
A78: market for refractory spent pot liner from Al electrolysis | B78: refractory spent pot liner from Al electrolysis | C78: RoW | D78: -0.00057904787 | E78: kilogram | F78: ecoinvent 3.10 cutoff | G78: technosphere | J78: (1,3,2,1,1)
A79: market for inert waste, for final disposal | B79: inert waste, for final disposal | C79: RoW | D79: -0.0094411479 | E79: kilogram | F79: ecoinvent 3.10 cutoff | G79: technosphere | J79: (1,1,2,1,1)
A80: market for hazardous waste, for incineration | B80: hazardous waste, for incineration | C80: RoW | D80: -0.0094411479 | E80: kilogram | F80: ecoinvent 3.10 cutoff | G80: technosphere | J80: (1,1,2,1,1)
A81: Water, unspecified natural origin | D81: 6.4898191e-05 | E81: cubic meter | F81: biosphere3 | G81: biosphere | H81: natural resource::in ground | J81: (1,5,2,1,1)
A82: Particulate Matter, > 2.5 um and < 10um | D82: 6.1615576e-05 | E82: kilogram | F82: biosphere3 | G82: biosphere | H82: air | J82: (1,1,2,1,1)
A83: Sulfur dioxide | D83: 0.00087723 | E83: kilogram | F83: biosphere3 | G83: biosphere | H83: air | J83: (1,1,2,1,1)
A84: Nitrogen oxides | D84: 0.00067357053 | E84: kilogram | F84: biosphere3 | G84: biosphere | H84: air | J84: (1,3,2,1,1)
A85: Particulate Matter, > 2.5 um and < 10um | D85: 6.3821948e-06 | E85: kilogram | F85: biosphere3 | G85: biosphere | H85: air | J85: (1,1,2,1,1)
A86: Hydrogen fluoride | D86: 1.1023469e-05 | E86: kilogram | F86: biosphere3 | G86: biosphere | H86: air | J86: (1,1,2,1,1)
A87: PAH, polycyclic aromatic hydrocarbons | D87: 2.5796318e-06 | E87: kilogram | F87: biosphere3 | G87: biosphere | H87: air | J87: (1,3,2,1,1)
A89: Activity | B89: [R] Electrolysis
A90: reference product | B90: Liquid aluminium (Al)
A91: location | B91: South America
A92: amount | B92: 1
A93: unit | B93: kilogram
A94: comment | B94: n/a
A95: Exchanges
A96: name | B96: reference product | C96: location | D96: amount | E96: unit | F96: database | G96: type | H96: categories | I96: uncertainty type | J96: pedigree | K96: loc | L96: scale | M96: minimum | N96: maximum
A97: =B89 -> [R] Electrolysis | B97: =B90 -> Liquid aluminium (Al) | C97: =B91 -> South America | D97: 1 | E97: kilogram | F97: =F67 -> Aluminium | G97: production
A98: market for transport, freight, sea, container ship | B98: transport, freight, sea, container ship | C98: GLO | D98: 8.4005372 | E98: ton kilometer | F98: ecoinvent 3.10 cutoff | G98: technosphere | J98: (1,1,2,1,1)
A99: market for transport, freight, lorry >32 metric ton, EURO5 | B99: transport, freight, lorry >32 metric ton, EURO5 | C99: RoW | D99: 0.0020714306 | E99: ton kilometer | F99: ecoinvent 3.10 cutoff | G99: technosphere | J99: (1,3,2,1,1)
A100: market for refractory, high aluminium oxide, packed | B100: refractory, high aluminium oxide, packed | C100: GLO | D100: 0.0064266504 | E100: kilogram | F100: ecoinvent 3.10 cutoff | G100: technosphere | J100: (1,3,2,1,1)
A101: market for steel, low-alloyed | B101: steel, low-alloyed | C101: GLO | D101: 0.0059857804 | E101: kilogram | F101: ecoinvent 3.10 cutoff | G101: technosphere | J101: (1,3,2,1,1)
A102: market for cathode, for aluminium electrolysis | B102: cathode, for aluminium electrolysis | C102: GLO | D102: 0.0059807862 | E102: kilogram | F102: ecoinvent 3.10 cutoff | G102: technosphere | J102: (1,1,2,1,1)
A103: market for aluminium fluoride | B103: aluminium fluoride | C103: GLO | D103: 0.020454727 | E103: kilogram | F103: ecoinvent 3.10 cutoff | G103: technosphere | J103: (1,1,2,1,1)
A104: market for electricity, medium voltage, aluminium industry | B104: electricity, medium voltage, aluminium industry | C104: IAI Area, South America | D104: 15.50972 | E104: kilowatt hour | F104: ecoinvent 3.10 cutoff | G104: technosphere | J104: (1,1,2,1,1)
...

Sheet PR2_Al_OCA
A1: Activity | B1: [M+C] Bauxite mining
A2: reference product | B2: Bauxite
A3: location | B3: Oceania
A4: amount | B4: 1
A5: unit | B5: kilogram
A6: comment | B6: n/a
A7: Exchanges
A8: name | B8: reference product | C8: location | D8: amount | E8: unit | F8: database | G8: type | H8: categories | I8: uncertainty type | J8: pedigree | K8: loc | L8: scale | M8: minimum | N8: maximum
A9: =B1 -> [M+C] Bauxite mining | B9: =B2 -> Bauxite | C9: =B3 -> Oceania | D9: 1 | E9: kilogram | F9: =Al_Market_GLO!B1 -> Aluminium | G9: production
A10: market for diesel, burned in building machine | B10: diesel, burned in building machine | C10: GLO | D10: 0.06345037 | E10: megajoule | F10: ecoinvent 3.10 cutoff | G10: technosphere | J10: (1,1,2,1,1)
A11: market for natural gas, high pressure | B11: natural gas, high pressure | C11: AU | D11: 2.5998297e-06 | E11: cubic meter | F11: ecoinvent 3.10 cutoff | G11: technosphere | J11: (1,3,2,1,1)
A12: market for hard coal | B12: hard coal | C12: AU | D12: 0.00093132232 | E12: kilogram | F12: ecoinvent 3.10 cutoff | G12: technosphere | J12: (1,3,2,1,1)
A13: market for electricity, medium voltage | B13: electricity, medium voltage | C13: AU | D13: 0.0024285424 | E13: kilowatt hour | F13: ecoinvent 3.10 cutoff | G13: technosphere | J13: (1,2,2,1,1)
A14: market for electricity, medium voltage, renewable energy products | B14: electricity, medium voltage, renewable energy products | C14: CH | D14: 1.7699132e-06 | E14: kilowatt hour | F14: ecoinvent 3.10 cutoff | G14: technosphere | J14: (1,4,2,1,1)
A15: market for inert waste, for final disposal | B15: inert waste, for final disposal | C15: RoW | D15: -5.3851188e-05 | E15: kilogram | F15: ecoinvent 3.10 cutoff | G15: technosphere | J15: (1,2,2,1,1)
A16: market for non-sulfidic overburden, off-site | B16: non-sulfidic overburden, off-site | C16: GLO | D16: -0.060863169 | E16: kilogram | F16: ecoinvent 3.10 cutoff | G16: technosphere | J16: (1,2,2,1,1)
A17: market for hazardous waste, for incineration | B17: hazardous waste, for incineration | C17: RoW | D17: -1.7600897e-08 | E17: kilogram | F17: ecoinvent 3.10 cutoff | G17: technosphere | J17: (1,2,2,1,1)
A18: Water, unspecified natural origin | D18: 0.00045279913 | E18: cubic meter | F18: biosphere3 | G18: biosphere | H18: natural resource::in ground | J18: (1,1,2,1,1)
A19: Water, salt, ocean | D19: 0.00026184478 | E19: cubic meter | F19: biosphere3 | G19: biosphere | H19: natural resource::in water | J19: (1,1,2,1,1)
A20: Transformation, from forest, unspecified | D20: 0.00035847276 | E20: square meter | F20: biosphere3 | G20: biosphere | H20: natural resource::land | J20: (1,3,2,1,1)
A21: Transformation, to mineral extraction site | D21: 0.00035847276 | E21: square meter | F21: biosphere3 | G21: biosphere | H21: natural resource::land | J21: (1,3,2,1,1)
A22: Occupation, mineral extraction site | D22: 1.5304876e-10 | E22: square meter-year | F22: biosphere3 | G22: biosphere | H22: natural resource::land | J22: (1,3,2,1,1)
A23: Particulate Matter, > 2.5 um and < 10um | D23: 0.0001853825 | E23: kilogram | F23: biosphere3 | G23: biosphere | H23: air | J23: (1,1,2,1,1)
A24: Sulfur dioxide | D24: 1.7018011e-08 | E24: kilogram | F24: biosphere3 | G24: biosphere | H24: air | J24: (1,4,2,1,1)
A25: Nitrogen oxides | D25: 5.7675067e-05 | E25: kilogram | F25: biosphere3 | G25: biosphere | H25: air | J25: (1,2,2,1,1)
A26: Water, unspecified natural origin | D26: 9.1553345e-05 | E26: cubic meter | F26: biosphere3 | G26: biosphere | H26: water::in ground | J26: (1,1,2,1,1)
A27: Water | D27: 0.00026184478 | E27: cubic meter | F27: biosphere3 | G27: biosphere | H27: water::ocean | J27: (1,1,2,1,1)
A29: Activity | B29: [P] Alumina production
A30: reference product | B30: Alumina
A31: location | B31: Oceania
A32: amount | B32: 1
A33: unit | B33: kilogram
A34: comment | B34: n/a
A35: Exchanges
A36: name | B36: reference product | C36: location | D36: amount | E36: unit | F36: database | G36: type | H36: categories | I36: uncertainty type | J36: pedigree | K36: loc | L36: scale | M36: minimum | N36: maximum
A37: =B29 -> [P] Alumina production | B37: =B30 -> Alumina | C37: =B31 -> Oceania | D37: 1 | E37: kilogram | F37: =F9 -> Aluminium | G37: production
A38: market for transport, freight, sea, container ship | B38: transport, freight, sea, container ship | C38: GLO | D38: 1.24875 | E38: ton kilometer | F38: ecoinvent 3.10 cutoff | G38: technosphere | J38: (1,1,2,1,1)
A39: market for transport, freight train | B39: transport, freight train | C39: RoW | D39: 0.081 | E39: ton kilometer | F39: ecoinvent 3.10 cutoff | G39: technosphere | J39: (1,1,2,1,1)
A40: market for sodium hydroxide, without water, in 50% solution state | B40: sodium hydroxide, without water, in 50% solution state | C40: RoW | D40: 0.075376882 | E40: kilogram | F40: ecoinvent 3.10 cutoff | G40: technosphere | J40: (1,1,2,1,1)
A41: market for lime, packed | B41: lime, packed | C41: RoW | D41: 0.042381483 | E41: kilogram | F41: ecoinvent 3.10 cutoff | G41: technosphere | J41: (1,1,2,1,1)
A42: market for heavy fuel oil | B42: heavy fuel oil | C42: RoW | D42: 0.00023226091 | E42: kilogram | F42: ecoinvent 3.10 cutoff | G42: technosphere | J42: (1,1,2,1,1)
A43: market for diesel, burned in building machine | B43: diesel, burned in building machine | C43: GLO | D43: 0.014433816 | E43: megajoule | F43: ecoinvent 3.10 cutoff | G43: technosphere | J43: (1,1,2,1,1)
A44: market for natural gas, high pressure | B44: natural gas, high pressure | C44: AU | D44: 0.15862276 | E44: cubic meter | F44: ecoinvent 3.10 cutoff | G44: technosphere | J44: (1,1,2,1,1)
A45: market for hard coal briquettes | B45: hard coal briquettes | C45: RoW | D45: 3.1144668 | E45: megajoule | F45: ecoinvent 3.10 cutoff | G45: technosphere | J45: (1,1,2,1,1)
A46: market for electricity, medium voltage | B46: electricity, medium voltage | C46: AU | D46: 0.085208926 | E46: kilowatt hour | F46: ecoinvent 3.10 cutoff | G46: technosphere | J46: (1,1,2,1,1)
A47: market for electricity, medium voltage, renewable energy products | B47: electricity, medium voltage, renewable energy products | C47: CH | D47: 0.17859947 | E47: kilowatt hour | F47: ecoinvent 3.10 cutoff | G47: technosphere | J47: (1,1,2,1,1)
A48: market for redmud from bauxite digestion | B48: redmud from bauxite digestion | C48: RoW | D48: -0.0082315104 | E48: kilogram | F48: ecoinvent 3.10 cutoff | G48: technosphere | J48: (1,3,2,1,1)
A49: market for inert waste, for final disposal | B49: inert waste, for final disposal | C49: RoW | D49: -0.00041246595 | E49: kilogram | F49: ecoinvent 3.10 cutoff | G49: technosphere | J49: (1,4,2,1,1)
... A52: market for hazardous waste, for incineration | B52: hazardous waste, for incineration | C52: RoW | D52: -0.0044612229 | E52: kilogram | F52: ecoinvent 3.10 cutoff | G52: technosphere | J52: (1,1,2,1,1)
A53: Water, unspecified natural origin | D53: 0.0027754369 | E53: cubic meter | F53: biosphere3 | G53: biosphere | H53: natural resource::in ground | J53: (1,1,2,1,1)
A54: Water, salt, ocean | D54: 0.0029875373 | E54: cubic meter | F54: biosphere3 | G54: biosphere | H54: natural resource::in water | J54: (1,1,2,1,1)
A55: Transformation, from forest, unspecified | D55: 0.0010412453 | E55: square meter | F55: biosphere3 | G55: biosphere | H55: natural resource::land | J55: (1,1,2,1,1)
A56: Transformation, to mineral extraction site | D56: 0.0010412453 | E56: square meter | F56: biosphere3 | G56: biosphere | H56: natural resource::land | J56: (1,1,2,1,1)
A57: Occupation, mineral extraction site | D57: 8.0717876e-09 | E57: square meter-year | F57: biosphere3 | G57: biosphere | H57: natural resource::land | J57: (1,3,2,1,1)
A58: Particulate Matter, > 2.5 um and < 10um | D58: 0.0005415434 | E58: kilogram | F58: biosphere3 | G58: biosphere | H58: air | J58: (1,1,2,1,1)
A59: Sulfur dioxide | D59: 0.00077264686 | E59: kilogram | F59: biosphere3 | G59: biosphere | H59: air | J59: (1,1,2,1,1)
A60: Nitrogen oxides | D60: 0.00079236588 | E60: kilogram | F60: biosphere3 | G60: biosphere | H60: air | J60: (1,1,2,1,1)
A61: Mercury II | D61: 1.4271678e-07 | E61: kilogram | F61: biosphere3 | G61: biosphere | H61: air | J61: (1,4,2,1,1)
A62: Sulfur hexafluoride | D62: 1.8628506e-08 | E62: kilogram | F62: biosphere3 | G62: biosphere | H62: air | J62: (1,2,2,1,1)
A63: Water | D63: 0.00069835905 | E63: cubic meter | F63: biosphere3 | G63: biosphere | H63: water | J63: (1,1,2,1,1)
A64: Water | D64: 0.0028355623 | E64: cubic meter | F64: biosphere3 | G64: biosphere | H64: water::ocean | J64: (1,1,2,1,1)
A65: Suspended solids, unspecified | D65: 6.2859872e-05 | E65: kilogram | F65: biosphere3 | G65: biosphere | H65: water | J65: (1,1,2,1,1)
A67: Activity | B67: [P] Anode/Paste production
A68: reference product | B68: Anode/Paste
A69: location | B69: Oceania
A70: amount | B70: 1
A71: unit | B71: kilogram
A72: comment | B72: n/a
A73: Exchanges
A74: name | B74: reference product | C74: location | D74: amount | E74: unit | F74: database | G74: type | H74: categories | I74: uncertainty type | J74: pedigree | K74: loc | L74: scale | M74: minimum | N74: maximum
A75: =B67 -> [P] Anode/Paste production | B75: =B68 -> Anode/Paste | C75: =B69 -> Oceania | D75: 1 | E75: kilogram | F75: =F37 -> Aluminium | G75: production
A76: market for petroleum coke | B76: petroleum coke | C76: GLO | D76: 0.6255564 | E76: kilogram | F76: ecoinvent 3.10 cutoff | G76: technosphere | J76: (1,1,2,1,1)
A77: market for pitch | B77: pitch | C77: RoW | D77: 0.12748818 | E77: kilogram | F77: ecoinvent 3.10 cutoff | G77: technosphere | J77: (1,1,2,1,1)
A78: market for refractory, high aluminium oxide, packed | B78: refractory, high aluminium oxide, packed | C78: GLO | D78: 0.01973879 | E78: kilogram | F78: ecoinvent 3.10 cutoff | G78: technosphere | J78: (1,5,2,1,1)
A79: market for heavy fuel oil | B79: heavy fuel oil | C79: RoW | D79: 0.013750297 | E79: kilogram | F79: ecoinvent 3.10 cutoff | G79: technosphere | J79: (1,1,2,1,1)
A80: market for diesel, burned in building machine | B80: diesel, burned in building machine | C80: GLO | D80: 0.0129299 | E80: megajoule | F80: ecoinvent 3.10 cutoff | G80: technosphere | J80: (1,1,2,1,1)
A81: market for natural gas, high pressure | B81: natural gas, high pressure | C81: AU | D81: 0.054475972 | E81: cubic meter | F81: ecoinvent 3.10 cutoff | G81: technosphere | J81: (1,1,2,1,1)
A82: market for electricity, medium voltage | B82: electricity, medium voltage | C82: AU | D82: 0.077011903 | E82: kilowatt hour | F82: ecoinvent 3.10 cutoff | G82: technosphere | J82: (1,1,2,1,1)
A83: market for electricity, medium voltage, renewable energy products | B83: electricity, medium voltage, renewable energy products | C83: CH | D83: 0.00025677839 | E83: kilowatt hour | F83: ecoinvent 3.10 cutoff | G83: technosphere | J83: (1,1,2,1,1)
A84: market for spent pot liner from Al electrolysis, carbon fraction | B84: spent pot liner from Al electrolysis, carbon fraction | C84: RoW | D84: -0.016011918 | E84: kilogram | F84: ecoinvent 3.10 cutoff | G84: technosphere | J84: (1,5,2,1,1)
A85: market for refractory spent pot liner from Al electrolysis | B85: refractory spent pot liner from Al electrolysis | C85: RoW | D85: -0.021148704 | E85: kilogram | F85: ecoinvent 3.10 cutoff | G85: technosphere | J85: (1,5,2,1,1)
A86: market for inert waste, for final disposal | B86: inert waste, for final disposal | C86: RoW | D86: -0.0024109522 | E86: kilogram | F86: ecoinvent 3.10 cutoff | G86: technosphere | J86: (1,5,2,1,1)
A88: Activity | B88: [R] Electrolysis
A89: reference product | B89: Liquid aluminium (Al)
A90: location | B90: Oceania
A91: amount | B91: 1
A92: unit | B92: kilogram
A93: comment | B93: n/a
A94: Exchanges
A95: name | B95: reference product | C95: location | D95: amount | E95: unit | F95: database | G95: type | H95: categories | I95: uncertainty type | J95: pedigree | K95: loc | L95: scale | M95: minimum | N95: maximum
A96: =B88 -> [R] Electrolysis | B96: =B89 -> Liquid aluminium (Al) | C96: =B90 -> Oceania | D96: 1 | E96: kilogram | F96: =F75 -> Aluminium | G96: production
A97: market for transport, freight, sea, container ship | B97: transport, freight, sea, container ship | C97: GLO | D97: 3.6651675 | E97: ton kilometer | F97: ecoinvent 3.10 cutoff | G97: technosphere | J97: (1,1,2,1,1)
A98: market for transport, freight, lorry >32 metric ton, EURO5 | B98: transport, freight, lorry >32 metric ton, EURO5 | C98: RoW | D98: 0.011788186 | E98: ton kilometer | F98: ecoinvent 3.10 cutoff | G98: technosphere | J98: (1,1,2,1,1)
A99: market for transport, freight train | B99: transport, freight train | C99: RoW | D99: 0.017541767 | E99: ton kilometer | F99: ecoinvent 3.10 cutoff | G99: technosphere | J99: (1,3,2,1,1)
A100: market for refractory, high aluminium oxide, packed | B100: refractory, high aluminium oxide, packed | C100: GLO | D100: 0.0023879765 | E100: kilogram | F100: ecoinvent 3.10 cutoff | G100: technosphere | J100: (1,1,2,1,1)
A101: market for steel, low-alloyed | B101: steel, low-alloyed | C101: GLO | D101: 0.0024571706 | E101: kilogram | F101: ecoinvent 3.10 cutoff | G101: technosphere | J101: (1,1,2,1,1)
A102: market for cathode, for aluminium electrolysis | B102: cathode, for aluminium electrolysis | C102: GLO | D102: 0.0026340578 | E102: kilogram | F102: ecoinvent 3.10 cutoff | G102: technosphere | J102: (1,1,2,1,1)
A103: market for aluminium fluoride | B103: aluminium fluoride | C103: GLO | D103: 0.014892774 | E103: kilogram | F103: ecoinvent 3.10 cutoff | G103: technosphere | J103: (1,1,2,1,1)
A104: market for electricity, medium voltage | B104: electricity, medium voltage | C104: AU | D104: 14.50127 | E104: kilowatt hour | F104: ecoinvent 3.10 cutoff | G104: technosphere | J104: (1,1,2,1,1)
A105: market for spent pot liner from Al electrolysis, carbon fraction | B105: spent pot liner from Al electrolysis, carbon fraction | C105: RoW | D105: -0.0018107171 | E105: kilogram | F105: ecoinvent 3.10 cutoff | G105: technosphere | J105: (1,2,2,1,1)
...

Sheet PR3_Al_NAM
A1: Activity | B1: [P] Alumina production
A2: reference product | B2: Alumina
A3: location | B3: North America
A4: amount | B4: 1
A5: unit | B5: kilogram
A6: comment | B6: n/a
A7: Exchanges
A8: name | B8: reference product | C8: location | D8: amount | E8: unit | F8: database | G8: type | H8: categories | I8: uncertainty type | J8: pedigree | K8: loc | L8: scale | M8: minimum | N8: maximum
A9: =B1 -> [P] Alumina production | B9: =B2 -> Alumina | C9: =B3 -> North America | D9: 1 | E9: kilogram | F9: =Al_Market_GLO!B1 -> Aluminium | G9: production
A10: market for transport, freight, sea, container ship | B10: transport, freight, sea, container ship | C10: GLO | D10: 6.75 | E10: ton kilometer | F10: ecoinvent 3.10 cutoff | G10: technosphere | J10: (1,3,2,1,1)
A11: market for transport, freight train | B11: transport, freight train | C11: RoW | D11: 0.6742 | E11: ton kilometer | F11: ecoinvent 3.10 cutoff | G11: technosphere | J11: (1,3,2,1,1)
A12: market for sodium hydroxide, without water, in 50% solution state | B12: sodium hydroxide, without water, in 50% solution state | C12: RoW | D12: 0.063354952 | E12: kilogram | F12: ecoinvent 3.10 cutoff | G12: technosphere | J12: (1,3,2,1,1)
A13: market for lime, packed | B13: lime, packed | C13: RoW | D13: 0.022056793 | E13: kilogram | F13: ecoinvent 3.10 cutoff | G13: technosphere | J13: (1,3,2,1,1)
A14: market for heavy fuel oil | B14: heavy fuel oil | C14: RoW | D14: 2.3809524e-05 | E14: kilogram | F14: ecoinvent 3.10 cutoff | G14: technosphere | J14: (1,3,2,1,1)
A15: market for natural gas, high pressure | B15: natural gas, high pressure | C15: RoW | D15: 0.10103498 | E15: cubic meter | F15: ecoinvent 3.10 cutoff | G15: technosphere | J15: (1,3,2,1,1)
A16: market group for electricity, medium voltage | B16: electricity, medium voltage | C16: RNA | D16: 0.62167703 | E16: kilowatt hour | F16: ecoinvent 3.10 cutoff | G16: technosphere | J16: (1,3,2,1,1)
A17: market for electricity, medium voltage, renewable energy products | B17: electricity, medium voltage, renewable energy products | C17: CH | D17: 0.27898852 | E17: kilowatt hour | F17: ecoinvent 3.10 cutoff | G17: technosphere | J17: (1,3,2,1,1)
A18: market for redmud from bauxite digestion | B18: redmud from bauxite digestion | C18: RoW | D18: -0.78446597 | E18: kilogram | F18: ecoinvent 3.10 cutoff | G18: technosphere | J18: (1,1,2,1,1)
A19: market for inert waste, for final disposal | B19: inert waste, for final disposal | C19: RoW | D19: -0.00012031168 | E19: kilogram | F19: ecoinvent 3.10 cutoff | G19: technosphere | J19: (1,3,2,1,1)
A20: market for hazardous waste, for incineration | B20: hazardous waste, for incineration | C20: RoW | D20: -0.00012031168 | E20: kilogram | F20: ecoinvent 3.10 cutoff | G20: technosphere | J20: (1,3,2,1,1)
A21: Water, unspecified natural origin | D21: 0.010367786 | E21: cubic meter | F21: biosphere3 | G21: biosphere | H21: natural resource::in ground | J21: (1,3,2,1,1)
A22: Transformation, from forest, unspecified | D22: 0.0013342017 | E22: square meter | F22: biosphere3 | G22: biosphere | H22: natural resource::land | J22: (1,1,2,1,1)
A23: Transformation, to mineral extraction site | D23: 0.0013342017 | E23: square meter | F23: biosphere3 | G23: biosphere | H23: natural resource::land | J23: (1,1,2,1,1)
A24: Occupation, mineral extraction site | D24: 5.1185615e-08 | E24: square meter-year | F24: biosphere3 | G24: biosphere | H24: natural resource::land | J24: (1,3,2,1,1)
A25: Particulate Matter, > 2.5 um and < 10um | D25: 4.8095182e-05 | E25: kilogram | F25: biosphere3 | G25: biosphere | H25: air | J25: (1,3,2,1,1)
A26: Sulfur dioxide | D26: 5.0011107e-07 | E26: kilogram | F26: biosphere3 | G26: biosphere | H26: air | J26: (1,3,2,1,1)
A27: Nitrogen oxides | D27: 0.00015518204 | E27: kilogram | F27: biosphere3 | G27: biosphere | H27: air | J27: (1,3,2,1,1)
A28: Water | D28: 0.010630885 | E28: cubic meter | F28: biosphere3 | G28: biosphere | H28: water | J28: (1,3,2,1,1)
A29: Suspended solids, unspecified | D29: 6.5264587e-05 | E29: kilogram | F29: biosphere3 | G29: biosphere | H29: water | J29: (1,3,2,1,1)
A30: Hydrocarbons, unspecified | D30: 0.011412344 | E30: kilogram | F30: biosphere3 | G30: biosphere | H30: water | J30: (1,3,2,1,1)
A31: Mercury II | D31: 1.6841201e-09 | E31: kilogram | F31: biosphere3 | G31: biosphere | H31: water | J31: (1,3,2,1,1)
A33: Activity | B33: [P] Anode/Paste production
A34: reference product | B34: Anode/Paste
A35: location | B35: North America
A36: amount | B36: 1
A37: unit | B37: kilogram
A38: comment | B38: n/a
A39: Exchanges
A40: name | B40: reference product | C40: location | D40: amount | E40: unit | F40: database | G40: type | H40: categories | I40: uncertainty type | J40: pedigree | K40: loc | L40: scale | M40: minimum | N40: maximum
A41: =B33 -> [P] Anode/Paste production | B41: =B34 -> Anode/Paste | C41: =B35 -> North America | D41: 1 | E41: kilogram | F41: =F9 -> Aluminium | G41: production
A42: market for petroleum coke | B42: petroleum coke | C42: GLO | D42: 0.88125161 | E42: kilogram | F42: ecoinvent 3.10 cutoff | G42: technosphere | J42: (1,3,2,1,1)
A43: market for pitch | B43: pitch | C43: RoW | D43: 0.15006586 | E43: kilogram | F43: ecoinvent 3.10 cutoff | G43: technosphere | J43: (1,3,2,1,1)
A44: market for refractory, high aluminium oxide, packed | B44: refractory, high aluminium oxide, packed | C44: GLO | D44: 0.0010085113 | E44: kilogram | F44: ecoinvent 3.10 cutoff | G44: technosphere | J44: (1,2,2,1,1)
A45: market for steel, low-alloyed | B45: steel, low-alloyed | C45: GLO | D45: 0.0016867635 | E45: kilogram | F45: ecoinvent 3.10 cutoff | G45: technosphere | J45: (1,2,2,1,1)
A46: market for heavy fuel oil | B46: heavy fuel oil | C46: RoW | D46: 0.011154267 | E46: kilogram | F46: ecoinvent 3.10 cutoff | G46: technosphere | J46: (1,3,2,1,1)
A47: market for diesel, burned in building machine | B47: diesel, burned in building machine | C47: GLO | D47: 0.032322017 | E47: megajoule | F47: ecoinvent 3.10 cutoff | G47: technosphere | J47: (1,3,2,1,1)
A48: market for natural gas, high pressure | B48: natural gas, high pressure | C48: RoW | D48: 0.061140747 | E48: cubic meter | F48: ecoinvent 3.10 cutoff | G48: technosphere | J48: (1,3,2,1,1)
A49: market group for electricity, medium voltage | B49: electricity, medium voltage | C49: RNA | D49: 0.32191642 | E49: kilowatt hour | F49: ecoinvent 3.10 cutoff | G49: technosphere | J49: (1,3,2,1,1)
A50: market for electricity, medium voltage, renewable energy products | B50: electricity, medium voltage, renewable energy products | C50: CH | D50: 0.0027106501 | E50: kilowatt hour | F50: ecoinvent 3.10 cutoff | G50: technosphere | J50: (1,3,2,1,1)
A51: market for refractory spent pot liner from Al electrolysis | B51: refractory spent pot liner from Al electrolysis | C51: RoW | D51: -0.0011905191 | E51: kilogram | F51: ecoinvent 3.10 cutoff | G51: technosphere | J51: (1,1,2,1,1)
A52: treatment of scrap steel, inert material landfill | B52: scrap steel | C52: RoW | D52: -0.00074079076 | E52: kilogram | F52: ecoinvent 3.10 cutoff | G52: technosphere | J52: (1,2,2,1,1)
A53: market for inert waste, for final disposal | B53: inert waste, for final disposal | C53: RoW | D53: -0.0020020604 | E53: kilogram | F53: ecoinvent 3.10 cutoff | G53: technosphere | J53: (1,1,2,1,1)
... A57: market for hazardous waste, for incineration | B57: hazardous waste, for incineration | C57: RoW | D57: -0.00012233 | E57: kilogram | F57: ecoinvent 3.10 cutoff | G57: technosphere | J57: (1,3,2,1,1)
A58: Water, unspecified natural origin | D58: 0.0031290045 | E58: cubic meter | F58: biosphere3 | G58: biosphere | H58: natural resource::in ground | J58: (1,3,2,1,1)
A59: Particulate Matter, > 2.5 um and < 10um | D59: 0.0001445573 | E59: kilogram | F59: biosphere3 | G59: biosphere | H59: air | J59: (1,1,2,1,1)
A60: Sulfur dioxide | D60: 0.0014025222 | E60: kilogram | F60: biosphere3 | G60: biosphere | H60: air | J60: (1,1,2,1,1)
A61: Nitrogen oxides | D61: 0.00012203413 | E61: kilogram | F61: biosphere3 | G61: biosphere | H61: air | J61: (1,1,2,1,1)
A62: Fluoride | D62: 3.7449849e-07 | E62: kilogram | F62: biosphere3 | G62: biosphere | H62: air | J62: (1,2,2,1,1)
A63: Fluoride | D63: 8.5385528e-06 | E63: kilogram | F63: biosphere3 | G63: biosphere | H63: air | J63: (1,1,2,1,1)
A64: PAH, polycyclic aromatic hydrocarbons | D64: 2.886844e-06 | E64: kilogram | F64: biosphere3 | G64: biosphere | H64: air | J64: (1,1,2,1,1)
A65: Benzo(a)pyrene | D65: 3.3321088e-06 | E65: kilogram | F65: biosphere3 | G65: biosphere | H65: air | J65: (1,2,2,1,1)
A66: Suspended solids, unspecified | D66: 3.6485913e-07 | E66: kilogram | F66: biosphere3 | G66: biosphere | H66: water | J66: (1,3,2,1,1)
A67: PAH, polycyclic aromatic hydrocarbons | D67: 7.9595024e-10 | E67: kilogram | F67: biosphere3 | G67: biosphere | H67: water | J67: (1,3,2,1,1)
A69: Activity | B69: [R] Electrolysis
A70: reference product | B70: Liquid aluminium (Al)
A71: location | B71: North America
A72: amount | B72: 1
A73: unit | B73: kilogram
A74: comment | B74: n/a
A75: Exchanges
A76: name | B76: reference product | C76: location | D76: amount | E76: unit | F76: database | G76: type | H76: categories | I76: uncertainty type | J76: pedigree | K76: loc | L76: scale | M76: minimum | N76: maximum
A77: =B69 -> [R] Electrolysis | B77: =B70 -> Liquid aluminium (Al) | C77: =B71 -> North America | D77: 1 | E77: kilogram | F77: =F41 -> Aluminium | G77: production
A78: market for transport, freight, sea, container ship | B78: transport, freight, sea, container ship | C78: GLO | D78: 10.30413 | E78: ton kilometer | F78: ecoinvent 3.10 cutoff | G78: technosphere | J78: (1,1,2,1,1)
A79: market for transport, freight train | B79: transport, freight train | C79: RoW | D79: 0.42780179 | E79: ton kilometer | F79: ecoinvent 3.10 cutoff | G79: technosphere | J79: (1,1,2,1,1)
A80: market for refractory, high aluminium oxide, packed | B80: refractory, high aluminium oxide, packed | C80: GLO | D80: 0.0086675201 | E80: kilogram | F80: ecoinvent 3.10 cutoff | G80: technosphere | J80: (1,3,2,1,1)
A81: market for steel, low-alloyed | B81: steel, low-alloyed | C81: GLO | D81: 0.0048910112 | E81: kilogram | F81: ecoinvent 3.10 cutoff | G81: technosphere | J81: (1,3,2,1,1)
A82: market for cathode, for aluminium electrolysis | B82: cathode, for aluminium electrolysis | C82: GLO | D82: 0.0059807862 | E82: kilogram | F82: ecoinvent 3.10 cutoff | G82: technosphere | J82: (1,3,2,1,1)
A83: market for aluminium fluoride | B83: aluminium fluoride | C83: GLO | D83: 0.017474929 | E83: kilogram | F83: ecoinvent 3.10 cutoff | G83: technosphere | J83: (1,3,2,1,1)
A84: market group for electricity, medium voltage | B84: electricity, medium voltage | C84: RNA | D84: 14.957286 | E84: kilowatt hour | F84: ecoinvent 3.10 cutoff | G84: technosphere | J84: (1,1,2,1,1)
A85: market for spent pot liner from Al electrolysis, carbon fraction | B85: spent pot liner from Al electrolysis, carbon fraction | C85: RoW | D85: -0.0035343083 | E85: kilogram | F85: ecoinvent 3.10 cutoff | G85: technosphere | J85: (1,3,2,1,1)
A86: treatment of refractory spent pot liner from Al electrolysis, residual material landfill | B86: refractory spent pot liner from Al electrolysis | C86: RoW | D86: -0.0038531862 | E86: kilogram | F86: ecoinvent 3.10 cutoff | G86: technosphere | J86: (1,3,2,1,1)
A87: market for refractory spent pot liner from Al electrolysis | B87: refractory spent pot liner from Al electrolysis | C87: RoW | D87: -0.00019477157 | E87: kilogram | F87: ecoinvent 3.10 cutoff | G87: technosphere | J87: (1,3,2,1,1)
A88: treatment of scrap steel, inert material landfill | B88: scrap steel | C88: RoW | D88: -0.0054335489 | E88: kilogram | F88: ecoinvent 3.10 cutoff | G88: technosphere | J88: (1,3,2,1,1)
A89: market for refractory spent pot liner from Al electrolysis | B89: refractory spent pot liner from Al electrolysis | C89: RoW | D89: -0.010348677 | E89: kilogram | F89: ecoinvent 3.10 cutoff | G89: technosphere | J89: (1,3,2,1,1)
... A93: market for refractory spent pot liner from Al electrolysis | B93: refractory spent pot liner from Al electrolysis | C93: RoW | D93: -0.00059473091 | E93: kilogram | F93: ecoinvent 3.10 cutoff | G93: technosphere | J93: (1,3,2,1,1)
A94: Water, unspecified natural origin | D94: 0.0058440484 | E94: cubic meter | F94: biosphere3 | G94: biosphere | H94: natural resource::in ground | J94: (1,3,2,1,1)
A95: Particulate Matter, > 2.5 um and < 10um | D95: 0.0019527617 | E95: kilogram | F95: biosphere3 | G95: biosphere | H95: air | J95: (1,3,2,1,1)
A96: Sulfur dioxide | D96: 0.016050508 | E96: kilogram | F96: biosphere3 | G96: biosphere | H96: air | J96: (1,3,2,1,1)
A97: Nitrogen oxides | D97: 5.255717e-06 | E97: kilogram | F97: biosphere3 | G97: biosphere | H97: air | J97: (1,5,2,1,1)
A98: Sulfur hexafluoride | D98: 4.9146491e-05 | E98: kilogram | F98: biosphere3 | G98: biosphere | H98: air | J98: (1,3,2,1,1)
A99: Fluoride | D99: 0.00040504066 | E99: kilogram | F99: biosphere3 | G99: biosphere | H99: air | J99: (1,3,2,1,1)
A100: Fluoride | D100: 0.00034153468 | E100: kilogram | F100: biosphere3 | G100: biosphere | H100: air | J100: (1,3,2,1,1)
A101: PAH, polycyclic aromatic hydrocarbons | D101: 5.1002653e-06 | E101: kilogram | F101: biosphere3 | G101: biosphere | H101: air | J101: (1,3,2,1,1)
A102: Benzo(a)pyrene | D102: 7.1272829e-10 | E102: kilogram | F102: biosphere3 | G102: biosphere | H102: air | J102: (1,3,2,1,1)
A103: Tetrafluoromethane | D103: 5.0155918e-05 | E103: kilogram | F103: biosphere3 | G103: biosphere | H103: air | J103: (1,1,2,1,1)
A104: Hexafluoroethane | D104: 8.8250342e-06 | E104: kilogram | F104: biosphere3 | G104: biosphere | H104: air | J104: (1,1,2,1,1)
A105: Water | D105: 0.0051389913 | E105: cubic meter | F105: biosphere3 | G105: biosphere | H105: water | J105: (1,3,2,1,1)
... A109: PAH, polycyclic aromatic hydrocarbons | D109: 1.1028205e-10 | E109: kilogram | F109: biosphere3 | G109: biosphere | H109: water | J109: (1,3,2,1,1)
A111: Activity | B111: [R] Casting
A112: reference product | B112: Al ingot
...

Sheet PR4_Al_EUR
A1: Activity | B1: [P] Alumina production
A2: reference product | B2: Alumina
A3: location | B3: Europe
A4: amount | B4: 1
A5: unit | B5: kilogram
A6: comment | B6: n/a
A7: Exchanges
A8: name | B8: reference product | C8: location | D8: amount | E8: unit | F8: database | G8: type | H8: categories | I8: uncertainty type | J8: pedigree | K8: loc | L8: scale | M8: minimum | N8: maximum
A9: =B1 -> [P] Alumina production | B9: =B2 -> Alumina | C9: =B3 -> Europe | D9: 1 | E9: kilogram | F9: =Al_Market_GLO!B1 -> Aluminium | G9: production
A10: market for transport, freight, sea, container ship | B10: transport, freight, sea, container ship | C10: GLO | D10: 5.7400452 | E10: ton kilometer | F10: ecoinvent 3.10 cutoff | G10: technosphere | J10: (1,2,2,1,1)
A11: market for sodium hydroxide, without water, in 50% solution state | B11: sodium hydroxide, without water, in 50% solution state | C11: RER | D11: 0.074898814 | E11: kilogram | F11: ecoinvent 3.10 cutoff | G11: technosphere | J11: (1,2,2,1,1)
A12: market for lime, packed | B12: lime, packed | C12: Europe without Switzerland | D12: 0.021731379 | E12: kilogram | F12: ecoinvent 3.10 cutoff | G12: technosphere | J12: (1,2,2,1,1)
A13: market for heavy fuel oil | B13: heavy fuel oil | C13: Europe without Switzerland | D13: 0.00079847753 | E13: kilogram | F13: ecoinvent 3.10 cutoff | G13: technosphere | J13: (1,1,2,1,1)
A14: market for diesel, burned in building machine | B14: diesel, burned in building machine | C14: GLO | D14: 0.011760551 | E14: megajoule | F14: ecoinvent 3.10 cutoff | G14: technosphere | J14: (1,1,2,1,1)
A15: market group for natural gas, high pressure | B15: natural gas, high pressure | C15: Europe without Switzerland | D15: 0.23946015 | E15: cubic meter | F15: ecoinvent 3.10 cutoff | G15: technosphere | J15: (1,1,2,1,1)
A16: market group for electricity, medium voltage | B16: electricity, medium voltage | C16: RER | D16: 0.15250676 | E16: kilowatt hour | F16: ecoinvent 3.10 cutoff | G16: technosphere | J16: (1,1,2,1,1)
A17: market for electricity, medium voltage, renewable energy products | B17: electricity, medium voltage, renewable energy products | C17: CH | D17: 0.009425938 | E17: kilowatt hour | F17: ecoinvent 3.10 cutoff | G17: technosphere | J17: (1,1,2,1,1)
A18: market for inert waste, for final disposal | B18: inert waste, for final disposal | C18: RoW | D18: -0.029046159 | E18: kilogram | F18: ecoinvent 3.10 cutoff | G18: technosphere | J18: (1,3,2,1,1)
A19: market for redmud from bauxite digestion | B19: redmud from bauxite digestion | C19: RER | D19: -0.84690458 | E19: kilogram | F19: ecoinvent 3.10 cutoff | G19: technosphere | J19: (1,1,2,1,1)
A20: market for inert waste, for final disposal | B20: inert waste, for final disposal | C20: RoW | D20: -0.063879387 | E20: kilogram | F20: ecoinvent 3.10 cutoff | G20: technosphere | J20: (1,2,2,1,1)
A21: market for hazardous waste, for incineration | B21: hazardous waste, for incineration | C21: Europe without Switzerland | D21: -0.0049821883 | E21: kilogram | F21: ecoinvent 3.10 cutoff | G21: technosphere | J21: (1,2,2,1,1)
A22: Water, unspecified natural origin | D22: 0.0035184161 | E22: cubic meter | F22: biosphere3 | G22: biosphere | H22: natural resource::in ground | J22: (1,2,2,1,1)
A23: Transformation, from pasture, man made | D23: 0.00067471209 | E23: square meter | F23: biosphere3 | G23: biosphere | H23: natural resource::land | J23: (1,1,2,1,1)
A24: Transformation, to mineral extraction site | D24: 0.00067471209 | E24: square meter | F24: biosphere3 | G24: biosphere | H24: natural resource::land | J24: (1,1,2,1,1)
A25: Occupation, mineral extraction site | D25: 1.014241e-08 | E25: square meter-year | F25: biosphere3 | G25: biosphere | H25: natural resource::land | J25: (1,2,2,1,1)
A26: Particulate Matter, > 2.5 um and < 10um | D26: 2.6185527e-05 | E26: kilogram | F26: biosphere3 | G26: biosphere | H26: air | J26: (1,2,2,1,1)
A27: Sulfur dioxide | D27: 1.1867932e-05 | E27: kilogram | F27: biosphere3 | G27: biosphere | H27: air | J27: (1,2,2,1,1)
A28: Nitrogen oxides | D28: 0.00024491456 | E28: kilogram | F28: biosphere3 | G28: biosphere | H28: air | J28: (1,2,2,1,1)
A29: Water | D29: 0.0035747964 | E29: cubic meter | F29: biosphere3 | G29: biosphere | H29: water | J29: (1,2,2,1,1)
A30: Suspended solids, unspecified | D30: 0.0002329033 | E30: kilogram | F30: biosphere3 | G30: biosphere | H30: water | J30: (1,2,2,1,1)
A32: Activity | B32: [P] Anode/Paste production
A33: reference product | B33: Anode/Paste
A34: location | B34: Europe
A35: amount | B35: 1
A36: unit | B36: kilogram
A37: comment | B37: n/a
A38: Exchanges
A39: name | B39: reference product | C39: location | D39: amount | E39: unit | F39: database | G39: type | H39: categories | I39: uncertainty type | J39: pedigree | K39: loc | L39: scale | M39: minimum | N39: maximum
A40: =B32 -> [P] Anode/Paste production | B40: =B33 -> Anode/Paste | C40: =B34 -> Europe | D40: 1 | E40: kilogram | F40: =F9 -> Aluminium | G40: production
A41: market for petroleum coke | B41: petroleum coke | C41: GLO | D41: 0.9501309 | E41: kilogram | F41: ecoinvent 3.10 cutoff | G41: technosphere | J41: (1,4,2,1,1)
A42: market for pitch | B42: pitch | C42: Europe without Switzerland | D42: 0.15686041 | E42: kilogram | F42: ecoinvent 3.10 cutoff | G42: technosphere | J42: (1,4,2,1,1)
A43: market for refractory, high aluminium oxide, packed | B43: refractory, high aluminium oxide, packed | C43: GLO | D43: 0.0015085123 | E43: kilogram | F43: ecoinvent 3.10 cutoff | G43: technosphere | J43: (1,5,2,1,1)
A44: market for steel, low-alloyed | B44: steel, low-alloyed | C44: GLO | D44: 0.0052093811 | E44: kilogram | F44: ecoinvent 3.10 cutoff | G44: technosphere | J44: (1,4,2,1,1)
A45: market for heavy fuel oil | B45: heavy fuel oil | C45: RoW | D45: 0.017800157 | E45: kilogram | F45: ecoinvent 3.10 cutoff | G45: technosphere | J45: (1,4,2,1,1)
A46: market for diesel, burned in building machine | B46: diesel, burned in building machine | C46: GLO | D46: 0.01588447 | E46: megajoule | F46: ecoinvent 3.10 cutoff | G46: technosphere | J46: (1,4,2,1,1)
A47: market group for natural gas, high pressure | B47: natural gas, high pressure | C47: Europe without Switzerland | D47: 0.012358455 | E47: cubic meter | F47: ecoinvent 3.10 cutoff | G47: technosphere | J47: (1,4,2,1,1)
A48: market group for electricity, medium voltage | B48: electricity, medium voltage | C48: RER | D48: 0.071273913 | E48: kilowatt hour | F48: ecoinvent 3.10 cutoff | G48: technosphere | J48: (1,4,2,1,1)
A49: market for electricity, medium voltage, renewable energy products | B49: electricity, medium voltage, renewable energy products | C49: CH | D49: 0.36291866 | E49: kilowatt hour | F49: ecoinvent 3.10 cutoff | G49: technosphere | J49: (1,4,2,1,1)
A50: market for refractory spent pot liner from Al electrolysis | B50: refractory spent pot liner from Al electrolysis | C50: RER | D50: -0.0031514428 | E50: kilogram | F50: ecoinvent 3.10 cutoff | G50: technosphere | J50: (1,2,2,1,1)
A51: treatment of scrap steel, inert material landfill | B51: scrap steel | C51: Europe without Switzerland | D51: -0.00056714516 | E51: kilogram | F51: ecoinvent 3.10 cutoff | G51: technosphere | J51: (1,4,2,1,1)
A52: market for inert waste, for final disposal | B52: inert waste, for final disposal | C52: RoW | D52: -0.0037367384 | E52: kilogram | F52: ecoinvent 3.10 cutoff | G52: technosphere | J52: (1,5,2,1,1)
... A57: market for hazardous waste, for incineration | B57: hazardous waste, for incineration | C57: RoW | D57: -0.0039452625 | E57: kilogram | F57: ecoinvent 3.10 cutoff | G57: technosphere | J57: (1,4,2,1,1)
A58: Water, unspecified natural origin | D58: 0.0032553868 | E58: cubic meter | F58: biosphere3 | G58: biosphere | H58: natural resource::in ground | J58: (1,3,2,1,1)
A59: Water, salt, ocean | D59: 0.0070774955 | E59: cubic meter | F59: biosphere3 | G59: biosphere | H59: natural resource::in water | J59: (1,3,2,1,1)
A60: Water, unspecified natural origin | D60: 0.00069425813 | E60: cubic meter | F60: biosphere3 | G60: biosphere | H60: natural resource::in ground | J60: (1,3,2,1,1)
A61: Particulate Matter, > 2.5 um and < 10um | D61: 0.00010673141 | E61: kilogram | F61: biosphere3 | G61: biosphere | H61: air | J61: (1,3,2,1,1)
A62: Sulfur dioxide | D62: 0.00080494718 | E62: kilogram | F62: biosphere3 | G62: biosphere | H62: air | J62: (1,3,2,1,1)
A63: Nitrogen oxides | D63: 0.0003243757 | E63: kilogram | F63: biosphere3 | G63: biosphere | H63: air | J63: (1,3,2,1,1)
A64: Sulfur hexafluoride | D64: 5.8809484e-05 | E64: kilogram | F64: biosphere3 | G64: biosphere | H64: air | J64: (1,4,2,1,1)
A65: Fluoride | D65: 1.4663655e-05 | E65: kilogram | F65: biosphere3 | G65: biosphere | H65: air | J65: (1,3,2,1,1)
A66: Fluoride | D66: 1.3912964e-05 | E66: kilogram | F66: biosphere3 | G66: biosphere | H66: air | J66: (1,3,2,1,1)
A67: PAH, polycyclic aromatic hydrocarbons | D67: 2.9869449e-06 | E67: kilogram | F67: biosphere3 | G67: biosphere | H67: air | J67: (1,3,2,1,1)
A68: Benzo(a)pyrene | D68: 1.145133e-06 | E68: kilogram | F68: biosphere3 | G68: biosphere | H68: air | J68: (1,3,2,1,1)
A69: Water | D69: 0.0025611287 | E69: cubic meter | F69: biosphere3 | G69: biosphere | H69: water | J69: (1,3,2,1,1)
... A73: PAH, polycyclic aromatic hydrocarbons | D73: 1.0854237e-07 | E73: kilogram | F73: biosphere3 | G73: biosphere | H73: water | J73: (1,3,2,1,1)
A75: Activity | B75: [R] Electrolysis
A76: reference product | B76: Liquid aluminium (Al)
A77: location | B77: Europe
A78: amount | B78: 1
A79: unit | B79: kilogram
A80: comment | B80: n/a
A81: Exchanges
A82: name | B82: reference product | C82: location | D82: amount | E82: unit | F82: database | G82: type | H82: categories | I82: uncertainty type | J82: pedigree | K82: loc | L82: scale | M82: minimum | N82: maximum
A83: =B75 -> [R] Electrolysis | B83: =B76 -> Liquid aluminium (Al) | C83: =B77 -> Europe | D83: 1 | E83: kilogram | F83: =F40 -> Aluminium | G83: production
A84: market for transport, freight, sea, container ship | B84: transport, freight, sea, container ship | C84: GLO | D84: 13.736878 | E84: ton kilometer | F84: ecoinvent 3.10 cutoff | G84: technosphere | J84: (1,2,2,1,1)
A85: market for transport, freight, lorry >32 metric ton, EURO6 | B85: transport, freight, lorry >32 metric ton, EURO6 | C85: RER | D85: 0.0058259949 | E85: ton kilometer | F85: ecoinvent 3.10 cutoff | G85: technosphere | J85: (1,4,2,1,1)
A86: market for transport, freight train | B86: transport, freight train | C86: Europe without Switzerland | D86: 0.11935522 | E86: ton kilometer | F86: ecoinvent 3.10 cutoff | G86: technosphere | J86: (1,4,2,1,1)
A87: market for refractory, high aluminium oxide, packed | B87: refractory, high aluminium oxide, packed | C87: GLO | D87: 0.0056308698 | E87: kilogram | F87: ecoinvent 3.10 cutoff | G87: technosphere | J87: (1,4,2,1,1)
A88: market for steel, low-alloyed | B88: steel, low-alloyed | C88: GLO | D88: 0.0045226867 | E88: kilogram | F88: ecoinvent 3.10 cutoff | G88: technosphere | J88: (1,3,2,1,1)
A89: market for cathode, for aluminium electrolysis | B89: cathode, for aluminium electrolysis | C89: GLO | D89: 0.012355668 | E89: kilogram | F89: ecoinvent 3.10 cutoff | G89: technosphere | J89: (1,4,2,1,1)
A90: market for aluminium fluoride | B90: aluminium fluoride | C90: GLO | D90: 0.017637575 | E90: kilogram | F90: ecoinvent 3.10 cutoff | G90: technosphere | J90: (1,2,2,1,1)
A91: market group for electricity, medium voltage | B91: electricity, medium voltage | C91: RER | D91: 14.862839 | E91: kilowatt hour | F91: ecoinvent 3.10 cutoff | G91: technosphere | J91: (1,1,2,1,1)
A92: market for spent pot liner from Al electrolysis, carbon fraction | B92: spent pot liner from Al electrolysis, carbon fraction | C92: RoW | D92: -0.002596382 | E92: kilogram | F92: ecoinvent 3.10 cutoff | G92: technosphere | J92: (1,4,2,1,1)
A93: market for refractory spent pot liner from Al electrolysis | B93: refractory spent pot liner from Al electrolysis | C93: RER | D93: -0.0010415375 | E93: kilogram | F93: ecoinvent 3.10 cutoff | G93: technosphere | J93: (1,5,2,1,1)
A94: market for refractory spent pot liner from Al electrolysis | B94: refractory spent pot liner from Al electrolysis | C94: RER | D94: -5.8117858e-05 | E94: kilogram | F94: ecoinvent 3.10 cutoff | G94: technosphere | J94: (1,4,2,1,1)
A95: treatment of scrap steel, inert material landfill | B95: scrap steel | C95: Europe without Switzerland | D95: -0.0046364733 | E95: kilogram | F95: ecoinvent 3.10 cutoff | G95: technosphere | J95: (1,3,2,1,1)
... A100: market for refractory spent pot liner from Al electrolysis | B100: refractory spent pot liner from Al electrolysis | C100: RER | D100: -0.00046574862 | E100: kilogram | F100: ecoinvent 3.10 cutoff | G100: technosphere | J100: (1,4,2,1,1)
A101: Water, unspecified natural origin | D101: 0.032404899 | E101: cubic meter | F101: biosphere3 | G101: biosphere | H101: natural resource::in ground | J101: (1,2,2,1,1)
A102: Water, salt, ocean | D102: 0.076167183 | E102: cubic meter | F102: biosphere3 | G102: biosphere | H102: natural resource::in water | J102: (1,2,2,1,1)
A103: Water, unspecified natural origin | D103: 0.015559736 | E103: cubic meter | F103: biosphere3 | G103: biosphere | H103: natural resource::in ground | J103: (1,2,2,1,1)
A104: Particulate Matter, > 2.5 um and < 10um | D104: 0.00068157557 | E104: kilogram | F104: biosphere3 | G104: biosphere | H104: air | J104: (1,2,2,1,1)
A105: Sulfur dioxide | D105: 0.0074083724 | E105: kilogram | F105: biosphere3 | G105: biosphere | H105: air | J105: (1,2,2,1,1)
A106: Nitrogen oxides | D106: 0.00067762415 | E106: kilogram | F106: biosphere3 | G106: biosphere | H106: air | J106: (1,5,2,1,1)
A107: Sulfur hexafluoride | D107: 1.830887e-07 | E107: kilogram | F107: biosphere3 | G107: biosphere | H107: air | J107: (1,4,2,1,1)
A108: Fluoride | D108: 0.0001399687 | E108: kilogram | F108: biosphere3 | G108: biosphere | H108: air | J108: (1,2,2,1,1)
A109: Fluoride | D109: 0.000287614 | E109: kilogram | F109: biosphere3 | G109: biosphere | H109: air | J109: (1,2,2,1,1)
A110: PAH, polycyclic aromatic hydrocarbons | D110: 1.7427901e-05 | E110: kilogram | F110: biosphere3 | G110: biosphere | H110: air | J110: (1,4,2,1,1)
A111: Benzo(a)pyrene | D111: 0.00056077294 | E111: kilogram | F111: biosphere3 | G111: biosphere | H111: air | J111: (1,4,2,1,1)
A112: Tetrafluoromethane | D112: 2.1694848e-05 | E112: kilogram | F112: biosphere3 | G112: biosphere | H112: air | J112: (1,1,2,1,1)
... A119: PAH, polycyclic aromatic hydrocarbons | D119: 5.4663201e-07 | E119: kilogram | F119: biosphere3 | G119: biosphere | H119: water | J119: (1,4,2,1,1)
...

Sheet PR5_Al_ROE
A1: Activity | B1: [P] Alumina production
A2: reference product | B2: Alumina
A3: location | B3: Russia and Rest-of-Europe
A4: amount | B4: 1
A5: unit | B5: kilogram
A6: comment | B6: n/a
A7: Exchanges
A8: name | B8: reference product | C8: location | D8: amount | E8: unit | F8: database | G8: type | H8: categories | I8: uncertainty type | J8: pedigree | K8: loc | L8: scale | M8: minimum | N8: maximum
A9: =B1 -> [P] Alumina production | B9: =B2 -> Alumina | C9: =B3 -> Russia and Rest-of-Europe | D9: 1 | E9: kilogram | F9: =Al_Market_GLO!B1 -> Aluminium | G9: production
A10: market for transport, freight, sea, container ship | B10: transport, freight, sea, container ship | C10: GLO | D10: 8.53653 | E10: ton kilometer | F10: ecoinvent 3.10 cutoff | G10: technosphere | J10: (1,2,2,1,1)
A11: market for transport, freight train | B11: transport, freight train | C11: Europe without Switzerland | D11: 1.2288749 | E11: ton kilometer | F11: ecoinvent 3.10 cutoff | G11: technosphere | J11: (1,2,2,1,1)
A12: market for sodium hydroxide, without water, in 50% solution state | B12: sodium hydroxide, without water, in 50% solution state | C12: RER | D12: 0.052065849 | E12: kilogram | F12: ecoinvent 3.10 cutoff | G12: technosphere | J12: (1,2,2,1,1)
A13: market for lime, packed | B13: lime, packed | C13: Europe without Switzerland | D13: 0.088496503 | E13: kilogram | F13: ecoinvent 3.10 cutoff | G13: technosphere | J13: (1,2,2,1,1)
A14: market for natural gas, high pressure | B14: natural gas, high pressure | C14: RoE | D14: 0.35226648 | E14: cubic meter | F14: ecoinvent 3.10 cutoff | G14: technosphere | J14: (1,2,2,1,1)
A15: market group for electricity, medium voltage | B15: electricity, medium voltage | C15: RER | D15: 0.13314007 | E15: kilowatt hour | F15: ecoinvent 3.10 cutoff | G15: technosphere | J15: (1,2,2,1,1)
A16: market for electricity, medium voltage, renewable energy products | B16: electricity, medium voltage, renewable energy products | C16: CH | D16: 0.00065116074 | E16: kilowatt hour | F16: ecoinvent 3.10 cutoff | G16: technosphere | J16: (1,2,2,1,1)
A17: market for redmud from bauxite digestion | B17: redmud from bauxite digestion | C17: RER | D17: -0.02840717 | E17: kilogram | F17: ecoinvent 3.10 cutoff | G17: technosphere | J17: (1,3,2,1,1)
A18: market for inert waste, for final disposal | B18: inert waste, for final disposal | C18: RoW | D18: -0.041387957 | E18: kilogram | F18: ecoinvent 3.10 cutoff | G18: technosphere | J18: (1,2,2,1,1)
A19: market for redmud from bauxite digestion | B19: redmud from bauxite digestion | C19: RER | D19: -1.3563756 | E19: kilogram | F19: ecoinvent 3.10 cutoff | G19: technosphere | J19: (1,3,2,1,1)
A20: market for inert waste | B20: inert waste | C20: RoW | D20: -0.039536387 | E20: kilogram | F20: ecoinvent 3.10 cutoff | G20: technosphere | J20: (1,2,2,1,1)
A21: market for hazardous waste, for incineration | B21: hazardous waste, for incineration | C21: Europe without Switzerland | D21: -0.034761689 | E21: kilogram | F21: ecoinvent 3.10 cutoff | G21: technosphere | J21: (1,2,2,1,1)
A22: Water, unspecified natural origin | D22: 0.016650079 | E22: cubic meter | F22: biosphere3 | G22: biosphere | H22: natural resource::in ground | J22: (1,2,2,1,1)
A23: Water, unspecified natural origin | D23: 0.0076731597 | E23: cubic meter | F23: biosphere3 | G23: biosphere | H23: natural resource::in ground | J23: (1,2,2,1,1)
A24: Transformation, from forest, unspecified | D24: 0.0019471442 | E24: square meter | F24: biosphere3 | G24: biosphere | H24: natural resource::land | J24: (1,1,2,1,1)
A25: Transformation, to mineral extraction site | D25: 0.0019471442 | E25: square meter | F25: biosphere3 | G25: biosphere | H25: natural resource::land | J25: (1,1,2,1,1)
A26: Occupation, mineral extraction site | D26: 4.0839522e-08 | E26: square meter-year | F26: biosphere3 | G26: biosphere | H26: natural resource::land | J26: (1,1,2,1,1)
A27: Particulate Matter, > 2.5 um and < 10um | D27: 0.00028297563 | E27: kilogram | F27: biosphere3 | G27: biosphere | H27: air | J27: (1,2,2,1,1)
A28: Sulfur dioxide | D28: 4.3340026e-06 | E28: kilogram | F28: biosphere3 | G28: biosphere | H28: air | J28: (1,2,2,1,1)
A29: Nitrogen oxides | D29: 0.00026164749 | E29: kilogram | F29: biosphere3 | G29: biosphere | H29: air | J29: (1,2,2,1,1)
A30: Water | D30: 0.0090996818 | E30: cubic meter | F30: biosphere3 | G30: biosphere | H30: water | J30: (1,2,2,1,1)
A31: Suspended solids, unspecified | D31: 2.2754341e-05 | E31: kilogram | F31: biosphere3 | G31: biosphere | H31: water | J31: (1,2,2,1,1)
A32: Hydrocarbons, unspecified | D32: 0.00021532163 | E32: kilogram | F32: biosphere3 | G32: biosphere | H32: water | J32: (1,2,2,1,1)
A34: Activity | B34: [P] Anode/Paste production
A35: reference product | B35: Anode/Paste
A36: location | B36: Russia and Rest-of-Europe
A37: amount | B37: 1
A38: unit | B38: kilogram
A39: comment | B39: n/a
A40: Exchanges
A41: name | B41: reference product | C41: location | D41: amount | E41: unit | F41: database | G41: type | H41: categories | I41: uncertainty type | J41: pedigree | K41: loc | L41: scale | M41: minimum | N41: maximum
A42: =B34 -> [P] Anode/Paste production | B42: =B35 -> Anode/Paste | C42: =B36 -> Russia and Rest-of-Europe | D42: 1 | E42: kilogram | F42: =F9 -> Aluminium | G42: production
A43: market for petroleum coke | B43: petroleum coke | C43: GLO | D43: 0.73395154 | E43: kilogram | F43: ecoinvent 3.10 cutoff | G43: technosphere | J43: (1,2,2,1,1)
A44: market for pitch | B44: pitch | C44: Europe without Switzerland | D44: 0.25679504 | E44: kilogram | F44: ecoinvent 3.10 cutoff | G44: technosphere | J44: (1,2,2,1,1)
A45: market for heavy fuel oil | B45: heavy fuel oil | C45: Europe without Switzerland | D45: 0.028887285 | E45: kilogram | F45: ecoinvent 3.10 cutoff | G45: technosphere | J45: (1,2,2,1,1)
A46: market for diesel, burned in building machine | B46: diesel, burned in building machine | C46: GLO | D46: 0.0039368491 | E46: megajoule | F46: ecoinvent 3.10 cutoff | G46: technosphere | J46: (1,2,2,1,1)
A47: market for natural gas, high pressure | B47: natural gas, high pressure | C47: RoE | D47: 0.0068379891 | E47: cubic meter | F47: ecoinvent 3.10 cutoff | G47: technosphere | J47: (1,2,2,1,1)
A48: market group for electricity, medium voltage | B48: electricity, medium voltage | C48: RER | D48: 0.15145734 | E48: kilowatt hour | F48: ecoinvent 3.10 cutoff | G48: technosphere | J48: (1,2,2,1,1)
A49: market for refractory spent pot liner from Al electrolysis | B49: refractory spent pot liner from Al electrolysis | C49: RER | D49: -0.0048389751 | E49: kilogram | F49: ecoinvent 3.10 cutoff | G49: technosphere | J49: (1,5,2,1,1)
A50: market for spent pot liner from Al electrolysis, carbon fraction | B50: spent pot liner from Al electrolysis, carbon fraction | C50: RoW | D50: -0.01008233 | E50: kilogram | F50: ecoinvent 3.10 cutoff | G50: technosphere | J50: (1,5,2,1,1)
A52: Activity | B52: [R] Electrolysis
A53: reference product | B53: Liquid aluminium (Al)
A54: location | B54: Russia and Rest-of-Europe
A55: amount | B55: 1
A56: unit | B56: kilogram
A57: comment | B57: n/a
A58: Exchanges
A59: name | B59: reference product | C59: location | D59: amount | E59: unit | F59: database | G59: type | H59: categories | I59: uncertainty type | J59: pedigree | K59: loc | L59: scale | M59: minimum | N59: maximum
A60: =B52 -> [R] Electrolysis | B60: =B53 -> Liquid aluminium (Al) | C60: =B54 -> Russia and Rest-of-Europe | D60: 1 | E60: kilogram | F60: =F42 -> Aluminium | G60: production
A61: market for transport, freight, sea, container ship | B61: transport, freight, sea, container ship | C61: GLO | D61: 4.6214271 | E61: ton kilometer | F61: ecoinvent 3.10 cutoff | G61: technosphere | J61: (1,2,2,1,1)
A62: market for transport, freight train | B62: transport, freight train | C62: Europe without Switzerland | D62: 7.5331411 | E62: ton kilometer | F62: ecoinvent 3.10 cutoff | G62: technosphere | J62: (1,2,2,1,1)
A63: market for cathode, for aluminium electrolysis | B63: cathode, for aluminium electrolysis | C63: GLO | D63: 0.0089397053 | E63: kilogram | F63: ecoinvent 3.10 cutoff | G63: technosphere | J63: (1,2,2,1,1)
A64: market for aluminium fluoride | B64: aluminium fluoride | C64: GLO | D64: 0.022685165 | E64: kilogram | F64: ecoinvent 3.10 cutoff | G64: technosphere | J64: (1,2,2,1,1)
A65: market group for electricity, medium voltage | B65: electricity, medium voltage | C65: RER | D65: 15.986539 | E65: kilowatt hour | F65: ecoinvent 3.10 cutoff | G65: technosphere | J65: (1,1,2,1,1)
A66: market for spent pot liner from Al electrolysis, carbon fraction | B66: spent pot liner from Al electrolysis, carbon fraction | C66: RoW | D66: -0.0065159475 | E66: kilogram | F66: ecoinvent 3.10 cutoff | G66: technosphere | J66: (1,2,2,1,1)
A67: market for refractory spent pot liner from Al electrolysis | B67: refractory spent pot liner from Al electrolysis | C67: RER | D67: -0.00024840147 | E67: kilogram | F67: ecoinvent 3.10 cutoff | G67: technosphere | J67: (1,2,2,1,1)
A68: treatment of scrap steel, inert material landfill | B68: scrap steel | C68: Europe without Switzerland | D68: -0.029154443 | E68: kilogram | F68: ecoinvent 3.10 cutoff | G68: technosphere | J68: (1,2,2,1,1)
A69: market for refractory spent pot liner from Al electrolysis | B69: refractory spent pot liner from Al electrolysis | C69: RER | D69: -0.011920461 | E69: kilogram | F69: ecoinvent 3.10 cutoff | G69: technosphere | J69: (1,2,2,1,1)
A70: market for spent pot liner from Al electrolysis, carbon fraction | B70: spent pot liner from Al electrolysis, carbon fraction | C70: RoW | D70: -0.022753817 | E70: kilogram | F70: ecoinvent 3.10 cutoff | G70: technosphere | J70: (1,2,2,1,1)
A71: market for fly ash and scrubber sludge | B71: fly ash and scrubber sludge | C71: Europe without Switzerland | D71: -0.0055363887 | E71: kilogram | F71: ecoinvent 3.10 cutoff | G71: technosphere | J71: (1,2,2,1,1)
A72: Particulate Matter, > 2.5 um and < 10um | D72: 0.0038423462 | E72: kilogram | F72: biosphere3 | G72: biosphere | H72: air | J72: (1,2,2,1,1)
A73: Sulfur dioxide | D73: 0.0074570517 | E73: kilogram | F73: biosphere3 | G73: biosphere | H73: air | J73: (1,2,2,1,1)
A74: Nitrogen oxides | D74: 0.00064906009 | E74: kilogram | F74: biosphere3 | G74: biosphere | H74: air | J74: (1,2,2,1,1)
A75: Fluoride | D75: 0.0009798282 | E75: kilogram | F75: biosphere3 | G75: biosphere | H75: air | J75: (1,2,2,1,1)
A76: Fluoride | D76: 0.00070791554 | E76: kilogram | F76: biosphere3 | G76: biosphere | H76: air | J76: (1,2,2,1,1)
A77: PAH, polycyclic aromatic hydrocarbons | D77: 0.0006957829 | E77: kilogram | F77: biosphere3 | G77: biosphere | H77: air | J77: (1,2,2,1,1)
A78: Benzo(a)pyrene | D78: 9.8651948e-07 | E78: kilogram | F78: biosphere3 | G78: biosphere | H78: air | J78: (1,2,2,1,1)
A79: Tetrafluoromethane | D79: 4.6176193e-05 | E79: kilogram | F79: biosphere3 | G79: biosphere | H79: air | J79: (1,1,2,1,1)
A80: Hexafluoroethane | D80: 2.6748167e-06 | E80: kilogram | F80: biosphere3 | G80: biosphere | H80: air | J80: (1,1,2,1,1)
A81: Suspended solids, unspecified | D81: 1.2344406e-07 | E81: kilogram | F81: biosphere3 | G81: biosphere | H81: water | J81: (1,2,2,1,1)
A82: Hydrocarbons, unspecified | D82: 3.0990141e-09 | E82: kilogram | F82: biosphere3 | G82: biosphere | H82: water | J82: (1,2,2,1,1)
A83: Fluoride | D83: 5.6040505e-08 | E83: kilogram | F83: biosphere3 | G83: biosphere | H83: water | J83: (1,2,2,1,1)
A85: Activity | B85: [R] Casting
A86: reference product | B86: Al ingot
A87: location | B87: Russia and Rest-of-Europe
A88: amount | B88: 1
A89: unit | B89: kilogram
A90: comment | B90: n/a
A91: Exchanges
A92: name | B92: reference product | C92: location | D92: amount | E92: unit | F92: database | G92: type | H92: categories | I92: uncertainty type | J92: pedigree | K92: loc | L92: scale | M92: minimum | N92: maximum
A93: =B85 -> [R] Casting | B93: =B86 -> Al ingot | C93: =B87 -> Russia and Rest-of-Europe | D93: 1 | E93: kilogram | F93: =F60 -> Aluminium | G93: production
A94: market for chemical, inorganic | B94: chemical, inorganic | C94: GLO | D94: 0.011827169 | E94: kilogram | F94: ecoinvent 3.10 cutoff | G94: technosphere | J94: (1,2,2,1,1)
A95: market for chlorine, liquid | B95: chlorine, liquid | C95: RER | D95: 2.9234952e-06 | E95: kilogram | F95: ecoinvent 3.10 cutoff | G95: technosphere | J95: (1,3,2,1,1)
A96: market for argon, liquid | B96: argon, liquid | C96: RER | D96: 0.00091593107 | E96: kilogram | F96: ecoinvent 3.10 cutoff | G96: technosphere | J96: (1,2,2,1,1)
A97: market for heavy fuel oil | B97: heavy fuel oil | C97: Europe without Switzerland | D97: 0.04429377 | E97: kilogram | F97: ecoinvent 3.10 cutoff | G97: technosphere | J97: (1,2,2,1,1)
A98: market for diesel, burned in building machine | B98: diesel, burned in building machine | C98: GLO | D98: 0.0023181712 | E98: megajoule | F98: ecoinvent 3.10 cutoff | G98: technosphere | J98: (1,2,2,1,1)
A99: market for natural gas, high pressure | B99: natural gas, high pressure | C99: RoE | D99: 0.0067643672 | E99: cubic meter | F99: ecoinvent 3.10 cutoff | G99: technosphere | J99: (1,2,2,1,1)
A100: market group for electricity, medium voltage | B100: electricity, medium voltage | C100: RER | D100: 0.10882865 | E100: kilowatt hour | F100: ecoinvent 3.10 cutoff | G100: technosphere | J100: (1,2,2,1,1)
A101: market for electricity, medium voltage, renewable energy products | B101: electricity, medium voltage, renewable energy products | C101: CH | D101: 0.00097024601 | E101: kilowatt hour | F101: ecoinvent 3.10 cutoff | G101: technosphere | J101: (1,2,2,1,1)
A102: market for refractory spent pot liner from Al electrolysis | B102: refractory spent pot liner from Al electrolysis | C102: RER | D102: -0.00015514728 | E102: kilogram | F102: ecoinvent 3.10 cutoff | G102: technosphere | J102: (1,2,2,1,1)
A103: market for dross from Al electrolysis | B103: dross from Al electrolysis | C103: RER | D103: -0.0072813965 | E103: kilogram | F103: ecoinvent 3.10 cutoff | G103: technosphere | J103: (1,2,2,1,1)
...

Sheet PR6_Al_GCC
A1: Activity | B1: [P] Anode/Paste production
A2: reference product | B2: Anode/Paste
A3: location | B3: Gulf Cooperation Council (GCC) countries
A4: amount | B4: 1
A5: unit | B5: kilogram
A6: comment | B6: n/a
A7: Exchanges
A8: name | B8: reference product | C8: location | D8: amount | E8: unit | F8: database | G8: type | H8: categories | I8: uncertainty type | J8: pedigree | K8: loc | L8: scale | M8: minimum | N8: maximum
A9: =B1 -> [P] Anode/Paste production | B9: =B2 -> Anode/Paste | C9: =B3 -> Gulf Cooperation Council (GCC) countries | D9: 1 | E9: kilogram | F9: =Al_Market_GLO!B1 -> Aluminium | G9: production
A10: market for petroleum coke | B10: petroleum coke | C10: GLO | D10: 0.87138955 | E10: kilogram | F10: ecoinvent 3.10 cutoff | G10: technosphere | J10: (1,1,2,1,1)
A11: market for pitch | B11: pitch | C11: RoW | D11: 0.13900171 | E11: kilogram | F11: ecoinvent 3.10 cutoff | G11: technosphere | J11: (1,1,2,1,1)
A12: market for refractory, high aluminium oxide, packed | B12: refractory, high aluminium oxide, packed | C12: GLO | D12: 0.00081716007 | E12: kilogram | F12: ecoinvent 3.10 cutoff | G12: technosphere | J12: (1,3,2,1,1)
A13: market for steel, low-alloyed | B13: steel, low-alloyed | C13: GLO | D13: 0.0031437047 | E13: kilogram | F13: ecoinvent 3.10 cutoff | G13: technosphere | J13: (1,5,2,1,1)
A14: market for natural gas, high pressure | B14: natural gas, high pressure | C14: RoW | D14: 0.064112962 | E14: cubic meter | F14: ecoinvent 3.10 cutoff | G14: technosphere | J14: (1,1,2,1,1)
A15: market for electricity, medium voltage, aluminium industry | B15: electricity, medium voltage, aluminium industry | C15: IAI Area, Gulf Cooperation Council | D15: 0.022908335 | E15: kilowatt hour | F15: ecoinvent 3.10 cutoff | G15: technosphere | J15: (1,1,2,1,1)
A16: market for refractory spent pot liner from Al electrolysis | B16: refractory spent pot liner from Al electrolysis | C16: RoW | D16: -6.4577558e-05 | E16: kilogram | F16: ecoinvent 3.10 cutoff | G16: technosphere | J16: (1,2,2,1,1)
A17: treatment of scrap steel, inert material landfill | B17: scrap steel | C17: RoW | D17: -0.00014343283 | E17: kilogram | F17: ecoinvent 3.10 cutoff | G17: technosphere | J17: (1,4,2,1,1)
A18: market for spent pot liner from Al electrolysis, carbon fraction | B18: spent pot liner from Al electrolysis, carbon fraction | C18: RoW | D18: -0.0047778914 | E18: kilogram | F18: ecoinvent 3.10 cutoff | G18: technosphere | J18: (1,3,2,1,1)
A19: market for refractory spent pot liner from Al electrolysis | B19: refractory spent pot liner from Al electrolysis | C19: RoW | D19: -0.0016966146 | E19: kilogram | F19: ecoinvent 3.10 cutoff | G19: technosphere | J19: (1,3,2,1,1)
A20: Particulate Matter, > 2.5 um and < 10um | D20: 0.00034964449 | E20: kilogram | F20: biosphere3 | G20: biosphere | H20: air | J20: (1,2,2,1,1)
A21: Sulfur dioxide | D21: 0.00068948675 | E21: kilogram | F21: biosphere3 | G21: biosphere | H21: air | J21: (1,2,2,1,1)
A22: Nitrogen oxides | D22: 0.00022673956 | E22: kilogram | F22: biosphere3 | G22: biosphere | H22: air | J22: (1,2,2,1,1)
A23: Fluoride | D23: 2.9677977e-07 | E23: kilogram | F23: biosphere3 | G23: biosphere | H23: air | J23: (1,2,2,1,1)
A24: Fluoride | D24: 2.9335963e-05 | E24: kilogram | F24: biosphere3 | G24: biosphere | H24: air | J24: (1,2,2,1,1)
A25: PAH, polycyclic aromatic hydrocarbons | D25: 2.0235908e-05 | E25: kilogram | F25: biosphere3 | G25: biosphere | H25: air | J25: (1,2,2,1,1)
A26: Benzo(a)pyrene | D26: 2.2185095e-08 | E26: kilogram | F26: biosphere3 | G26: biosphere | H26: air | J26: (1,4,2,1,1)
A27: Hydrocarbons, unspecified | D27: 7.3602187e-05 | E27: kilogram | F27: biosphere3 | G27: biosphere | H27: water | J27: (1,4,2,1,1)
A29: Activity | B29: [R] Electrolysis
A30: reference product | B30: Liquid aluminium (Al)
A31: location | B31: Gulf Cooperation Council (GCC) countries
A32: amount | B32: 1
A33: unit | B33: kilogram
A34: comment | B34: n/a
A35: Exchanges
A36: name | B36: reference product | C36: location | D36: amount | E36: unit | F36: database | G36: type | H36: categories | I36: uncertainty type | J36: pedigree | K36: loc | L36: scale | M36: minimum | N36: maximum
A37: =B29 -> [R] Electrolysis | B37: =B30 -> Liquid aluminium (Al) | C37: =B31 -> Gulf Cooperation Council (GCC) countries | D37: 1 | E37: kilogram | F37: =F9 -> Aluminium | G37: production
A38: market for transport, freight, sea, container ship | B38: transport, freight, sea, container ship | C38: GLO | D38: 20.027574 | E38: ton kilometer | F38: ecoinvent 3.10 cutoff | G38: technosphere | J38: (1,2,2,1,1)
A39: market for transport, freight, lorry >32 metric ton, EURO5 | B39: transport, freight, lorry >32 metric ton, EURO5 | C39: RoW | D39: 0.0011591252 | E39: ton kilometer | F39: ecoinvent 3.10 cutoff | G39: technosphere | J39: (1,2,2,1,1)
A40: market for refractory, high aluminium oxide, packed | B40: refractory, high aluminium oxide, packed | C40: GLO | D40: 0.0052230474 | E40: kilogram | F40: ecoinvent 3.10 cutoff | G40: technosphere | J40: (1,2,2,1,1)
A41: market for steel, low-alloyed | B41: steel, low-alloyed | C41: GLO | D41: 0.0046287583 | E41: kilogram | F41: ecoinvent 3.10 cutoff | G41: technosphere | J41: (1,2,2,1,1)
A42: market for cathode, for aluminium electrolysis | B42: cathode, for aluminium electrolysis | C42: GLO | D42: 0.0054461746 | E42: kilogram | F42: ecoinvent 3.10 cutoff | G42: technosphere | J42: (1,2,2,1,1)
A43: market for aluminium fluoride | B43: aluminium fluoride | C43: GLO | D43: 0.015895372 | E43: kilogram | F43: ecoinvent 3.10 cutoff | G43: technosphere | J43: (1,2,2,1,1)
A44: market for electricity, medium voltage, aluminium industry | B44: electricity, medium voltage, aluminium industry | C44: IAI Area, Gulf Cooperation Council | D44: 15.126015 | E44: kilowatt hour | F44: ecoinvent 3.10 cutoff | G44: technosphere | J44: (1,1,2,1,1)
A45: market for spent pot liner from Al electrolysis, carbon fraction | B45: spent pot liner from Al electrolysis, carbon fraction | C45: RoW | D45: -0.0075490497 | E45: kilogram | F45: ecoinvent 3.10 cutoff | G45: technosphere | J45: (1,2,2,1,1)
A46: market for refractory spent pot liner from Al electrolysis | B46: refractory spent pot liner from Al electrolysis | C46: RoW | D46: -0.0052635914 | E46: kilogram | F46: ecoinvent 3.10 cutoff | G46: technosphere | J46: (1,2,2,1,1)
A47: treatment of scrap steel, inert material landfill | B47: scrap steel | C47: RoW | D47: -0.0060767731 | E47: kilogram | F47: ecoinvent 3.10 cutoff | G47: technosphere | J47: (1,3,2,1,1)
A48: market for refractory spent pot liner from Al electrolysis | B48: refractory spent pot liner from Al electrolysis | C48: RoW | D48: -0.0066524475 | E48: kilogram | F48: ecoinvent 3.10 cutoff | G48: technosphere | J48: (1,3,2,1,1)
A49: market for inert waste, for final disposal | B49: inert waste, for final disposal | C49: RoW | D49: -3.11648e-06 | E49: kilogram | F49: ecoinvent 3.10 cutoff | G49: technosphere | J49: (1,4,2,1,1)
... A52: market for refractory spent pot liner from Al electrolysis | B52: refractory spent pot liner from Al electrolysis | C52: RoW | D52: -0.00028566368 | E52: kilogram | F52: ecoinvent 3.10 cutoff | G52: technosphere | J52: (1,2,2,1,1)
A53: Water, salt, ocean | D53: 0.097267861 | E53: cubic meter | F53: biosphere3 | G53: biosphere | H53: natural resource::in water | J53: (1,2,2,1,1)
A54: Water, salt, ocean | D54: 0.005606597 | E54: cubic meter | F54: biosphere3 | G54: biosphere | H54: natural resource::in water | J54: (1,2,2,1,1)
A55: Particulate Matter, > 2.5 um and < 10um | D55: 0.00077612997 | E55: kilogram | F55: biosphere3 | G55: biosphere | H55: air | J55: (1,2,2,1,1)
A56: Sulfur dioxide | D56: 0.011519342 | E56: kilogram | F56: biosphere3 | G56: biosphere | H56: air | J56: (1,2,2,1,1)
A57: Sulfur hexafluoride | D57: 4.7393293e-09 | E57: kilogram | F57: biosphere3 | G57: biosphere | H57: air | J57: (1,4,2,1,1)
A58: Fluoride | D58: 0.00011854704 | E58: kilogram | F58: biosphere3 | G58: biosphere | H58: air | J58: (1,2,2,1,1)
A59: Fluoride | D59: 0.00026331201 | E59: kilogram | F59: biosphere3 | G59: biosphere | H59: air | J59: (1,2,2,1,1)
A60: PAH, polycyclic aromatic hydrocarbons | D60: 5.4066722e-07 | E60: kilogram | F60: biosphere3 | G60: biosphere | H60: air | J60: (1,4,2,1,1)
A61: Tetrafluoromethane | D61: 2.9606468e-05 | E61: kilogram | F61: biosphere3 | G61: biosphere | H61: air | J61: (1,1,2,1,1)
A62: Hexafluoroethane | D62: 1.1483886e-06 | E62: kilogram | F62: biosphere3 | G62: biosphere | H62: air | J62: (1,1,2,1,1)
A63: Water | D63: 0.091661264 | E63: cubic meter | F63: biosphere3 | G63: biosphere | H63: water::ocean | J63: (1,2,2,1,1)
A64: Suspended solids, unspecified | D64: 0.00066775551 | E64: kilogram | F64: biosphere3 | G64: biosphere | H64: water | J64: (1,4,2,1,1)
A65: Fluoride | D65: 0.0012520416 | E65: kilogram | F65: biosphere3 | G65: biosphere | H65: water | J65: (1,4,2,1,1)
A67: Activity | B67: [R] Casting
A68: reference product | B68: Al ingot
A69: location | B69: Gulf Cooperation Council (GCC) countries
A70: amount | B70: 1
A71: unit | B71: kilogram
A72: comment | B72: n/a
A73: Exchanges
A74: name | B74: reference product | C74: location | D74: amount | E74: unit | F74: database | G74: type | H74: categories | I74: uncertainty type | J74: pedigree | K74: loc | L74: scale | M74: minimum | N74: maximum
A75: =B67 -> [R] Casting | B75: =B68 -> Al ingot | C75: =B69 -> Gulf Cooperation Council (GCC) countries | D75: 1 | E75: kilogram | F75: =F37 -> Aluminium | G75: production
A76: market for chemical, inorganic | B76: chemical, inorganic | C76: GLO | D76: 0.020324886 | E76: kilogram | F76: ecoinvent 3.10 cutoff | G76: technosphere | J76: (1,2,2,1,1)
A77: market for chlorine, liquid | B77: chlorine, liquid | C77: RoW | D77: 7.3271477e-08 | E77: kilogram | F77: ecoinvent 3.10 cutoff | G77: technosphere | J77: (1,2,2,1,1)
A78: market for argon, liquid | B78: argon, liquid | C78: RoW | D78: 0.0010342588 | E78: kilogram | F78: ecoinvent 3.10 cutoff | G78: technosphere | J78: (1,2,2,1,1)
A79: market for nitrogen, liquid | B79: nitrogen, liquid | C79: RoW | D79: 0.00013418155 | E79: kilogram | F79: ecoinvent 3.10 cutoff | G79: technosphere | J79: (1,3,2,1,1)
A80: market for natural gas, high pressure | B80: natural gas, high pressure | C80: RoW | D80: 0.035496159 | E80: cubic meter | F80: ecoinvent 3.10 cutoff | G80: technosphere | J80: (1,1,2,1,1)
A81: market for electricity, medium voltage, aluminium industry | B81: electricity, medium voltage, aluminium industry | C81: IAI Area, Gulf Cooperation Council | D81: 0.077077247 | E81: kilowatt hour | F81: ecoinvent 3.10 cutoff | G81: technosphere | J81: (1,1,2,1,1)
A82: market for dross from Al electrolysis | B82: dross from Al electrolysis | C82: RoW | D82: -0.010404778 | E82: kilogram | F82: ecoinvent 3.10 cutoff | G82: technosphere | J82: (1,2,2,1,1)
A83: market for filter dust from Al electrolysis | B83: filter dust from Al electrolysis | C83: RoW | D83: -0.0010142888 | E83: kilogram | F83: ecoinvent 3.10 cutoff | G83: technosphere | J83: (1,4,2,1,1)
A84: market for refractory spent pot liner from Al electrolysis | B84: refractory spent pot liner from Al electrolysis | C84: RoW | D84: -0.0015685209 | E84: kilogram | F84: ecoinvent 3.10 cutoff | G84: technosphere | J84: (1,2,2,1,1)
A85: market for inert waste, for final disposal | B85: inert waste, for final disposal | C85: RoW | D85: -0.00023975329 | E85: kilogram | F85: ecoinvent 3.10 cutoff | G85: technosphere | J85: (1,4,2,1,1)
A86: Water, unspecified natural origin | D86: 3.7971232e-05 | E86: cubic meter | F86: biosphere3 | G86: biosphere | H86: natural resource::in ground | J86: (1,3,2,1,1)
A87: Water, salt, ocean | D87: 0.024820538 | E87: cubic meter | F87: biosphere3 | G87: biosphere | H87: natural resource::in water | J87: (1,4,2,1,1)
A88: Water, unspecified natural origin | D88: 1.252496e-05 | E88: cubic meter | F88: biosphere3 | G88: biosphere | H88: natural resource::in ground | J88: (1,3,2,1,1)
A89: Water, salt, ocean | D89: 0.00034490623 | E89: cubic meter | F89: biosphere3 | G89: biosphere | H89: natural resource::in water | J89: (1,4,2,1,1)
A90: Particulate Matter, > 2.5 um and < 10um | D90: 4.6087179e-06 | E90: kilogram | F90: biosphere3 | G90: biosphere | H90: air | J90: (1,4,2,1,1)
A91: Sulfur dioxide | D91: 3.8889531e-06 | E91: kilogram | F91: biosphere3 | G91: biosphere | H91: air | J91: (1,4,2,1,1)
A92: Nitrogen oxides | D92: 1.30622e-05 | E92: kilogram | F92: biosphere3 | G92: biosphere | H92: air | J92: (1,4,2,1,1)
A93: Hydrochloric acid | D93: 3.4665652e-06 | E93: kilogram | F93: biosphere3 | G93: biosphere | H93: air | J93: (1,4,2,1,1)
A94: Water, unspecified natural origin | D94: 2.5446272e-05 | E94: cubic meter | F94: biosphere3 | G94: biosphere | H94: water::in ground | J94: (1,3,2,1,1)
A95: Water | D95: 0.024475632 | E95: cubic meter | F95: biosphere3 | G95: biosphere | H95: water | J95: (1,4,2,1,1)
A96: Suspended solids, unspecified | D96: 3.240827e-06 | E96: kilogram | F96: biosphere3 | G96: biosphere | H96: water | J96: (1,3,2,1,1)
A97: Hydrocarbons, unspecified | D97: 1.1411775e-06 | E97: kilogram | F97: biosphere3 | G97: biosphere | H97: water | J97: (1,3,2,1,1)
A99: Activity | B99: Al ingot production in Gulf Cooperation Council (GCC) countries
A100: reference product | B100: Al ingot
A101: location | B101: Gulf Cooperation Council (GCC) countries
A102: amount | B102: 1
A103: unit | B103: kilogram
A104: comment | B104: n/a
A105: Exchanges
...

Sheet PR7_Al_AFR
A1: Activity | B1: [P] Anode/Paste production
A2: reference product | B2: Anode/Paste
A3: location | B3: Africa
A4: amount | B4: 1
A5: unit | B5: kilogram
A6: comment | B6: n/a
A7: Exchanges
A8: name | B8: reference product | C8: location | D8: amount | E8: unit | F8: database | G8: type | H8: categories | I8: uncertainty type | J8: pedigree | K8: loc | L8: scale | M8: minimum | N8: maximum
A9: =B1 -> [P] Anode/Paste production | B9: =B2 -> Anode/Paste | C9: =B3 -> Africa | D9: 1 | E9: kilogram | F9: =Al_Market_GLO!B1 -> Aluminium | G9: production
A10: market for petroleum coke | B10: petroleum coke | C10: GLO | D10: 1.4079478 | E10: kilogram | F10: ecoinvent 3.10 cutoff | G10: technosphere | J10: (1,2,2,1,1)
A11: market for pitch | B11: pitch | C11: RoW | D11: 0.22526058 | E11: kilogram | F11: ecoinvent 3.10 cutoff | G11: technosphere | J11: (1,2,2,1,1)
A12: market for refractory, high aluminium oxide, packed | B12: refractory, high aluminium oxide, packed | C12: GLO | D12: 0.0027116871 | E12: kilogram | F12: ecoinvent 3.10 cutoff | G12: technosphere | J12: (1,4,2,1,1)
A13: market for steel, low-alloyed | B13: steel, low-alloyed | C13: GLO | D13: 0.0032625227 | E13: kilogram | F13: ecoinvent 3.10 cutoff | G13: technosphere | J13: (1,4,2,1,1)
A14: market for natural gas, high pressure | B14: natural gas, high pressure | C14: RoW | D14: 0.097697569 | E14: cubic meter | F14: ecoinvent 3.10 cutoff | G14: technosphere | J14: (1,2,2,1,1)
A15: market for electricity, medium voltage, aluminium industry | B15: electricity, medium voltage, aluminium industry | C15: IAI Area, Africa | D15: 0.17191349 | E15: kilowatt hour | F15: ecoinvent 3.10 cutoff | G15: technosphere | J15: (1,2,2,1,1)
A16: market for refractory spent pot liner from Al electrolysis | B16: refractory spent pot liner from Al electrolysis | C16: RoW | D16: -0.006437782 | E16: kilogram | F16: ecoinvent 3.10 cutoff | G16: technosphere | J16: (1,2,2,1,1)
A17: treatment of scrap steel, inert material landfill | B17: scrap steel | C17: RoW | D17: -0.00030251291 | E17: kilogram | F17: ecoinvent 3.10 cutoff | G17: technosphere | J17: (1,2,2,1,1)
A18: market for inert waste, for final disposal | B18: inert waste, for final disposal | C18: RoW | D18: -0.00071364807 | E18: kilogram | F18: ecoinvent 3.10 cutoff | G18: technosphere | J18: (1,2,2,1,1)
A19: market for spent pot liner from Al electrolysis, carbon fraction | B19: spent pot liner from Al electrolysis, carbon fraction | C19: RoW | D19: -0.0031449056 | E19: kilogram | F19: ecoinvent 3.10 cutoff | G19: technosphere | J19: (1,2,2,1,1)
A20: market for fly ash and scrubber sludge | B20: fly ash and scrubber sludge | C20: RoW | D20: -0.00033985002 | E20: kilogram | F20: ecoinvent 3.10 cutoff | G20: technosphere | J20: (1,2,2,1,1)
A21: market for inert waste, for final disposal | B21: inert waste, for final disposal | C21: RoW | D21: -0.0034577623 | E21: kilogram | F21: ecoinvent 3.10 cutoff | G21: technosphere | J21: (1,2,2,1,1)
A22: market for hazardous waste, for underground deposit | B22: hazardous waste, for underground deposit | C22: RoW | D22: -0.0028797073 | E22: kilogram | F22: ecoinvent 3.10 cutoff | G22: technosphere | J22: (1,2,2,1,1)
A23: Water, unspecified natural origin | D23: 1.3248304e-05 | E23: cubic meter | F23: biosphere3 | G23: biosphere | H23: natural resource::in ground | J23: (1,4,2,1,1)
A24: Water, unspecified natural origin | D24: 1.3248304e-05 | E24: cubic meter | F24: biosphere3 | G24: biosphere | H24: natural resource::in ground | J24: (1,4,2,1,1)
A25: Particulate Matter, > 2.5 um and < 10um | D25: 0.0010697215 | E25: kilogram | F25: biosphere3 | G25: biosphere | H25: air | J25: (1,4,2,1,1)
A26: Sulfur dioxide | D26: 0.0011686695 | E26: kilogram | F26: biosphere3 | G26: biosphere | H26: air | J26: (1,4,2,1,1)
A27: Nitrogen oxides | D27: 0.0024792469 | E27: kilogram | F27: biosphere3 | G27: biosphere | H27: air | J27: (1,4,2,1,1)
A28: Fluoride | D28: 1.0560826e-05 | E28: kilogram | F28: biosphere3 | G28: biosphere | H28: air | J28: (1,4,2,1,1)
A30: Activity | B30: [R] Electrolysis
A31: reference product | B31: Liquid aluminium (Al)
A32: location | B32: Africa
A33: amount | B33: 1
A34: unit | B34: kilogram
A35: comment | B35: n/a
A36: Exchanges
A37: name | B37: reference product | C37: location | D37: amount | E37: unit | F37: database | G37: type | H37: categories | I37: uncertainty type | J37: pedigree | K37: loc | L37: scale | M37: minimum | N37: maximum
A38: =B30 -> [R] Electrolysis | B38: =B31 -> Liquid aluminium (Al) | C38: =B32 -> Africa | D38: 1 | E38: kilogram | F38: =F9 -> Aluminium | G38: production
A39: market for transport, freight, sea, container ship | B39: transport, freight, sea, container ship | C39: GLO | D39: 8.4544284 | E39: ton kilometer | F39: ecoinvent 3.10 cutoff | G39: technosphere | J39: (1,2,2,1,1)
A40: market for transport, freight, lorry >32 metric ton, EURO5 | B40: transport, freight, lorry >32 metric ton, EURO5 | C40: RoW | D40: 0.059908727 | E40: ton kilometer | F40: ecoinvent 3.10 cutoff | G40: technosphere | J40: (1,2,2,1,1)
A41: market for refractory, high aluminium oxide, packed | B41: refractory, high aluminium oxide, packed | C41: GLO | D41: 0.0068669213 | E41: kilogram | F41: ecoinvent 3.10 cutoff | G41: technosphere | J41: (1,4,2,1,1)
A42: market for steel, low-alloyed | B42: steel, low-alloyed | C42: GLO | D42: 0.0043976218 | E42: kilogram | F42: ecoinvent 3.10 cutoff | G42: technosphere | J42: (1,4,2,1,1)
A43: market for cathode, for aluminium electrolysis | B43: cathode, for aluminium electrolysis | C43: GLO | D43: 0.0059807862 | E43: kilogram | F43: ecoinvent 3.10 cutoff | G43: technosphere | J43: (1,4,2,1,1)
A44: market for aluminium fluoride | B44: aluminium fluoride | C44: GLO | D44: 0.018177368 | E44: kilogram | F44: ecoinvent 3.10 cutoff | G44: technosphere | J44: (1,2,2,1,1)
A45: market for electricity, medium voltage, aluminium industry | B45: electricity, medium voltage, aluminium industry | C45: IAI Area, Africa | D45: 14.526793 | E45: kilowatt hour | F45: ecoinvent 3.10 cutoff | G45: technosphere | J45: (1,1,2,1,1)
A46: treatment of scrap steel, inert material landfill | B46: scrap steel | C46: RoW | D46: -0.0045183014 | E46: kilogram | F46: ecoinvent 3.10 cutoff | G46: technosphere | J46: (1,2,2,1,1)
A47: market for refractory spent pot liner from Al electrolysis | B47: refractory spent pot liner from Al electrolysis | C47: RoW | D47: -0.0079826927 | E47: kilogram | F47: ecoinvent 3.10 cutoff | G47: technosphere | J47: (1,2,2,1,1)
A48: market for inert waste, for final disposal | B48: inert waste, for final disposal | C48: RoW | D48: -4.8564791e-05 | E48: kilogram | F48: ecoinvent 3.10 cutoff | G48: technosphere | J48: (1,2,2,1,1)
A49: market for spent pot liner from Al electrolysis, carbon fraction | B49: spent pot liner from Al electrolysis, carbon fraction | C49: RoW | D49: -0.0061573746 | E49: kilogram | F49: ecoinvent 3.10 cutoff | G49: technosphere | J49: (1,2,2,1,1)
A50: market for refractory spent pot liner from Al electrolysis | B50: refractory spent pot liner from Al electrolysis | C50: RoW | D50: -2.9455434e-05 | E50: kilogram | F50: ecoinvent 3.10 cutoff | G50: technosphere | J50: (1,2,2,1,1)
A51: Water, unspecified natural origin | D51: 0.00082251408 | E51: cubic meter | F51: biosphere3 | G51: biosphere | H51: natural resource::in ground | J51: (1,2,2,1,1)
A52: Water, unspecified natural origin | D52: 0.00028608798 | E52: cubic meter | F52: biosphere3 | G52: biosphere | H52: natural resource::in ground | J52: (1,2,2,1,1)
A53: Particulate Matter, > 2.5 um and < 10um | D53: 0.00043093776 | E53: kilogram | F53: biosphere3 | G53: biosphere | H53: air | J53: (1,2,2,1,1)
A54: Sulfur dioxide | D54: 0.014104018 | E54: kilogram | F54: biosphere3 | G54: biosphere | H54: air | J54: (1,2,2,1,1)
A55: Fluoride | D55: 0.00058790388 | E55: kilogram | F55: biosphere3 | G55: biosphere | H55: air | J55: (1,4,2,1,1)
A56: Fluoride | D56: 0.00036791882 | E56: kilogram | F56: biosphere3 | G56: biosphere | H56: air | J56: (1,2,2,1,1)
A57: Tetrafluoromethane | D57: 2.3226664e-05 | E57: kilogram | F57: biosphere3 | G57: biosphere | H57: air | J57: (1,1,2,1,1)
A58: Hexafluoroethane | D58: 1.1107094e-07 | E58: kilogram | F58: biosphere3 | G58: biosphere | H58: air | J58: (1,1,2,1,1)
A59: Water | D59: 0.00053642609 | E59: cubic meter | F59: biosphere3 | G59: biosphere | H59: water | J59: (1,2,2,1,1)
A60: Fluoride | D60: 5.1986172e-06 | E60: kilogram | F60: biosphere3 | G60: biosphere | H60: water | J60: (1,4,2,1,1)
A62: Activity | B62: [R] Casting
A63: reference product | B63: Al ingot
A64: location | B64: Africa
A65: amount | B65: 1
A66: unit | B66: kilogram
A67: comment | B67: n/a
A68: Exchanges
A69: name | B69: reference product | C69: location | D69: amount | E69: unit | F69: database | G69: type | H69: categories | I69: uncertainty type | J69: pedigree | K69: loc | L69: scale | M69: minimum | N69: maximum
A70: =B62 -> [R] Casting | B70: =B63 -> Al ingot | C70: =B64 -> Africa | D70: 1 | E70: kilogram | F70: =F38 -> Aluminium | G70: production
A71: market for chemical, inorganic | B71: chemical, inorganic | C71: GLO | D71: 1.7322189e-08 | E71: kilogram | F71: ecoinvent 3.10 cutoff | G71: technosphere | J71: (1,3,2,1,1)
A72: market for natural gas, high pressure | B72: natural gas, high pressure | C72: RoW | D72: 0.018394159 | E72: cubic meter | F72: ecoinvent 3.10 cutoff | G72: technosphere | J72: (1,3,2,1,1)
A73: market for electricity, medium voltage, aluminium industry | B73: electricity, medium voltage, aluminium industry | C73: IAI Area, Africa | D73: 0.05655986 | E73: kilowatt hour | F73: ecoinvent 3.10 cutoff | G73: technosphere | J73: (1,3,2,1,1)
A74: market for refractory spent pot liner from Al electrolysis | B74: refractory spent pot liner from Al electrolysis | C74: RoW | D74: -5.530109e-05 | E74: kilogram | F74: ecoinvent 3.10 cutoff | G74: technosphere | J74: (1,3,2,1,1)
A75: market for dross from Al electrolysis | B75: dross from Al electrolysis | C75: RoW | D75: -0.0077134679 | E75: kilogram | F75: ecoinvent 3.10 cutoff | G75: technosphere | J75: (1,3,2,1,1)
A76: market for refractory spent pot liner from Al electrolysis | B76: refractory spent pot liner from Al electrolysis | C76: RoW | D76: -0.00016369469 | E76: kilogram | F76: ecoinvent 3.10 cutoff | G76: technosphere | J76: (1,3,2,1,1)
A77: market for inert waste, for final disposal | B77: inert waste, for final disposal | C77: RoW | D77: -0.00019592463 | E77: kilogram | F77: ecoinvent 3.10 cutoff | G77: technosphere | J77: (1,4,2,1,1)
A78: market for hazardous waste, for incineration | B78: hazardous waste, for incineration | C78: RoW | D78: -4.3682085e-05 | E78: kilogram | F78: ecoinvent 3.10 cutoff | G78: technosphere | J78: (1,4,2,1,1)
A79: Water, unspecified natural origin | D79: 0.00067609709 | E79: cubic meter | F79: biosphere3 | G79: biosphere | H79: natural resource::in ground | J79: (1,3,2,1,1)
A80: Water, unspecified natural origin | D80: 0.00043061314 | E80: cubic meter | F80: biosphere3 | G80: biosphere | H80: natural resource::in ground | J80: (1,3,2,1,1)
A81: Particulate Matter, > 2.5 um and < 10um | D81: 5.8027862e-06 | E81: kilogram | F81: biosphere3 | G81: biosphere | H81: air | J81: (1,4,2,1,1)
A82: Sulfur dioxide | D82: 2.7402046e-07 | E82: kilogram | F82: biosphere3 | G82: biosphere | H82: air | J82: (1,4,2,1,1)
A83: Nitrogen oxides | D83: 8.4623965e-06 | E83: kilogram | F83: biosphere3 | G83: biosphere | H83: air | J83: (1,4,2,1,1)
A84: Water | D84: 0.00024548396 | E84: cubic meter | F84: biosphere3 | G84: biosphere | H84: water | J84: (1,3,2,1,1)
A85: Suspended solids, unspecified | D85: 2.2888768e-06 | E85: kilogram | F85: biosphere3 | G85: biosphere | H85: water | J85: (1,4,2,1,1)
A86: Hydrocarbons, unspecified | D86: 5.0613191e-07 | E86: kilogram | F86: biosphere3 | G86: biosphere | H86: water | J86: (1,4,2,1,1)
A88: Activity | B88: Al ingot production in Africa
A89: reference product | B89: Al ingot
A90: location | B90: Africa
A91: amount | B91: 1
A92: unit | B92: kilogram
A93: comment | B93: n/a
A94: Exchanges
A95: name | B95: reference product | C95: location | D95: amount | E95: unit | F95: database | G95: type | H95: categories | I95: uncertainty type | J95: pedigree | K95: loc | L95: scale | M95: minimum | N95: maximum
A96: =B88 -> Al ingot production in Africa | B96: =B89 -> Al ingot | C96: =B90 -> Africa | D96: 1 | E96: kilogram | F96: =F70 -> Aluminium | G96: production
A97: =A70 -> [R] Casting | B97: =B70 -> Al ingot | C97: =C70 -> Africa | D97: 1 | E97: =E70 -> kilogram | F97: =F70 -> Aluminium | G97: technosphere
A98: =A38 -> [R] Electrolysis | B98: =B38 -> Liquid aluminium (Al) | C98: =C38 -> Africa | D98: 1 | E98: =E38 -> kilogram | F98: =F38 -> Aluminium | G98: technosphere
A99: =A9 -> [P] Anode/Paste production | B99: =B9 -> Anode/Paste | C99: =C9 -> Africa | D99: 0.53607688 | E99: =E9 -> kilogram | F99: =F9 -> Aluminium | G99: technosphere
A100: =Al_Mining_GLO!A83 -> Global alumina production | B100: =Al_Mining_GLO!B83 -> Alumina | C100: =Al_Mining_GLO!C83 -> GLO | D100: 1.9127511 | E100: =Al_Mining_GLO!E83 -> kilogram | F100: =Al_Mining_GLO!F83 -> Aluminium | G100: technosphere

Sheet PR8_Al_OAS
A1: Activity | B1: [P] Alumina production
A2: reference product | B2: Alumina
A3: location | B3: Rest-of-Asia
A4: amount | B4: 1
A5: unit | B5: kilogram
A6: comment | B6: n/a
A7: Exchanges
A8: name | B8: reference product | C8: location | D8: amount | E8: unit | F8: database | G8: type | H8: categories | I8: uncertainty type | J8: pedigree | K8: loc | L8: scale | M8: minimum | N8: maximum
A9: =B1 -> [P] Alumina production | B9: =B2 -> Alumina | C9: =B3 -> Rest-of-Asia | D9: 1 | E9: kilogram | F9: =Al_Market_GLO!B1 -> Aluminium | G9: production
A10: market for transport, freight, lorry >32 metric ton, EURO5 | B10: transport, freight, lorry >32 metric ton, EURO5 | C10: RoW | D10: 0.035 | E10: ton kilometer | F10: ecoinvent 3.10 cutoff | G10: technosphere | J10: (1,4,2,1,1)
A11: market for sodium hydroxide, without water, in 50% solution state | B11: sodium hydroxide, without water, in 50% solution state | C11: RoW | D11: 0.085934698 | E11: kilogram | F11: ecoinvent 3.10 cutoff | G11: technosphere | J11: (1,4,2,1,1)
A12: market for lime, packed | B12: lime, packed | C12: RoW | D12: 0.078255821 | E12: kilogram | F12: ecoinvent 3.10 cutoff | G12: technosphere | J12: (1,5,2,1,1)
A13: market for heavy fuel oil | B13: heavy fuel oil | C13: RoW | D13: 0.047525725 | E13: kilogram | F13: ecoinvent 3.10 cutoff | G13: technosphere | J13: (1,4,2,1,1)
A14: market for diesel, burned in building machine | B14: diesel, burned in building machine | C14: GLO | D14: 0.0031981712 | E14: megajoule | F14: ecoinvent 3.10 cutoff | G14: technosphere | J14: (1,4,2,1,1)
A15: market for natural gas, high pressure | B15: natural gas, high pressure | C15: RoW | D15: 0.0061330392 | E15: cubic meter | F15: ecoinvent 3.10 cutoff | G15: technosphere | J15: (1,4,2,1,1)
A16: market for hard coal briquettes | B16: hard coal briquettes | C16: RoW | D16: 7.5334721 | E16: megajoule | F16: ecoinvent 3.10 cutoff | G16: technosphere | J16: (1,4,2,1,1)
A17: market group for electricity, medium voltage | B17: electricity, medium voltage | C17: RAS | D17: 0.023333158 | E17: kilowatt hour | F17: ecoinvent 3.10 cutoff | G17: technosphere | J17: (1,4,2,1,1)
A18: market for electricity, medium voltage, renewable energy products | B18: electricity, medium voltage, renewable energy products | C18: CH | D18: 0.39273101 | E18: kilowatt hour | F18: ecoinvent 3.10 cutoff | G18: technosphere | J18: (1,4,2,1,1)
A19: market for redmud from bauxite digestion | B19: redmud from bauxite digestion | C19: RoW | D19: -0.083337084 | E19: kilogram | F19: ecoinvent 3.10 cutoff | G19: technosphere | J19: (1,5,2,1,1)
A20: market for redmud from bauxite digestion | B20: redmud from bauxite digestion | C20: RoW | D20: -1.3935633 | E20: kilogram | F20: ecoinvent 3.10 cutoff | G20: technosphere | J20: (1,3,2,1,1)
A21: Water, unspecified natural origin | D21: 0.0034994066 | E21: cubic meter | F21: biosphere3 | G21: biosphere | H21: natural resource::in ground | J21: (1,4,2,1,1)
A22: Water, unspecified natural origin | D22: 0.0034550538 | E22: cubic meter | F22: biosphere3 | G22: biosphere | H22: natural resource::in ground | J22: (1,4,2,1,1)
A23: Particulate Matter, > 2.5 um and < 10um | D23: 0.00027214979 | E23: kilogram | F23: biosphere3 | G23: biosphere | H23: air | J23: (1,4,2,1,1)
A24: Sulfur dioxide | D24: 0.00049040467 | E24: kilogram | F24: biosphere3 | G24: biosphere | H24: air | J24: (1,4,2,1,1)
A25: Nitrogen oxides | D25: 0.00012701392 | E25: kilogram | F25: biosphere3 | G25: biosphere | H25: air | J25: (1,5,2,1,1)
A26: Water | D26: 0.00085144191 | E26: cubic meter | F26: biosphere3 | G26: biosphere | H26: water | J26: (1,5,2,1,1)
A28: Activity | B28: [P] Anode/Paste production
A29: reference product | B29: Anode/Paste
A30: location | B30: Rest-of-Asia
A31: amount | B31: 1
A32: unit | B32: kilogram
A33: comment | B33: n/a
A34: Exchanges
A35: name | B35: reference product | C35: location | D35: amount | E35: unit | F35: database | G35: type | H35: categories | I35: uncertainty type | J35: pedigree | K35: loc | L35: scale | M35: minimum | N35: maximum
A36: =B28 -> [P] Anode/Paste production | B36: =B29 -> Anode/Paste | C36: =B30 -> Rest-of-Asia | D36: 1 | E36: kilogram | F36: =F9 -> Aluminium | G36: production
A37: market for petroleum coke | B37: petroleum coke | C37: GLO | D37: 0.99159291 | E37: kilogram | F37: ecoinvent 3.10 cutoff | G37: technosphere | J37: (1,5,2,1,1)
A38: market for pitch | B38: pitch | C38: RoW | D38: 0.16028644 | E38: kilogram | F38: ecoinvent 3.10 cutoff | G38: technosphere | J38: (1,5,2,1,1)
A39: market for refractory, high aluminium oxide, packed | B39: refractory, high aluminium oxide, packed | C39: GLO | D39: 0.0011746553 | E39: kilogram | F39: ecoinvent 3.10 cutoff | G39: technosphere | J39: (1,5,2,1,1)
A40: market for steel, low-alloyed | B40: steel, low-alloyed | C40: GLO | D40: 0.00047152691 | E40: kilogram | F40: ecoinvent 3.10 cutoff | G40: technosphere | J40: (1,5,2,1,1)
A41: market for heavy fuel oil | B41: heavy fuel oil | C41: RoW | D41: 0.047656217 | E41: kilogram | F41: ecoinvent 3.10 cutoff | G41: technosphere | J41: (1,5,2,1,1)
A42: market for natural gas, high pressure | B42: natural gas, high pressure | C42: RoW | D42: 0.0024828111 | E42: cubic meter | F42: ecoinvent 3.10 cutoff | G42: technosphere | J42: (1,5,2,1,1)
A43: market group for electricity, medium voltage | B43: electricity, medium voltage | C43: RAS | D43: 0.19475128 | E43: kilowatt hour | F43: ecoinvent 3.10 cutoff | G43: technosphere | J43: (1,5,2,1,1)
A44: market for refractory spent pot liner from Al electrolysis | B44: refractory spent pot liner from Al electrolysis | C44: RoW | D44: -2.5956311e-05 | E44: kilogram | F44: ecoinvent 3.10 cutoff | G44: technosphere | J44: (1,5,2,1,1)
A45: treatment of scrap steel, inert material landfill | B45: scrap steel | C45: RoW | D45: -0.00097236335 | E45: kilogram | F45: ecoinvent 3.10 cutoff | G45: technosphere | J45: (1,5,2,1,1)
A46: market for spent pot liner from Al electrolysis, carbon fraction | B46: spent pot liner from Al electrolysis, carbon fraction | C46: RoW | D46: -0.020659861 | E46: kilogram | F46: ecoinvent 3.10 cutoff | G46: technosphere | J46: (1,5,2,1,1)
A47: market for inert waste, for final disposal | B47: inert waste, for final disposal | C47: RoW | D47: -0.0038938202 | E47: kilogram | F47: ecoinvent 3.10 cutoff | G47: technosphere | J47: (1,5,2,1,1)
A48: market for hazardous waste, for incineration | B48: hazardous waste, for incineration | C48: RoW | D48: -0.0026847468 | E48: kilogram | F48: ecoinvent 3.10 cutoff | G48: technosphere | J48: (1,5,2,1,1)
A49: Water, unspecified natural origin | D49: 0.0002132226 | E49: cubic meter | F49: biosphere3 | G49: biosphere | H49: natural resource::in ground | J49: (1,5,2,1,1)
A50: Water, unspecified natural origin | D50: 0.00012545943 | E50: cubic meter | F50: biosphere3 | G50: biosphere | H50: natural resource::in ground | J50: (1,5,2,1,1)
A51: Particulate Matter, > 2.5 um and < 10um | D51: 0.00020516757 | E51: kilogram | F51: biosphere3 | G51: biosphere | H51: air | J51: (1,4,2,1,1)
A52: Sulfur dioxide | D52: 0.00080562935 | E52: kilogram | F52: biosphere3 | G52: biosphere | H52: air | J52: (1,4,2,1,1)
A53: Nitrogen oxides | D53: 0.00015694254 | E53: kilogram | F53: biosphere3 | G53: biosphere | H53: air | J53: (1,4,2,1,1)
A54: Fluoride | D54: 7.6671739e-06 | E54: kilogram | F54: biosphere3 | G54: biosphere | H54: air | J54: (1,4,2,1,1)
A55: Fluoride | D55: 9.3460989e-06 | E55: kilogram | F55: biosphere3 | G55: biosphere | H55: air | J55: (1,4,2,1,1)
A56: PAH, polycyclic aromatic hydrocarbons | D56: 2.0199706e-06 | E56: kilogram | F56: biosphere3 | G56: biosphere | H56: air | J56: (1,5,2,1,1)
A57: Water | D57: 8.7763169e-05 | E57: cubic meter | F57: biosphere3 | G57: biosphere | H57: water | J57: (1,5,2,1,1)
A59: Activity | B59: [R] Electrolysis
A60: reference product | B60: Liquid aluminium (Al)
A61: location | B61: Rest-of-Asia
A62: amount | B62: 1
A63: unit | B63: kilogram
A64: comment | B64: n/a
A65: Exchanges
A66: name | B66: reference product | C66: location | D66: amount | E66: unit | F66: database | G66: type | H66: categories | I66: uncertainty type | J66: pedigree | K66: loc | L66: scale | M66: minimum | N66: maximum
A67: =B59 -> [R] Electrolysis | B67: =B60 -> Liquid aluminium (Al) | C67: =B61 -> Rest-of-Asia | D67: 1 | E67: kilogram | F67: =F36 -> Aluminium | G67: production
A68: market for transport, freight, lorry >32 metric ton, EURO5 | B68: transport, freight, lorry >32 metric ton, EURO5 | C68: RoW | D68: 0.046079082 | E68: ton kilometer | F68: ecoinvent 3.10 cutoff | G68: technosphere | J68: (1,5,2,1,1)
A69: market for transport, freight train | B69: transport, freight train | C69: RoW | D69: 0.66669483 | E69: ton kilometer | F69: ecoinvent 3.10 cutoff | G69: technosphere | J69: (1,5,2,1,1)
A70: market for refractory, high aluminium oxide, packed | B70: refractory, high aluminium oxide, packed | C70: GLO | D70: 0.0070097662 | E70: kilogram | F70: ecoinvent 3.10 cutoff | G70: technosphere | J70: (1,5,2,1,1)
A71: market for steel, low-alloyed | B71: steel, low-alloyed | C71: GLO | D71: 0.004142658 | E71: kilogram | F71: ecoinvent 3.10 cutoff | G71: technosphere | J71: (1,4,2,1,1)
A72: market for cathode, for aluminium electrolysis | B72: cathode, for aluminium electrolysis | C72: GLO | D72: 0.0056940797 | E72: kilogram | F72: ecoinvent 3.10 cutoff | G72: technosphere | J72: (1,4,2,1,1)
A73: market for aluminium fluoride | B73: aluminium fluoride | C73: GLO | D73: 0.011329377 | E73: kilogram | F73: ecoinvent 3.10 cutoff | G73: technosphere | J73: (1,4,2,1,1)
A74: market group for electricity, medium voltage | B74: electricity, medium voltage | C74: RAS | D74: 14.899962 | E74: kilowatt hour | F74: ecoinvent 3.10 cutoff | G74: technosphere | J74: (1,1,2,1,1)
A75: market for spent pot liner from Al electrolysis, carbon fraction | B75: spent pot liner from Al electrolysis, carbon fraction | C75: RoW | D75: -0.0079135914 | E75: kilogram | F75: ecoinvent 3.10 cutoff | G75: technosphere | J75: (1,5,2,1,1)
A76: market for refractory spent pot liner from Al electrolysis | B76: refractory spent pot liner from Al electrolysis | C76: RoW | D76: -0.0053726867 | E76: kilogram | F76: ecoinvent 3.10 cutoff | G76: technosphere | J76: (1,5,2,1,1)
A77: market for refractory spent pot liner from Al electrolysis | B77: refractory spent pot liner from Al electrolysis | C77: RoW | D77: -0.0012883572 | E77: kilogram | F77: ecoinvent 3.10 cutoff | G77: technosphere | J77: (1,5,2,1,1)
A78: treatment of scrap steel, inert material landfill | B78: scrap steel | C78: RoW | D78: -0.0043021344 | E78: kilogram | F78: ecoinvent 3.10 cutoff | G78: technosphere | J78: (1,5,2,1,1)
A79: market for refractory spent pot liner from Al electrolysis | B79: refractory spent pot liner from Al electrolysis | C79: RoW | D79: -0.095074921 | E79: kilogram | F79: ecoinvent 3.10 cutoff | G79: technosphere | J79: (1,5,2,1,1)
... A81: market for spent pot liner from Al electrolysis, carbon fraction | B81: spent pot liner from Al electrolysis, carbon fraction | C81: RoW | D81: -0.0049716308 | E81: kilogram | F81: ecoinvent 3.10 cutoff | G81: technosphere | J81: (1,5,2,1,1)
A82: Water, unspecified natural origin | D82: 0.00080845875 | E82: cubic meter | F82: biosphere3 | G82: biosphere | H82: natural resource::in ground | J82: (1,4,2,1,1)
A83: Water, unspecified natural origin | D83: 0.00080845875 | E83: cubic meter | F83: biosphere3 | G83: biosphere | H83: natural resource::in ground | J83: (1,4,2,1,1)
A84: Particulate Matter, > 2.5 um and < 10um | D84: 0.0030338463 | E84: kilogram | F84: biosphere3 | G84: biosphere | H84: air | J84: (1,4,2,1,1)
A85: Sulfur dioxide | D85: 0.014352336 | E85: kilogram | F85: biosphere3 | G85: biosphere | H85: air | J85: (1,5,2,1,1)
A86: Fluoride | D86: 7.9246595e-05 | E86: kilogram | F86: biosphere3 | G86: biosphere | H86: air | J86: (1,4,2,1,1)
A87: Fluoride | D87: 0.00011705317 | E87: kilogram | F87: biosphere3 | G87: biosphere | H87: air | J87: (1,4,2,1,1)
A88: PAH, polycyclic aromatic hydrocarbons | D88: 4.0410998e-05 | E88: kilogram | F88: biosphere3 | G88: biosphere | H88: air | J88: (1,5,2,1,1)
A89: Tetrafluoromethane | D89: 2.0516025e-05 | E89: kilogram | F89: biosphere3 | G89: biosphere | H89: air | J89: (1,1,2,1,1)
A90: Hexafluoroethane | D90: 1.388957e-06 | E90: kilogram | F90: biosphere3 | G90: biosphere | H90: air | J90: (1,1,2,1,1)
A91: Suspended solids, unspecified | D91: 1.3997835e-05 | E91: kilogram | F91: biosphere3 | G91: biosphere | H91: water | J91: (1,5,2,1,1)
A92: Fluoride | D92: 1.5997526e-06 | E92: kilogram | F92: biosphere3 | G92: biosphere | H92: water | J92: (1,5,2,1,1)
A94: Activity | B94: [R] Casting
A95: reference product | B95: Al ingot
A96: location | B96: Rest-of-Asia
A97: amount | B97: 1
A98: unit | B98: kilogram
A99: comment | B99: n/a
A100: Exchanges
A101: name | B101: reference product | C101: location | D101: amount | E101: unit | F101: database | G101: type | H101: categories | I101: uncertainty type | J101: pedigree | K101: loc | L101: scale | M101: minimum | N101: maximum
A102: =B94 -> [R] Casting | B102: =B95 -> Al ingot | C102: =B96 -> Rest-of-Asia | D102: 1 | E102: kilogram | F102: =F67 -> Aluminium | G102: production
A103: market for chemical, inorganic | B103: chemical, inorganic | C103: GLO | D103: 0.0024153393 | E103: kilogram | F103: ecoinvent 3.10 cutoff | G103: technosphere | J103: (1,4,2,1,1)
A104: market for chlorine, liquid | B104: chlorine, liquid | C104: RoW | D104: 1.5896671e-09 | E104: kilogram | F104: ecoinvent 3.10 cutoff | G104: technosphere | J104: (1,5,2,1,1)
...

Sheet PR9_Al_CN
A1: Activity | B1: [M+C] Bauxite mining
A2: reference product | B2: Bauxite
A3: location | B3: CN
A4: amount | B4: 1
A5: unit | B5: kilogram
A6: comment | B6: n/a
A7: Exchanges
A8: name | B8: reference product | C8: location | D8: amount | E8: unit | F8: database | G8: type | H8: categories | I8: uncertainty type | J8: pedigree | K8: loc | L8: scale | M8: minimum | N8: maximum
A9: =B1 -> [M+C] Bauxite mining | B9: =B2 -> Bauxite | C9: =B3 -> CN | D9: 1 | E9: kilogram | F9: =Al_Market_GLO!B1 -> Aluminium | G9: production
A10: market group for electricity, medium voltage | B10: electricity, medium voltage | C10: CN | D10: 0.0163 | E10: kilowatt hour | F10: ecoinvent 3.10 cutoff | G10: technosphere | J10: (1,5,2,1,1)
A11: market for light fuel oil | B11: light fuel oil | C11: RoW | D11: 0.00139 | E11: kilogram | F11: ecoinvent 3.10 cutoff | G11: technosphere | J11: (1,5,2,1,1)
A12: Carbon dioxide, fossil | D12: 0.00518 | E12: kilogram | F12: biosphere3 | G12: biosphere | H12: air | J12: (1,1,1,1,1)
A13: Sulfur dioxide | D13: 4.2e-07 | E13: kilogram | F13: biosphere3 | G13: biosphere | H13: air | J13: (1,1,1,1,1)
A14: Carbon monoxide, fossil | D14: 6.7e-07 | E14: kilogram | F14: biosphere3 | G14: biosphere | H14: air | J14: (1,1,1,1,1)
A15: Nitrogen oxides | D15: 8.12e-06 | E15: kilogram | F15: biosphere3 | G15: biosphere | H15: air | J15: (1,1,1,1,1)
A16: Methane, fossil | D16: 2e-07 | E16: kilogram | F16: biosphere3 | G16: biosphere | H16: air | J16: (1,1,1,1,1)
A18: Activity | B18: [P] Alumina production
A19: reference product | B19: Alumina
A20: location | B20: CN
A21: amount | B21: 1
A22: unit | B22: kilogram
A23: comment | B23: n/a
A24: Exchanges
A25: name | B25: reference product | C25: location | D25: amount | E25: unit | F25: database | G25: type | H25: categories | I25: uncertainty type | J25: pedigree | K25: loc | L25: scale | M25: minimum | N25: maximum
A26: =B18 -> [P] Alumina production | B26: =B19 -> Alumina | C26: =B20 -> CN | D26: 1 | E26: kilogram | F26: =F9 -> Aluminium | G26: production
A27: market for soda ash, dense | B27: soda ash, dense | C27: GLO | D27: 0.17 | E27: kilogram | F27: ecoinvent 3.10 cutoff | G27: technosphere | J27: (1,5,2,1,1)
A28: market for calcium carbide, technical grade | B28: calcium carbide, technical grade | C28: RoW | D28: 0.025 | E28: kilogram | F28: ecoinvent 3.10 cutoff | G28: technosphere | J28: (1,5,2,1,1)
A29: market for chemical, inorganic | B29: chemical, inorganic | C29: GLO | D29: 8e-05 | E29: kilogram | F29: ecoinvent 3.10 cutoff | G29: technosphere | J29: (1,5,2,1,1)
A30: market for hard coal | B30: hard coal | C30: CN | D30: 0.18 | E30: kilogram | F30: ecoinvent 3.10 cutoff | G30: technosphere | J30: (1,5,2,1,1)
A31: market for steam, in chemical industry | B31: steam, in chemical industry | C31: RoW | D31: 3.12 | E31: kilogram | F31: ecoinvent 3.10 cutoff | G31: technosphere | J31: (1,5,2,1,1)
A32: market group for electricity, medium voltage | B32: electricity, medium voltage | C32: CN | D32: 0.284 | E32: kilowatt hour | F32: ecoinvent 3.10 cutoff | G32: technosphere | J32: (1,5,2,1,1)
A33: market for natural gas, high pressure | B33: natural gas, high pressure | C33: CN | D33: 0.0884 | E33: cubic meter | F33: ecoinvent 3.10 cutoff | G33: technosphere | J33: (1,5,2,1,1)
A34: market for redmud from bauxite digestion | B34: redmud from bauxite digestion | C34: RoW | D34: -1.03 | E34: kilogram | F34: ecoinvent 3.10 cutoff | G34: technosphere | J34: (1,5,5,1,1)
A35: Carbon dioxide, fossil | D35: 0.49 | E35: kilogram | F35: biosphere3 | G35: biosphere | H35: air | J35: (1,1,1,1,1)
A36: Carbon monoxide, fossil | D36: 0.00066 | E36: kilogram | F36: biosphere3 | G36: biosphere | H36: air | J36: (1,1,1,1,1)
A37: Sulfur dioxide | D37: 0.00032 | E37: kilogram | F37: biosphere3 | G37: biosphere | H37: air | J37: (1,1,1,1,1)
A38: Nitrogen oxides | D38: 0.00141 | E38: kilogram | F38: biosphere3 | G38: biosphere | H38: air | J38: (1,1,1,1,1)
A39: Methane, fossil | D39: 1.8e-07 | E39: kilogram | F39: biosphere3 | G39: biosphere | H39: air | J39: (1,1,1,1,1)
A41: Activity | B41: [R] Electrolysis
A42: reference product | B42: Liquid aluminium (Al)
A43: location | B43: CN
A44: amount | B44: 1
A45: unit | B45: kilogram
A46: comment | B46: n/a
A47: Exchanges
A48: name | B48: reference product | C48: location | D48: amount | E48: unit | F48: database | G48: type | H48: categories | I48: uncertainty type | J48: pedigree | K48: loc | L48: scale | M48: minimum | N48: maximum
A49: =B41 -> [R] Electrolysis | B49: =B42 -> Liquid aluminium (Al) | C49: =B43 -> CN | D49: 1 | E49: kilogram | F49: =F26 -> Aluminium | G49: production
A50: market for cryolite | B50: cryolite | C50: GLO | D50: 0.0119 | E50: kilogram | F50: ecoinvent 3.10 cutoff | G50: technosphere | J50: (1,5,2,1,1)
A51: market for aluminium fluoride | B51: aluminium fluoride | C51: GLO | D51: 0.019 | E51: kilogram | F51: ecoinvent 3.10 cutoff | G51: technosphere | J51: (1,5,2,1,1)
A52: market for magnesium sulfate | B52: magnesium sulfate | C52: GLO | D52: 0.00279 | E52: kilogram | F52: ecoinvent 3.10 cutoff | G52: technosphere | J52: (1,5,2,1,1)
A53: market for calcium chloride | B53: calcium chloride | C53: RoW | D53: 0.00222 | E53: kilogram | F53: ecoinvent 3.10 cutoff | G53: technosphere | J53: (1,5,2,1,1)
A54: market for pig iron | B54: pig iron | C54: RoW | D54: 0.0056 | E54: kilogram | F54: ecoinvent 3.10 cutoff | G54: technosphere | J54: (1,5,2,1,1)
A55: market for soda ash, dense | B55: soda ash, dense | C55: GLO | D55: 0.03 | E55: kilogram | F55: ecoinvent 3.10 cutoff | G55: technosphere | J55: (1,5,2,1,1)
A56: market for graphite | B56: graphite | C56: GLO | D56: 0.0001 | E56: kilogram | F56: ecoinvent 3.10 cutoff | G56: technosphere | J56: (1,5,2,1,1)
A57: market for asbestos, chrysotile type | B57: asbestos, chrysotile type | C57: GLO | D57: 9e-05 | E57: kilogram | F57: ecoinvent 3.10 cutoff | G57: technosphere | J57: (1,5,2,1,1)
A58: market group for electricity, medium voltage | B58: electricity, medium voltage | C58: CN | D58: 13.7 | E58: kilowatt hour | F58: ecoinvent 3.10 cutoff | G58: technosphere | J58: (1,5,2,1,1)
A59: market for coke | B59: coke | C59: CN | D59: 0.31746 | E59: megajoule | F59: ecoinvent 3.10 cutoff | G59: technosphere | J59: (1,5,2,1,1)
A60: market for kerosene | B60: kerosene | C60: RoW | D60: 0.0002 | E60: kilogram | F60: ecoinvent 3.10 cutoff | G60: technosphere | J60: (1,5,2,1,1)
A61: =A144 -> Anode fabrication | B61: =B144 -> Carbon anode | C61: =C144 -> CN | D61: 0.48 | E61: kilogram | F61: =F144 -> Aluminium | G61: technosphere | J61: (1,5,2,1,1)
A62: Carbon dioxide, fossil | D62: 1.27 | E62: kilogram | F62: biosphere3 | G62: biosphere | H62: air | J62: (1,1,1,1,1)
A63: Sulfur oxides | D63: 0.00014 | E63: kilogram | F63: biosphere3 | G63: biosphere | H63: air | J63: (1,1,1,1,1)
A64: Nitrogen oxides | D64: 1.5e-06 | E64: kilogram | F64: biosphere3 | G64: biosphere | H64: air | J64: (1,1,1,1,1)
A65: Fluoride | D65: 0.00113 | E65: kilogram | F65: biosphere3 | G65: biosphere | H65: air | J65: (1,1,1,1,1)
A67: Activity | B67: [R] Casting
A68: reference product | B68: Al ingot
A69: location | B69: CN
A70: amount | B70: 1
A71: unit | B71: kilogram
A72: comment | B72: n/a
A73: Exchanges
A74: name | B74: reference product | C74: location | D74: amount | E74: unit | F74: database | G74: type | H74: categories | I74: uncertainty type | J74: pedigree | K74: loc | L74: scale | M74: minimum | N74: maximum
A75: =B67 -> [R] Casting | B75: =B68 -> Al ingot | C75: =B69 -> CN | D75: 1 | E75: kilogram | F75: =F49 -> Aluminium | G75: production
A76: market for chemical, inorganic | B76: chemical, inorganic | C76: GLO | D76: 0.00012 | E76: kilogram | F76: ecoinvent 3.10 cutoff | G76: technosphere | J76: (1,5,2,1,1)
A77: market for chemical, inorganic | B77: chemical, inorganic | C77: GLO | D77: 0.00015 | E77: kilogram | F77: ecoinvent 3.10 cutoff | G77: technosphere | J77: (1,5,2,1,1)
A78: market for asbestos, chrysotile type | B78: asbestos, chrysotile type | C78: GLO | D78: 0.00011 | E78: kilogram | F78: ecoinvent 3.10 cutoff | G78: technosphere | J78: (1,5,2,1,1)
A79: market for steel, low-alloyed | B79: steel, low-alloyed | C79: GLO | D79: 0.003 | E79: kilogram | F79: ecoinvent 3.10 cutoff | G79: technosphere | J79: (1,5,2,1,1)
A80: market for packaging film, low density polyethylene | B80: packaging film, low density polyethylene | C80: GLO | D80: 0.0001 | E80: kilogram | F80: ecoinvent 3.10 cutoff | G80: technosphere | J80: (1,5,2,1,1)
A81: market group for electricity, medium voltage | B81: electricity, medium voltage | C81: CN | D81: 0.411 | E81: kilowatt hour | F81: ecoinvent 3.10 cutoff | G81: technosphere | J81: (1,5,2,1,1)
A82: market for natural gas, high pressure | B82: natural gas, high pressure | C82: CN | D82: 0.00105 | E82: cubic meter | F82: ecoinvent 3.10 cutoff | G82: technosphere | J82: (1,5,2,1,1)
A83: Carbon dioxide, fossil | D83: 0.00219 | E83: kilogram | F83: biosphere3 | G83: biosphere | H83: air | J83: (1,1,1,1,1)
A84: Carbon monoxide, fossil | D84: 1.17e-06 | E84: kilogram | F84: biosphere3 | G84: biosphere | H84: air | J84: (1,1,1,1,1)
A85: Sulfur dioxide | D85: 1.1e-07 | E85: kilogram | F85: biosphere3 | G85: biosphere | H85: air | J85: (1,1,1,1,1)
A86: Nitrogen oxides | D86: 6.6e-07 | E86: kilogram | F86: biosphere3 | G86: biosphere | H86: air | J86: (1,1,1,1,1)
A87: Methane, fossil | D87: 4e-08 | E87: kilogram | F87: biosphere3 | G87: biosphere | H87: air | J87: (1,1,1,1,1)
A88: Particulate Matter, > 2.5 um and < 10um | D88: 2.5e-07 | E88: kilogram | F88: biosphere3 | G88: biosphere | H88: air | J88: (1,5,5,1,1)
A89: Fluoride | D89: 9.43e-05 | E89: kilogram | F89: biosphere3 | G89: biosphere | H89: air | J89: (1,5,5,1,1)
A90: Aluminium III | D90: 0.005 | E90: kilogram | F90: biosphere3 | G90: biosphere | H90: air | J90: (1,5,5,1,1)
A92: Activity | B92: Calcining
A93: reference product | B93: Calcined coke
A94: location | B94: CN
A95: amount | B95: 1
A96: unit | B96: kilogram
A97: comment | B97: n/a
A98: Exchanges
A99: name | B99: reference product | C99: location | D99: amount | E99: unit | F99: database | G99: type | H99: categories | I99: uncertainty type | J99: pedigree | K99: loc | L99: scale | M99: minimum | N99: maximum
A100: =B92 -> Calcining | B100: =B93 -> Calcined coke | C100: =B94 -> CN | D100: 1 | E100: kilogram | F100: =F75 -> Aluminium | G100: production
A101: market for petroleum coke | B101: petroleum coke | C101: GLO | D101: 1.33 | E101: kilogram | F101: ecoinvent 3.10 cutoff | G101: technosphere | J101: (2,5,3,1,1)
A102: market group for electricity, medium voltage | B102: electricity, medium voltage | C102: CN | D102: 0.00633 | E102: kilowatt hour | F102: ecoinvent 3.10 cutoff | G102: technosphere | J102: (2,5,3,1,1)
A103: market for inert waste, for final disposal | B103: inert waste, for final disposal | C103: RoW | D103: -0.00306 | E103: kilogram | F103: ecoinvent 3.10 cutoff | G103: technosphere | J103: (2,5,3,1,1)
A104: Water, unspecified natural origin | D104: 0.0028 | E104: cubic meter | F104: biosphere3 | G104: biosphere | H104: natural resource::in ground | J104: (2,5,3,1,1)
...

Sheet PR10_Al_CN_Recycling
A1: Activity | B1: Aluminium (Al) scraps
A2: reference product | B2: Al scraps
A3: location | B3: CN
A4: amount | B4: 1
A5: unit | B5: kilogram
A6: comment | B6: Empty activity representing the Al scraps input in the recycling process (following the "cut-off" modelling approach)
A7: Exchanges
A8: name | B8: reference product | C8: location | D8: amount | E8: unit | F8: database | G8: type | H8: categories | I8: uncertainty type | J8: pedigree | K8: loc | L8: scale | M8: minimum | N8: maximum
A9: =B1 -> Aluminium (Al) scraps | B9: =B2 -> Al scraps | C9: =B3 -> CN | D9: 1 | E9: kilogram | F9: =Al_Market_GLO!B1 -> Aluminium | G9: production
A11: Activity | B11: [P+R] Al scraps recycling
A12: reference product | B12: Al ingot
A13: location | B13: CN
A14: amount | B14: 1
A15: unit | B15: kilogram
A16: comment | B16: n/a
A17: Exchanges
A18: name | B18: reference product | C18: location | D18: amount | E18: unit | F18: database | G18: type | H18: categories | I18: uncertainty type | J18: pedigree | K18: loc | L18: scale | M18: minimum | N18: maximum
A19: =B11 -> [P+R] Al scraps recycling | B19: =B12 -> Al ingot | C19: =B13 -> CN | D19: 1 | E19: kilogram | F19: =F9 -> Aluminium | G19: production
A20: market group for electricity, medium voltage | B20: electricity, medium voltage | C20: CN | D20: 0.319 | E20: kilowatt hour | F20: ecoinvent 3.10 cutoff | G20: technosphere | J20: (2,1,3,1,2)
A21: market for natural gas, high pressure | B21: natural gas, high pressure | C21: CN | D21: 0.1 | E21: cubic meter | F21: ecoinvent 3.10 cutoff | G21: technosphere | J21: (2,1,3,1,2)
A22: market for chemical, inorganic | B22: chemical, inorganic | C22: GLO | D22: 0.006 | E22: kilogram | F22: ecoinvent 3.10 cutoff | G22: technosphere | J22: (2,5,5,5,4)
A23: market for petroleum | B23: petroleum | C23: RoW | D23: 2.32e-07 | E23: kilogram | F23: ecoinvent 3.10 cutoff | G23: technosphere | J23: (2,1,3,1,2)
A24: market for municipal solid waste | B24: municipal solid waste | C24: RoW | D24: -0.21 | E24: kilogram | F24: ecoinvent 3.10 cutoff | G24: technosphere | J24: (2,1,3,1,2)
A25: Water, unspecified natural origin | D25: 0.00088 | E25: cubic meter | F25: biosphere3 | G25: biosphere | H25: natural resource::in ground | J25: (2,1,3,1,2)
A26: Particulate Matter, > 2.5 um and < 10um | D26: 0.00064 | E26: kilogram | F26: biosphere3 | G26: biosphere | H26: air | J26: (2,1,3,1,2)
A27: Chlorine | D27: 0.00019 | E27: kilogram | F27: biosphere3 | G27: biosphere | H27: air | J27: (2,1,3,1,2)
A28: Fluoride | D28: 4.25e-05 | E28: kilogram | F28: biosphere3 | G28: biosphere | H28: air | J28: (2,1,3,1,2)
A29: COD, Chemical Oxygen Demand | D29: 3.66e-09 | E29: kilogram | F29: biosphere3 | G29: biosphere | H29: water | J29: (2,1,3,1,2)
A30: Suspended solids, unspecified | D30: 2.53e-06 | E30: kilogram | F30: biosphere3 | G30: biosphere | H30: water | J30: (2,1,3,1,2)
A32: Activity | B32: Al production in China through Al scraps recycling
A33: reference product | B33: Al ingot
A34: location | B34: CN
A35: amount | B35: 1
A36: unit | B36: kilogram
A37: comment | B37: n/a
A38: Exchanges
A39: name | B39: reference product | C39: location | D39: amount | E39: unit | F39: database | G39: type | H39: categories | I39: uncertainty type | J39: pedigree | K39: loc | L39: scale | M39: minimum | N39: maximum
A40: =B32 -> Al production in China through Al scraps recycling | B40: =B33 -> Al ingot | C40: =B34 -> CN | D40: 1 | E40: kilogram | F40: =F19 -> Aluminium | G40: production
A41: =A19 -> [P+R] Al scraps recycling | B41: =B19 -> Al ingot | C41: =C19 -> CN | D41: 1 | E41: =E19 -> kilogram | F41: =F19 -> Aluminium | G41: technosphere
A42: =A9 -> Aluminium (Al) scraps | B42: =B9 -> Al scraps | C42: =C9 -> CN | D42: 1.18 | E42: =E9 -> kilogram | F42: =F9 -> Aluminium | G42: technosphere

Sheet PR11_Al_NAM_Recycling
A1: Activity | B1: [P+R] Aluminium (Al) scraps recycling
A2: reference product | B2: Al ingot
A3: location | B3: North America
A4: amount | B4: 1
A5: unit | B5: kilogram
A6: comment | B6: n/a
A7: Exchanges
A8: name | B8: reference product | C8: location | D8: amount | E8: unit | F8: database | G8: type | H8: categories | I8: uncertainty type | J8: pedigree | K8: loc | L8: scale | M8: minimum | N8: maximum
A9: =B1 -> [P+R] Aluminium (Al) scraps recycling | B9: =B2 -> Al ingot | C9: =B3 -> North America | D9: 1 | E9: kilogram | F9: =Al_Market_GLO!B1 -> Aluminium | G9: production
A10: market for inert waste, for final disposal | B10: inert waste, for final disposal | C10: RoW | D10: -0.0617 | E10: kilogram | F10: ecoinvent 3.10 cutoff | G10: technosphere | J10: (1,2,2,1,1)
A11: Coal, hard | D11: 0.31028305 | E11: kilogram | F11: biosphere3 | G11: biosphere | H11: natural resource::in ground | J11: (1,2,2,1,1)
A12: Energy, potential (in hydropower reservoir), converted | D12: 0.382 | E12: megajoule | F12: biosphere3 | G12: biosphere | H12: natural resource::in water | J12: (1,2,2,1,1)
A13: Energy, kinetic (in wind), converted | D13: 0.165 | E13: megajoule | F13: biosphere3 | G13: biosphere | H13: natural resource::in air | J13: (1,2,2,1,1)
A14: Aluminium | D14: 0.0351 | E14: kilogram | F14: biosphere3 | G14: biosphere | H14: natural resource::in ground | J14: (1,2,2,1,1)
A15: Water, unspecified natural origin | D15: 0.000429 | E15: cubic meter | F15: biosphere3 | G15: biosphere | H15: natural resource::in ground | J15: (1,2,2,1,1)
A16: Carbon dioxide, fossil | D16: 0.479 | E16: kilogram | F16: biosphere3 | G16: biosphere | H16: air | J16: (1,2,2,1,1)
A17: Carbon monoxide, fossil | D17: 0.000162 | E17: kilogram | F17: biosphere3 | G17: biosphere | H17: air | J17: (1,2,2,1,1)
A18: Chlorine | D18: 9.89e-09 | E18: kilogram | F18: biosphere3 | G18: biosphere | H18: air | J18: (1,2,2,1,1)
A19: Fluorine | D19: 2.35e-06 | E19: kilogram | F19: biosphere3 | G19: biosphere | H19: air | J19: (1,2,2,1,1)
A20: Hydrochloric acid | D20: 5.76e-05 | E20: kilogram | F20: biosphere3 | G20: biosphere | H20: air | J20: (1,2,2,1,1)
A21: Hydrogen fluoride | D21: 1.8e-05 | E21: kilogram | F21: biosphere3 | G21: biosphere | H21: air | J21: (1,2,2,1,1)
A22: Nitrogen oxides | D22: 0.00059 | E22: kilogram | F22: biosphere3 | G22: biosphere | H22: air | J22: (1,2,2,1,1)
... A34: Phosphate | D34: 2.79e-07 | E34: kilogram | F34: biosphere3 | G34: biosphere | H34: water | J34: (1,2,2,1,1)
A36: Activity | B36: Al production in North America through Al scraps recycling
A37: reference product | B37: Al ingot
A38: location | B38: North America
A39: amount | B39: 1
A40: unit | B40: kilogram
A41: comment | B41: n/a
A42: Exchanges
A43: name | B43: reference product | C43: location | D43: amount | E43: unit | F43: database | G43: type | H43: categories | I43: uncertainty type | J43: pedigree | K43: loc | L43: scale | M43: minimum | N43: maximum
A44: =B36 -> Al production in North America through Al scraps recycling | B44: =B37 -> Al ingot | C44: =B38 -> North America | D44: 1 | E44: kilogram | F44: =F9 -> Aluminium | G44: production
A45: =A9 -> [P+R] Aluminium (Al) scraps recycling | B45: =B9 -> Al ingot | C45: =C9 -> North America | D45: 1 | E45: =E9 -> kilogram | F45: =F9 -> Aluminium | G45: technosphere

Sheet PR12_Al_EUR_Recycling
A1: Activity | B1: Aluminium (Al) scraps
A2: reference product | B2: Al scraps
A3: location | B3: Europe
A4: amount | B4: 1
A5: unit | B5: kilogram
A6: comment | B6: Empty activity representing the Al scraps input in the recycling process (following the "cut-off" modelling approach)
A7: Exchanges
A8: name | B8: reference product | C8: location | D8: amount | E8: unit | F8: database | G8: type | H8: categories | I8: uncertainty type | J8: pedigree | K8: loc | L8: scale | M8: minimum | N8: maximum
A9: =B1 -> Aluminium (Al) scraps | B9: =B2 -> Al scraps | C9: =B3 -> Europe | D9: 1 | E9: kilogram | F9: =Al_Market_GLO!B1 -> Aluminium | G9: production
A11: Activity | B11: [P+R] Al scraps recycling
A12: reference product | B12: Al ingot
A13: location | B13: Europe
A14: amount | B14: 1
A15: unit | B15: kilogram
A16: comment | B16: n/a
A17: Exchanges
A18: name | B18: reference product | C18: location | D18: amount | E18: unit | F18: database | G18: type | H18: categories | I18: uncertainty type | J18: pedigree | K18: loc | L18: scale | M18: minimum | N18: maximum
A19: =B11 -> [P+R] Al scraps recycling | B19: =B12 -> Al ingot | C19: =B13 -> Europe | D19: 1 | E19: kilogram | F19: =F9 -> Aluminium | G19: production
A20: market for heavy fuel oil | B20: heavy fuel oil | C20: RoW | D20: 0.0016904762 | E20: kilogram | F20: ecoinvent 3.10 cutoff | G20: technosphere | J20: (1.0,2.0,3.0,1.0,1.0)
A21: market for light fuel oil | B21: light fuel oil | C21: RoW | D21: 0.00054651163 | E21: kilogram | F21: ecoinvent 3.10 cutoff | G21: technosphere | J21: (1.0,2.0,3.0,1.0,1.0)
A22: market for diesel, burned in building machine | B22: diesel, burned in building machine | C22: GLO | D22: 0.0235 | E22: megajoule | F22: ecoinvent 3.10 cutoff | G22: technosphere | J22: (1.0,2.0,3.0,1.0,1.0)
A23: market for natural gas, high pressure | B23: natural gas, high pressure | C23: RoW | D23: 0.076182266 | E23: cubic meter | F23: ecoinvent 3.10 cutoff | G23: technosphere | J23: (1.0,2.0,3.0,1.0,1.0)
A24: market group for electricity, medium voltage | B24: electricity, medium voltage | C24: RER | D24: 0.041666667 | E24: kilowatt hour | F24: ecoinvent 3.10 cutoff | G24: technosphere | J24: (1.0,2.0,3.0,1.0,1.0)
A25: market for chemical, inorganic | B25: chemical, inorganic | C25: GLO | D25: 0.0215 | E25: kilogram | F25: ecoinvent 3.10 cutoff | G25: technosphere | J25: (1.0,2.0,3.0,1.0,1.0)
A26: market for argon, liquid | B26: argon, liquid | C26: RER | D26: 0.0019 | E26: kilogram | F26: ecoinvent 3.10 cutoff | G26: technosphere | J26: (1.0,2.0,3.0,1.0,1.0)
A27: market for nitrogen, liquid | B27: nitrogen, liquid | C27: RER | D27: 0.0008 | E27: kilogram | F27: ecoinvent 3.10 cutoff | G27: technosphere | J27: (1.0,2.0,3.0,1.0,1.0)
A28: market for chlorine, gaseous | B28: chlorine, gaseous | C28: RoW | D28: 0.0002 | E28: kilogram | F28: ecoinvent 3.10 cutoff | G28: technosphere | J28: (1.0,2.0,3.0,1.0,1.0)
A29: market for chemical, inorganic | B29: chemical, inorganic | C29: GLO | D29: 0.0003 | E29: kilogram | F29: ecoinvent 3.10 cutoff | G29: technosphere | J29: (1.0,2.0,3.0,1.0,1.0)
A30: market for dross from Al electrolysis | B30: dross from Al electrolysis | C30: RER | D30: -0.051 | E30: kilogram | F30: ecoinvent 3.10 cutoff | G30: technosphere | J30: (1.0,2.0,3.0,1.0,1.0)
A31: market for hazardous waste, for underground deposit | B31: hazardous waste, for underground deposit | C31: RoW | D31: -0.0013 | E31: kilogram | F31: ecoinvent 3.10 cutoff | G31: technosphere | J31: (1.0,2.0,3.0,1.0,1.0)
... A33: treatment of metal scrap, mixed, for recycling, unsorted, sorting | B33: iron scrap, sorted, pressed | C33: Europe without Switzerland | D33: -0.0002 | E33: kilogram | F33: ecoinvent 3.10 cutoff | G33: technosphere | J33: (1.0,2.0,3.0,1.0,1.0)
A34: Water, cooling, unspecified natural origin | D34: 0.0082 | E34: cubic meter | F34: biosphere3 | G34: biosphere | H34: natural resource::in water | J34: (1.0,2.0,3.0,1.0,1.0)
A35: Chlorine | D35: 7e-07 | E35: kilogram | F35: biosphere3 | G35: biosphere | H35: air | J35: (1.0,2.0,3.0,1.0,1.0)
A36: Hydrochloric acid | D36: 1.06e-05 | E36: kilogram | F36: biosphere3 | G36: biosphere | H36: air | J36: (1.0,2.0,3.0,1.0,1.0)
A37: Particulate Matter, > 2.5 um and < 10um | D37: 3.13e-05 | E37: kilogram | F37: biosphere3 | G37: biosphere | H37: air | J37: (1.0,2.0,3.0,1.0,1.0)
A38: Nitrogen oxides | D38: 0.0003 | E38: kilogram | F38: biosphere3 | G38: biosphere | H38: air | J38: (1.0,2.0,3.0,1.0,1.0)
A39: Sulfur dioxide | D39: 5.22e-05 | E39: kilogram | F39: biosphere3 | G39: biosphere | H39: air | J39: (1.0,2.0,3.0,1.0,1.0)
A40: VOC, volatile organic compounds | D40: 6.51e-05 | E40: kilogram | F40: biosphere3 | G40: biosphere | H40: air | J40: (1.0,2.0,3.0,1.0,1.0)
A41: Water | D41: 0.0081 | E41: cubic meter | F41: biosphere3 | G41: biosphere | H41: water | J41: (1.0,2.0,3.0,1.0,1.0)
A43: Activity | B43: Al production in Europe through Al scraps recycling
A44: reference product | B44: Al ingot
A45: location | B45: Europe
A46: amount | B46: 1
A47: unit | B47: kilogram
A48: comment | B48: n/a
A49: Exchanges
A50: name | B50: reference product | C50: location | D50: amount | E50: unit | F50: database | G50: type | H50: categories | I50: uncertainty type | J50: pedigree | K50: loc | L50: scale | M50: minimum | N50: maximum
A51: =B43 -> Al production in Europe through Al scraps recycling | B51: =B44 -> Al ingot | C51: =B45 -> Europe | D51: 1 | E51: kilogram | F51: =F19 -> Aluminium | G51: production
A52: =A19 -> [P+R] Al scraps recycling | B52: =B19 -> Al ingot | C52: =C19 -> Europe | D52: 1 | E52: =E19 -> kilogram | F52: =F19 -> Aluminium | G52: technosphere
A53: =A9 -> Aluminium (Al) scraps | B53: =B9 -> Al scraps | C53: =C9 -> Europe | D53: 1.019 | E53: =E9 -> kilogram | F53: =F9 -> Aluminium | G53: technosphere
