Workbook

Sheet Note
A1: skip
B2: Life cycle inventories of global metal and mineral supply chains: a comprehensive data review, analysis and processing Frédéric Laia*, Stéphanie Mullera, Audrey Philippea, Robert Istrateb, Brenda Miranda Xicotencatlb, Afsoon Mansouri Askic, Aina Mas Fonsd,a, Juliana Segura-Salazare, Jair Santillán Saldivara, Alexander Cimprichf, Stephen Northeyg, Lígia da Silva Limah, Lieselot Booneh, Ryosuke Yokoii, Kamrul Islami, Ioanna Paschalidouj, Felipe Cerdask,l, Victor Balboa-Espinozae, Anish Koyamparambathd, Diae Henniouia, Victoire Collignona, Aurélien Reysa, Gyslain Ngadi Sakatadim, Jo Dewulfh, Bernhard Steubingb, Christoph Helbigc, Gaétan Lefebvrea, Gian Andrea Blenginin,m, Valeria Supertio, Masaharu Motoshitai, Guido Sonnemannd, Kwame Awuah-Offeij, Steven B. Youngf, Shinsuke Murakamip, Antoine Beylota aBRGM, F-45060 Orléans, France bInstitute of Environmental Sciences (CML), Leiden University, Einsteinweg 2, 2333 CC Leiden, NL cEcological Resource Technology, University of Bayreuth, Universitätstr. 30, 95447 Bayreuth, Germany dUniv. Bordeaux, CNRS, Bordeaux INP, ISM, UMR 5255, F-33400 Talence, France eSustainable Minerals Institute, The University of Queensland, QLD, 4072, Australia fSchool of Environment, Enterprise and Development, University of Waterloo, 200 University Avenue West, Waterloo, Ontario N2L 3G1, Canada gUniversity of Technology Sydney, Institute for Sustainable Futures, Australia hSustainable Systems Engineering (STEN), Department of Green Chemistry and Technology, Faculty of Bioscience Engineering, Ghent University, Coupure Links 653, 9000 Ghent, Belgium iAIST, 305-8569 Tsukuba, Japan jMining & Explosives Engineering, Missouri University of Science & Technology, Rolla, MO, USA 65409 kInstitute for Sustainable Energy Systems (INSYS), Technical University of Applied Sciences Würzburg-Schweinfurt (THWS), Ignaz-Schön-Straße 11, Schweinfurt, Germany lFraunhofer Institute for Surface Engineering and Thin Films IST, Riedenkamp 2, Braunschweig 38108, Germany mDepartment of Environment, Land and Infrastructure Engineering, Politecnico di Torino, Corso Duca degli Abruzzi, 24, 10129 Torino, Italy nUniversity of Turin, Earth Sciences Department (DST), Via Valperga Caluso, 35 – 10125 Torino, Italy oecoinvent association, Technopark, Technoparkstrasse 1, 8005 Zürich, Switzerland pGraduate School of Engineering, The University of Tokyo, Tokyo 113-8656, Japan *Corresponding author: f.lai@brgm.fr This file provides all LCI datasets developed for Arsenic (As), with distinguishing its global market and each individual production route.
B33: Sheet | C33: Corresponding route
B34: As_Market_GLO | C34: As global market
B35: PR1_As_GLO | C35: As recovery from Cu production worldwide

Sheet As_Market_GLO
A1: database | B1: Arsenic
A3: Activity | B3: Arsenic (As) global market
A4: reference product | B4: As metal
A5: location | B5: GLO
A6: amount | B6: 1
A7: unit | B7: kilogram
A8: comment | B8: n/a
A9: Exchanges
A10: name | B10: reference product | C10: location | D10: amount | E10: unit | F10: database | G10: type | H10: categories | I10: uncertainty type | J10: pedigree | K10: loc | L10: scale | M10: minimum | N10: maximum
A11: =B3 -> Arsenic (As) global market | B11: =B4 -> As metal | C11: =B5 -> GLO | D11: =B6 -> 1 | E11: =B7 -> kilogram | F11: =B1 -> Arsenic | G11: production
A12: =PR1_As_GLO!A85 -> As recovery from Cu production worldwide | B12: =PR1_As_GLO!B85 -> As metal | C12: =PR1_As_GLO!C85 -> GLO | D12: =PR1_As_GLO!D85 -> 1 | E12: =PR1_As_GLO!E85 -> kilogram | F12: =PR1_As_GLO!F85 -> Arsenic | G12: technosphere

Sheet PR1_As_GLO
A1: Activity | B1: [P+R] Arsenic (As) metal production
A2: reference product | B2: As metal
A3: location | B3: GLO
A4: amount | B4: 1
A5: unit | B5: kilogram
A6: comment | B6: n/a
A7: Exchanges
A8: name | B8: reference product | C8: location | D8: amount | E8: unit | F8: database | G8: type | H8: categories | I8: uncertainty type | J8: pedigree | K8: loc | L8: scale | M8: minimum | N8: maximum
A9: =B1 -> [P+R] Arsenic (As) metal production | B9: =B2 -> As metal | C9: =B3 -> GLO | D9: 1 | E9: kilogram | F9: =As_Market_GLO!B1 -> Arsenic | G9: production
A10: Carbon, organic, in soil or biomass stock | D10: 7.37 | E10: kilogram | F10: biosphere3 | G10: biosphere | H10: natural resource::in ground | J10: (2,2,5,1,5)
A11: Occupation, arable land, unspecified use | D11: 10.4 | E11: square meter-year | F11: biosphere3 | G11: biosphere | H11: natural resource::land | J11: (2,2,5,1,5)
A12: Occupation, industrial area | D12: 139 | E12: square meter-year | F12: biosphere3 | G12: biosphere | H12: natural resource::land | J12: (2,2,5,1,5)
A13: Transformation, from unspecified | D13: 1.12 | E13: square meter | F13: biosphere3 | G13: biosphere | H13: natural resource::land | J13: (2,2,5,1,5)
A14: Energy, gross calorific value, in biomass | D14: 1866 | E14: megajoule | F14: biosphere3 | G14: biosphere | H14: natural resource::biotic | J14: (2,2,5,1,5)
A15: Coal, hard | D15: 412.66667 | E15: kilogram | F15: biosphere3 | G15: biosphere | H15: natural resource::in ground | J15: (2,2,5,1,5)
A16: Uranium | D16: 0.004528 | E16: kilogram | F16: biosphere3 | G16: biosphere | H16: natural resource::in ground | J16: (2,2,5,1,5)
A17: Copper | D17: 23.9 | E17: kilogram | F17: biosphere3 | G17: biosphere | H17: natural resource::in ground | J17: (2,2,5,1,5)
A18: Water, cooling, unspecified natural origin | D18: 18.862 | E18: cubic meter | F18: biosphere3 | G18: biosphere | H18: natural resource::in water | J18: (2,2,5,1,5)
A19: 1,1,1-Trichloroethane | D19: 5.63e-10 | E19: kilogram | F19: biosphere3 | G19: biosphere | H19: air | J19: (2,2,5,1,5)
A20: 1,2-Dichloro-1,1,2,2-tetrafluoroethane | D20: 3.56e-05 | E20: kilogram | F20: biosphere3 | G20: biosphere | H20: air | J20: (2,2,5,1,5)
A21: Arsenic ion | D21: 7.23 | E21: kilogram | F21: biosphere3 | G21: biosphere | H21: air | J21: (2,2,5,1,5)
... A75: Zinc II | D75: 0.00333 | E75: kilogram | F75: biosphere3 | G75: biosphere | H75: water | J75: (2,2,5,1,5)
A77: Activity | B77: As recovery from Cu production worldwide
A78: reference product | B78: As metal
A79: location | B79: GLO
A80: amount | B80: 1
A81: unit | B81: kilogram
A82: comment | B82: n/a
A83: Exchanges
A84: name | B84: reference product | C84: location | D84: amount | E84: unit | F84: database | G84: type | H84: categories | I84: uncertainty type | J84: pedigree | K84: loc | L84: scale | M84: minimum | N84: maximum
A85: =B77 -> As recovery from Cu production worldwide | B85: =B78 -> As metal | C85: =B79 -> GLO | D85: 1 | E85: kilogram | F85: =F9 -> Arsenic | G85: production
A86: =A9 -> [P+R] Arsenic (As) metal production | B86: =B9 -> As metal | C86: =C9 -> GLO | D86: =D9 -> 1 | E86: =E9 -> kilogram | F86: =F9 -> Arsenic | G86: technosphere
