Workbook

Sheet Note
A1: skip
B2: Life cycle inventories of global metal and mineral supply chains: a comprehensive data review, analysis and processing Frédéric Laia*, Stéphanie Mullera, Audrey Philippea, Robert Istrateb, Brenda Miranda Xicotencatlb, Afsoon Mansouri Askic, Aina Mas Fonsd,a, Juliana Segura-Salazare, Jair Santillán Saldivara, Alexander Cimprichf, Stephen Northeyg, Lígia da Silva Limah, Lieselot Booneh, Ryosuke Yokoii, Kamrul Islami, Ioanna Paschalidouj, Felipe Cerdask,l, Victor Balboa-Espinozae, Anish Koyamparambathd, Diae Henniouia, Victoire Collignona, Aurélien Reysa, Gyslain Ngadi Sakatadim, Jo Dewulfh, Bernhard Steubingb, Christoph Helbigc, Gaétan Lefebvrea, Gian Andrea Blenginin,m, Valeria Supertio, Masaharu Motoshitai, Guido Sonnemannd, Kwame Awuah-Offeij, Steven B. Youngf, Shinsuke Murakamip, Antoine Beylota aBRGM, F-45060 Orléans, France bInstitute of Environmental Sciences (CML), Leiden University, Einsteinweg 2, 2333 CC Leiden, NL cEcological Resource Technology, University of Bayreuth, Universitätstr. 30, 95447 Bayreuth, Germany dUniv. Bordeaux, CNRS, Bordeaux INP, ISM, UMR 5255, F-33400 Talence, France eSustainable Minerals Institute, The University of Queensland, QLD, 4072, Australia fSchool of Environment, Enterprise and Development, University of Waterloo, 200 University Avenue West, Waterloo, Ontario N2L 3G1, Canada gUniversity of Technology Sydney, Institute for Sustainable Futures, Australia hSustainable Systems Engineering (STEN), Department of Green Chemistry and Technology, Faculty of Bioscience Engineering, Ghent University, Coupure Links 653, 9000 Ghent, Belgium iAIST, 305-8569 Tsukuba, Japan jMining & Explosives Engineering, Missouri University of Science & Technology, Rolla, MO, USA 65409 kInstitute for Sustainable Energy Systems (INSYS), Technical University of Applied Sciences Würzburg-Schweinfurt (THWS), Ignaz-Schön-Straße 11, Schweinfurt, Germany lFraunhofer Institute for Surface Engineering and Thin Films IST, Riedenkamp 2, Braunschweig 38108, Germany mDepartment of Environment, Land and Infrastructure Engineering, Politecnico di Torino, Corso Duca degli Abruzzi, 24, 10129 Torino, Italy nUniversity of Turin, Earth Sciences Department (DST), Via Valperga Caluso, 35 – 10125 Torino, Italy oecoinvent association, Technopark, Technoparkstrasse 1, 8005 Zürich, Switzerland pGraduate School of Engineering, The University of Tokyo, Tokyo 113-8656, Japan *Corresponding author: f.lai@brgm.fr This file provides all LCI datasets developed for Iron (Fe), with distinguishing its global market and each individual production route.
B33: Sheet | C33: Corresponding route
B34: Fe_Market_GLO | C34: Fe global market
B35: PR1_CrudeSteel_BR | C35: Iron ore mining and steel production in Brazil
B36: PR2_SteelAHSS_CN | C36: Iron ore mining and steel (AHSS) production in China
B37: PR3_Steel_CN_Shandong | C37: Steel billet production in China/Shandong
B38: PR4_CrudeSteel_CN | C38: Crude steel production in China through Blast Furnace-Basic Oxygen Furnace (BF-BOF)
B39: PR5_FeLiquid_CN | C39: Liquid iron production in China
B40: PR6_Steel_IT | C40: Steel production in Italy
B41: PR7_CrudeSteel_IN | C41: Steel production in India
B42: PR8_CrudeSteel_DE | C42: Steel production in Germany
B43: PR9_CrudeSteel_KR | C43: Steel production in Korea
B44: PR10_CrudeSteel_RU | C44: Steel production in Russia
... B47: PR13_Fe_CN_Recycling_ELV | C47: Fe production in China through ELV wastes recycling

Sheet Fe_Market_GLO
A1: database | B1: Iron
A3: Activity | B3: Iron (Fe) global market
A4: reference product | B4: Steel
A5: location | B5: GLO
A6: amount | B6: 1
A7: unit | B7: kilogram
A8: comment | B8: n/a
A9: Exchanges
A10: name | B10: reference product | C10: location | D10: amount | E10: unit | F10: database | G10: type | H10: categories | I10: uncertainty type | J10: pedigree | K10: loc | L10: scale | M10: minimum | N10: maximum
A11: =B3 -> Iron (Fe) global market | B11: =B4 -> Steel | C11: =B5 -> GLO | D11: 1 | E11: =B7 -> kilogram | F11: =B1 -> Iron | G11: production
A12: =PR1_CrudeSteel_BR!A93 -> Iron ore mining and steel production in Brazil | B12: =PR1_CrudeSteel_BR!B93 -> Steel | C12: =PR1_CrudeSteel_BR!C93 -> BR | D12: 0.021149674 | E12: =PR1_CrudeSteel_BR!E93 -> kilogram | F12: =PR1_CrudeSteel_BR!F93 -> Iron | G12: technosphere
A13: =PR2_SteelAHSS_CN!A56 -> Iron ore mining and steel (AHSS) production in China | B13: =PR2_SteelAHSS_CN!B56 -> Steel | C13: =PR2_SteelAHSS_CN!C56 -> CN | D13: 0.53226101 | E13: =PR2_SteelAHSS_CN!E56 -> kilogram | F13: =PR2_SteelAHSS_CN!F56 -> Iron | G13: technosphere
A14: =PR3_Steel_CN_Shandong!A124 -> Steel billet production in China/Shandong | B14: =PR3_Steel_CN_Shandong!B124 -> Steel | C14: =PR3_Steel_CN_Shandong!C124 -> CN | D14: 0.006313891 | E14: =PR3_Steel_CN_Shandong!E124 -> kilogram | F14: =PR3_Steel_CN_Shandong!F124 -> Iron | G14: technosphere
A15: =PR4_CrudeSteel_CN!A146 -> Crude steel production in China through Blast Furnace-Basic Oxygen Furnace (BF-BOF) | B15: =PR4_CrudeSteel_CN!B146 -> Steel | C15: =PR4_CrudeSteel_CN!C146 -> CN | D15: 0.046407099 | E15: =PR4_CrudeSteel_CN!E146 -> kilogram | F15: =PR4_CrudeSteel_CN!F146 -> Iron | G15: technosphere
A16: =PR5_FeLiquid_CN!A76 -> Liquid iron production in China | B16: =PR5_FeLiquid_CN!B76 -> Steel | C16: =PR5_FeLiquid_CN!C76 -> CN | D16: 0.046407099 | E16: =PR5_FeLiquid_CN!E76 -> kilogram | F16: =PR5_FeLiquid_CN!F76 -> Iron | G16: technosphere
A17: =PR6_Steel_IT!A137 -> Steel production in Italy | B17: =PR6_Steel_IT!B137 -> Steel | C17: =PR6_Steel_IT!C137 -> IT | D17: 0.013396861 | E17: =PR6_Steel_IT!E137 -> kilogram | F17: =PR6_Steel_IT!F137 -> Iron | G17: technosphere
A18: =PR7_CrudeSteel_IN!A34 -> Steel production in India | B18: =PR7_CrudeSteel_IN!B34 -> Steel | C18: =PR7_CrudeSteel_IN!C34 -> IN | D18: 0.077714199 | E18: =PR7_CrudeSteel_IN!E34 -> kilogram | F18: =PR7_CrudeSteel_IN!F34 -> Iron | G18: technosphere
A19: =PR8_CrudeSteel_DE!A41 -> Steel production in Germany | B19: =PR8_CrudeSteel_DE!B41 -> Steel | C19: =PR8_CrudeSteel_DE!C41 -> DE | D19: 0.022824282 | E19: =PR8_CrudeSteel_DE!E41 -> kilogram | F19: =PR8_CrudeSteel_DE!F41 -> Iron | G19: technosphere
A20: =PR9_CrudeSteel_KR!A27 -> Steel production in Korea | B20: =PR9_CrudeSteel_KR!B27 -> Steel | C20: =PR9_CrudeSteel_KR!C27 -> KR | D20: 0.040810809 | E20: =PR9_CrudeSteel_KR!E27 -> kilogram | F20: =PR9_CrudeSteel_KR!F27 -> Iron | G20: technosphere
A21: =PR10_CrudeSteel_RU!A29 -> Steel production in Russia | B21: =PR10_CrudeSteel_RU!B29 -> Steel | C21: =PR10_CrudeSteel_RU!C29 -> RU | D21: 0.044346091 | E21: =PR10_CrudeSteel_RU!E29 -> kilogram | F21: =PR10_CrudeSteel_RU!F29 -> Iron | G21: technosphere
A22: =PR11_CrudeSteel_TR!A48 -> Steel production in Turkey | B22: =PR11_CrudeSteel_TR!B48 -> Steel | C22: =PR11_CrudeSteel_TR!C48 -> TR | D22: 0.021769899 | E22: =PR11_CrudeSteel_TR!E48 -> kilogram | F22: =PR11_CrudeSteel_TR!F48 -> Iron | G22: technosphere
A23: =PR12_Fe_CN_Recycling_CDW!A36 -> Fe production in China through C&D wastes recycling | B23: =PR12_Fe_CN_Recycling_CDW!B36 -> Steel | C23: =PR12_Fe_CN_Recycling_CDW!C36 -> CN | D23: 0.10680143 | E23: =PR12_Fe_CN_Recycling_CDW!E36 -> kilogram | F23: =PR12_Fe_CN_Recycling_CDW!F36 -> Iron | G23: technosphere
A24: =PR13_Fe_CN_Recycling_ELV!A35 -> Fe production in China through ELV wastes recycling | B24: =PR13_Fe_CN_Recycling_ELV!B35 -> Steel | C24: =PR13_Fe_CN_Recycling_ELV!C35 -> CN | D24: 0.019797653 | E24: =PR13_Fe_CN_Recycling_ELV!E35 -> kilogram | F24: =PR13_Fe_CN_Recycling_ELV!F35 -> Iron | G24: technosphere

Sheet FeMine_Market_GLO
A1: Activity | B1: [M+C] Iron (Fe) ore mining and concentration (Australia)
A2: reference product | B2: Fe concentrate
A3: location | B3: AU
A4: amount | B4: 1
A5: unit | B5: kilogram
A6: comment | B6: n/a
A7: Exchanges
A8: name | B8: reference product | C8: location | D8: amount | E8: unit | F8: database | G8: type | H8: categories | I8: uncertainty type | J8: pedigree | K8: loc | L8: scale | M8: minimum | N8: maximum
A9: =B1 -> [M+C] Iron (Fe) ore mining and concentration (Australia) | B9: =B2 -> Fe concentrate | C9: =B3 -> AU | D9: 1 | E9: kilogram | F9: =Fe_Market_GLO!B1 -> Iron | G9: production
A10: market for diesel, burned in building machine | B10: diesel, burned in building machine | C10: GLO | D10: 0.00135 | E10: megajoule | F10: ecoinvent 3.10 cutoff | G10: technosphere | J10: (3,5,4,1,2)
A11: market for explosive, tovex | B11: explosive, tovex | C11: GLO | D11: 0.0005 | E11: kilogram | F11: ecoinvent 3.10 cutoff | G11: technosphere | J11: (3,5,4,1,2)
A12: market for diesel, burned in building machine | B12: diesel, burned in building machine | C12: GLO | D12: 0.099 | E12: megajoule | F12: ecoinvent 3.10 cutoff | G12: technosphere | J12: (3,5,4,1,2)
A13: market for electricity, medium voltage | B13: electricity, medium voltage | C13: AU | D13: 0.0025 | E13: kilowatt hour | F13: ecoinvent 3.10 cutoff | G13: technosphere | J13: (3,5,4,1,2)
A14: market for electricity, medium voltage | B14: electricity, medium voltage | C14: AU | D14: 0.0005 | E14: kilowatt hour | F14: ecoinvent 3.10 cutoff | G14: technosphere | J14: (3,5,4,1,2)
A15: market for diesel, burned in building machine | B15: diesel, burned in building machine | C15: GLO | D15: 0.0225 | E15: megajoule | F15: ecoinvent 3.10 cutoff | G15: technosphere | J15: (3,5,4,1,2)
A16: market for electricity, medium voltage | B16: electricity, medium voltage | C16: AU | D16: 0.0008 | E16: kilowatt hour | F16: ecoinvent 3.10 cutoff | G16: technosphere | J16: (3,5,4,1,2)
A17: market for non-sulfidic overburden, off-site | B17: non-sulfidic overburden, off-site | C17: GLO | D17: -0.0013 | E17: kilogram | F17: ecoinvent 3.10 cutoff | G17: technosphere | J17: (3,5,4,1,2)
A18: Water, unspecified natural origin | D18: 0.00021 | E18: cubic meter | F18: biosphere3 | G18: biosphere | H18: natural resource::in ground | J18: (3,5,4,1,2)
A20: Activity | B20: [M+C] Iron (Fe) ore mining and concentration (Canada)
A21: reference product | B21: Fe concentrate
A22: location | B22: CA
A23: amount | B23: 1
A24: unit | B24: kilogram
A25: comment | B25: n/a
A26: Exchanges
A27: name | B27: reference product | C27: location | D27: amount | E27: unit | F27: database | G27: type | H27: categories | I27: uncertainty type | J27: pedigree | K27: loc | L27: scale | M27: minimum | N27: maximum
A28: =B20 -> [M+C] Iron (Fe) ore mining and concentration (Canada) | B28: =B21 -> Fe concentrate | C28: =B22 -> CA | D28: 1 | E28: kilogram | F28: =F9 -> Iron | G28: production
A29: market for diesel, burned in building machine | B29: diesel, burned in building machine | C29: GLO | D29: 0.059 | E29: megajoule | F29: ecoinvent 3.10 cutoff | G29: technosphere | J29: (4,5,4,5,4)
A30: market group for electricity, medium voltage | B30: electricity, medium voltage | C30: CA | D30: 0.0024 | E30: kilowatt hour | F30: ecoinvent 3.10 cutoff | G30: technosphere | J30: (4,5,4,5,4)
A31: market for explosive, tovex | B31: explosive, tovex | C31: GLO | D31: 0.0047 | E31: kilogram | F31: ecoinvent 3.10 cutoff | G31: technosphere | J31: (4,5,4,5,4)
A32: market for rock crushing | B32: rock crushing | C32: GLO | D32: 2.4e-10 | E32: kilogram | F32: ecoinvent 3.10 cutoff | G32: technosphere | J32: (4,5,4,5,4)
A33: Water, unspecified natural origin | D33: 0.0002 | E33: cubic meter | F33: biosphere3 | G33: biosphere | H33: natural resource::in ground | J33: (4,5,4,5,4)
A34: Particulate Matter, < 2.5 um | D34: 0.0013 | E34: kilogram | F34: biosphere3 | G34: biosphere | H34: air | J34: (4,5,4,5,4)
A35: Particulate Matter, > 10 um | D35: 0.0014 | E35: kilogram | F35: biosphere3 | G35: biosphere | H35: air | J35: (4,5,4,5,4)
A36: Particulate Matter, > 2.5 um and < 10um | D36: 0.00014 | E36: kilogram | F36: biosphere3 | G36: biosphere | H36: air | J36: (4,5,4,5,4)
A38: Activity | B38: [M+C] Iron (Fe) ore mining and concentration (South Africa)
A39: reference product | B39: Fe concentrate
A40: location | B40: ZA
A41: amount | B41: 1
A42: unit | B42: kilogram
A43: comment | B43: n/a
A44: Exchanges
A45: name | B45: reference product | C45: location | D45: amount | E45: unit | F45: database | G45: type | H45: categories | I45: uncertainty type | J45: pedigree | K45: loc | L45: scale | M45: minimum | N45: maximum
A46: =B38 -> [M+C] Iron (Fe) ore mining and concentration (South Africa) | B46: =B39 -> Fe concentrate | C46: =B40 -> ZA | D46: 1 | E46: kilogram | F46: =F28 -> Iron | G46: production
A47: market for diesel, burned in building machine | B47: diesel, burned in building machine | C47: GLO | D47: 0.059 | E47: megajoule | F47: ecoinvent 3.10 cutoff | G47: technosphere | J47: (4,5,4,5,4)
A48: market for electricity, medium voltage | B48: electricity, medium voltage | C48: ZA | D48: 0.0025 | E48: kilowatt hour | F48: ecoinvent 3.10 cutoff | G48: technosphere | J48: (4,5,4,5,4)
A49: market for explosive, tovex | B49: explosive, tovex | C49: GLO | D49: 0.0047 | E49: kilogram | F49: ecoinvent 3.10 cutoff | G49: technosphere | J49: (4,5,4,5,4)
A50: market for rock crushing | B50: rock crushing | C50: GLO | D50: 2.4e-10 | E50: kilogram | F50: ecoinvent 3.10 cutoff | G50: technosphere | J50: (4,5,4,5,4)
A51: Water, unspecified natural origin | D51: 0.00021 | E51: cubic meter | F51: biosphere3 | G51: biosphere | H51: natural resource::in ground | J51: (4,5,4,5,4)
A52: Particulate Matter, < 2.5 um | D52: 0.00014 | E52: kilogram | F52: biosphere3 | G52: biosphere | H52: air | J52: (4,5,4,5,4)
A53: Particulate Matter, > 10 um | D53: 0.0014 | E53: kilogram | F53: biosphere3 | G53: biosphere | H53: air | J53: (4,5,4,5,4)
A54: Particulate Matter, > 2.5 um and < 10um | D54: 0.0013 | E54: kilogram | F54: biosphere3 | G54: biosphere | H54: air | J54: (4,5,4,5,4)
A56: Activity | B56: [M+C] Iron (Fe) ore mining and concentration (Ukraine)
A57: reference product | B57: Fe concentrate
A58: location | B58: UA
A59: amount | B59: 1
A60: unit | B60: kilogram
A61: comment | B61: n/a
A62: Exchanges
A63: name | B63: reference product | C63: location | D63: amount | E63: unit | F63: database | G63: type | H63: categories | I63: uncertainty type | J63: pedigree | K63: loc | L63: scale | M63: minimum | N63: maximum
A64: =B56 -> [M+C] Iron (Fe) ore mining and concentration (Ukraine) | B64: =B57 -> Fe concentrate | C64: =B58 -> UA | D64: 1 | E64: kilogram | F64: =F46 -> Iron | G64: production
A65: market for diesel, burned in building machine | B65: diesel, burned in building machine | C65: GLO | D65: 0.06 | E65: megajoule | F65: ecoinvent 3.10 cutoff | G65: technosphere | J65: (4,5,4,5,4)
A66: market for electricity, medium voltage | B66: electricity, medium voltage | C66: UA | D66: 0.0025 | E66: kilowatt hour | F66: ecoinvent 3.10 cutoff | G66: technosphere | J66: (4,5,4,5,4)
A67: market for explosive, tovex | B67: explosive, tovex | C67: GLO | D67: 0.0048 | E67: kilogram | F67: ecoinvent 3.10 cutoff | G67: technosphere | J67: (4,5,4,5,4)
A68: market for rock crushing | B68: rock crushing | C68: GLO | D68: 2.4e-10 | E68: kilogram | F68: ecoinvent 3.10 cutoff | G68: technosphere | J68: (4,5,4,5,4)
A69: Water, unspecified natural origin | D69: 0.00021 | E69: cubic meter | F69: biosphere3 | G69: biosphere | H69: natural resource::in ground | J69: (4,5,4,5,4)
A70: Particulate Matter, < 2.5 um | D70: 0.00014 | E70: kilogram | F70: biosphere3 | G70: biosphere | H70: air | J70: (4,5,4,5,4)
A71: Particulate Matter, > 10 um | D71: 0.0015 | E71: kilogram | F71: biosphere3 | G71: biosphere | H71: air | J71: (4,5,4,5,4)
A72: Particulate Matter, > 2.5 um and < 10um | D72: 0.0013 | E72: kilogram | F72: biosphere3 | G72: biosphere | H72: air | J72: (4,5,4,5,4)
A74: Activity | B74: Iron ore mining and concentration - Global market
A75: reference product | B75: Fe concentrate
A76: location | B76: GLO
A77: amount | B77: 1
A78: unit | B78: kilogram
A79: comment | B79: n/a
A80: Exchanges
A81: name | B81: reference product | C81: location | D81: amount | E81: unit | F81: database | G81: type | H81: categories | I81: uncertainty type | J81: pedigree | K81: loc | L81: scale | M81: minimum | N81: maximum
A82: =B74 -> Iron ore mining and concentration - Global market | B82: =B75 -> Fe concentrate | C82: =B76 -> GLO | D82: 1 | E82: =B78 -> kilogram | F82: =F64 -> Iron | G82: production
A83: =PR1_CrudeSteel_BR!A9 -> [M+C] Iron (Fe) ore mining and concentration (Brazil) | B83: =PR1_CrudeSteel_BR!B9 -> Fe concentrate | C83: =PR1_CrudeSteel_BR!C9 -> BR | D83: 0.22143576 | E83: =PR1_CrudeSteel_BR!E9 -> kilogram | F83: =PR1_CrudeSteel_BR!F9 -> Iron | G83: technosphere
A84: =PR2_SteelAHSS_CN!A9 -> [M+C] Iron (Fe) ore mining and concentration (China) | B84: =PR2_SteelAHSS_CN!B9 -> Fe concentrate | C84: =PR2_SteelAHSS_CN!C9 -> CN | D84: 0.20650478 | E84: =PR2_SteelAHSS_CN!E9 -> kilogram | F84: =PR2_SteelAHSS_CN!F9 -> Iron | G84: technosphere
A85: =A9 -> [M+C] Iron (Fe) ore mining and concentration (Australia) | B85: =B9 -> Fe concentrate | C85: =C9 -> AU | D85: 0.46268241 | E85: =E9 -> kilogram | F85: =F9 -> Iron | G85: technosphere
A86: =A28 -> [M+C] Iron (Fe) ore mining and concentration (Canada) | B86: =B28 -> Fe concentrate | C86: =C28 -> CA | D86: 0.028411622 | E86: =E28 -> kilogram | F86: =F28 -> Iron | G86: technosphere
A87: =A46 -> [M+C] Iron (Fe) ore mining and concentration (South Africa) | B87: =B46 -> Fe concentrate | C87: =C46 -> ZA | D87: 0.038488958 | E87: =E46 -> kilogram | F87: =F46 -> Iron | G87: technosphere
A88: =A64 -> [M+C] Iron (Fe) ore mining and concentration (Ukraine) | B88: =B64 -> Fe concentrate | C88: =C64 -> UA | D88: 0.042476469 | E88: =E64 -> kilogram | F88: =F64 -> Iron | G88: technosphere

Sheet PR1_CrudeSteel_BR
A1: Activity | B1: [M+C] Iron (Fe) ore mining and concentration (Brazil)
A2: reference product | B2: Fe concentrate
A3: location | B3: BR
A4: amount | B4: 1
A5: unit | B5: kilogram
A6: comment | B6: n/a
A7: Exchanges
A8: name | B8: reference product | C8: location | D8: amount | E8: unit | F8: database | G8: type | H8: categories | I8: uncertainty type | J8: pedigree | K8: loc | L8: scale | M8: minimum | N8: maximum
A9: =B1 -> [M+C] Iron (Fe) ore mining and concentration (Brazil) | B9: =B2 -> Fe concentrate | C9: =B3 -> BR | D9: 1 | E9: kilogram | F9: =Fe_Market_GLO!B1 -> Iron | G9: production
A10: market for diesel, burned in building machine | B10: diesel, burned in building machine | C10: GLO | D10: 0.021924 | E10: megajoule | F10: ecoinvent 3.10 cutoff | G10: technosphere | J10: (1,1,3,1,1)
A11: market for conveyor belt | B11: conveyor belt | C11: GLO | D11: 1.09736e-08 | E11: meter | F11: ecoinvent 3.10 cutoff | G11: technosphere | J11: (1,1,3,1,1)
A12: market group for electricity, medium voltage | B12: electricity, medium voltage | C12: BR | D12: 0.0026216 | E12: kilowatt hour | F12: ecoinvent 3.10 cutoff | G12: technosphere | J12: (1,1,3,1,1)
A13: market for explosive, tovex | B13: explosive, tovex | C13: GLO | D13: 0.0203696 | E13: kilogram | F13: ecoinvent 3.10 cutoff | G13: technosphere | J13: (1,1,3,1,1)
A14: market for industrial machine, heavy, unspecified | B14: industrial machine, heavy, unspecified | C14: RoW | D14: 5.5216e-10 | E14: kilogram | F14: ecoinvent 3.10 cutoff | G14: technosphere | J14: (1,1,3,1,1)
A15: market for diesel, burned in building machine | B15: diesel, burned in building machine | C15: GLO | D15: 0.0205784 | E15: megajoule | F15: ecoinvent 3.10 cutoff | G15: technosphere | J15: (1,1,3,1,1)
A16: market group for electricity, medium voltage | B16: electricity, medium voltage | C16: BR | D16: 0.986 | E16: kilowatt hour | F16: ecoinvent 3.10 cutoff | G16: technosphere | J16: (1,1,3,1,1)
A17: market for amine oxides | B17: amine oxides | C17: GLO | D17: 0.000121 | E17: kilogram | F17: ecoinvent 3.10 cutoff | G17: technosphere | J17: (1,1,3,1,1)
A18: market for chemical, inorganic | B18: chemical, inorganic | C18: GLO | D18: 6.84e-06 | E18: kilogram | F18: ecoinvent 3.10 cutoff | G18: technosphere | J18: (1,1,3,1,1)
A19: market for chemical, organic | B19: chemical, organic | C19: GLO | D19: 3.13e-05 | E19: kilogram | F19: ecoinvent 3.10 cutoff | G19: technosphere | J19: (1,1,3,1,1)
A20: market for chemical, organic | B20: chemical, organic | C20: GLO | D20: 1.67e-06 | E20: kilogram | F20: ecoinvent 3.10 cutoff | G20: technosphere | J20: (1,1,3,1,1)
A21: market for potato starch | B21: potato starch | C21: GLO | D21: 0.00117 | E21: kilogram | F21: ecoinvent 3.10 cutoff | G21: technosphere | J21: (1,1,3,1,1)
... A33: market for hazardous waste, for incineration | B33: hazardous waste, for incineration | C33: RoW | D33: -2e-06 | E33: kilogram | F33: ecoinvent 3.10 cutoff | G33: technosphere | J33: (1,1,3,1,1)
A34: Occupation, mineral extraction site | D34: 2.0996e-06 | E34: square meter-year | F34: biosphere3 | G34: biosphere | H34: natural resource::land | J34: (1,1,3,1,1)
A35: Transformation, from unspecified | D35: 2.8072e-08 | E35: square meter | F35: biosphere3 | G35: biosphere | H35: natural resource::land | J35: (1,1,3,1,1)
A36: Transformation, to mineral extraction site | D36: 2.8072e-08 | E36: square meter | F36: biosphere3 | G36: biosphere | H36: natural resource::land | J36: (1,1,3,1,1)
A37: Occupation, industrial area | D37: 2.15992e-06 | E37: square meter-year | F37: biosphere3 | G37: biosphere | H37: natural resource::land | J37: (1,1,3,1,1)
A38: Transformation, from unspecified | D38: 2.8768e-10 | E38: square meter | F38: biosphere3 | G38: biosphere | H38: natural resource::land | J38: (1,1,3,1,1)
A39: Transformation, to industrial area | D39: 2.8768e-10 | E39: square meter | F39: biosphere3 | G39: biosphere | H39: natural resource::land | J39: (1,1,3,1,1)
A40: Transformation, to industrial area | D40: 1.10664e-10 | E40: square meter | F40: biosphere3 | G40: biosphere | H40: natural resource::land | J40: (1,1,3,1,1)
A41: Transformation, to unspecified, natural (non-use) | D41: 2.8072e-08 | E41: square meter | F41: biosphere3 | G41: biosphere | H41: natural resource::land | J41: (1,1,3,1,1)
A42: Iron | D42: 0.9976 | E42: kilogram | F42: biosphere3 | G42: biosphere | H42: natural resource::in ground | J42: (1,1,3,1,1)
A43: Water, unspecified natural origin | D43: 0.000874 | E43: cubic meter | F43: biosphere3 | G43: biosphere | H43: natural resource::in ground | J43: (1,1,3,1,1)
A45: Activity | B45: [P+R] Crude steel production (Brazil)
A46: reference product | B46: Steel
A47: location | B47: BR
A48: amount | B48: 1
A49: unit | B49: kilogram
A50: comment | B50: n/a
A51: Exchanges
A52: name | B52: reference product | C52: location | D52: amount | E52: unit | F52: database | G52: type | H52: categories | I52: uncertainty type | J52: pedigree | K52: loc | L52: scale | M52: minimum | N52: maximum
A53: =B45 -> [P+R] Crude steel production (Brazil) | B53: =B46 -> Steel | C53: =B47 -> BR | D53: 1 | E53: kilogram | F53: =Fe_Market_GLO!B1 -> Iron | G53: production
A54: market for clay | B54: clay | C54: RoW | D54: 0.019005505 | E54: kilogram | F54: ecoinvent 3.10 cutoff | G54: technosphere | J54: (5,5,5,5,5)
A55: market for dolomite | B55: dolomite | C55: RoW | D55: 0.174 | E55: kilogram | F55: ecoinvent 3.10 cutoff | G55: technosphere | J55: (5,5,5,5,5)
A56: market for hard coal | B56: hard coal | C56: RoW | D56: 1.1 | E56: kilogram | F56: ecoinvent 3.10 cutoff | G56: technosphere | J56: (5,5,5,5,5)
A57: market for ilmenite, 54% titanium dioxide | B57: ilmenite, 54% titanium dioxide | C57: GLO | D57: 0.00019005505 | E57: kilogram | F57: ecoinvent 3.10 cutoff | G57: technosphere | J57: (5,5,5,5,5)
A58: market for limestone, crushed, washed | B58: limestone, crushed, washed | C58: RoW | D58: 0.171 | E58: kilogram | F58: ecoinvent 3.10 cutoff | G58: technosphere | J58: (5,5,5,5,5)
A59: market for manganese | B59: manganese | C59: GLO | D59: 0.014651022 | E59: kilogram | F59: ecoinvent 3.10 cutoff | G59: technosphere | J59: (5,5,5,5,5)
A60: market for natural gas, high pressure | B60: natural gas, high pressure | C60: BR | D60: 0.070689655 | E60: cubic meter | F60: ecoinvent 3.10 cutoff | G60: technosphere | J60: (5,5,5,5,5)
A61: market for light fuel oil | B61: light fuel oil | C61: BR | D61: 0.0113 | E61: kilogram | F61: ecoinvent 3.10 cutoff | G61: technosphere | J61: (5,5,5,5,5)
A62: market for basalt | B62: basalt | C62: GLO | D62: 0.0059874144 | E62: kilogram | F62: ecoinvent 3.10 cutoff | G62: technosphere | J62: (5,5,5,5,5)
A63: market for sand | B63: sand | C63: BR | D63: 0.00064410064 | E63: kilogram | F63: ecoinvent 3.10 cutoff | G63: technosphere | J63: (5,5,5,5,5)
A64: market for iron scrap, sorted, pressed | B64: iron scrap, sorted, pressed | C64: RoW | D64: 0.19005505 | E64: kilogram | F64: ecoinvent 3.10 cutoff | G64: technosphere | J64: (5,5,5,5,5)
A65: market for sodium chloride, powder | B65: sodium chloride, powder | C65: GLO | D65: 0.0014061352 | E65: kilogram | F65: ecoinvent 3.10 cutoff | G65: technosphere | J65: (5,5,5,5,5)
... A69: market for waste mineral oil | B69: waste mineral oil | C69: RoW | D69: -9.6615096e-06 | E69: kilogram | F69: ecoinvent 3.10 cutoff | G69: technosphere | J69: (5,5,5,5,5)
A70: Water, unspecified natural origin | D70: 7.1e-07 | E70: cubic meter | F70: biosphere3 | G70: biosphere | H70: natural resource::in ground | J70: (5,5,5,5,5)
A71: Ammonium | D71: 0.123 | E71: kilogram | F71: biosphere3 | G71: biosphere | H71: water | J71: (5,5,5,5,5)
A72: Carbon dioxide, fossil | D72: 3.55 | E72: kilogram | F72: biosphere3 | G72: biosphere | H72: air | J72: (5,5,5,5,5)
A73: Carbon monoxide, fossil | D73: 0.0387 | E73: kilogram | F73: biosphere3 | G73: biosphere | H73: air | J73: (5,5,5,5,5)
A74: Dissolved solids | D74: 0.00078925008 | E74: kilogram | F74: biosphere3 | G74: biosphere | H74: water | J74: (5,5,5,5,5)
A75: Hydrocarbons, unspecified | D75: 0.0123 | E75: kilogram | F75: biosphere3 | G75: biosphere | H75: air::non-urban air or from high stacks | J75: (5,5,5,5,5)
A76: Hydrochloric acid | D76: 6.3049288e-05 | E76: kilogram | F76: biosphere3 | G76: biosphere | H76: air | J76: (5,5,5,5,5)
A77: Lead II | D77: 0.000229 | E77: kilogram | F77: biosphere3 | G77: biosphere | H77: air | J77: (5,5,5,5,5)
A78: Methane, fossil | D78: 0.00452 | E78: kilogram | F78: biosphere3 | G78: biosphere | H78: air | J78: (5,5,5,5,5)
A79: Nitrogen oxides | D79: 0.00548 | E79: kilogram | F79: biosphere3 | G79: biosphere | H79: air | J79: (5,5,5,5,5)
A80: Particulate Matter, > 2.5 um and < 10um | D80: 0.0265 | E80: kilogram | F80: biosphere3 | G80: biosphere | H80: air | J80: (5,5,5,5,5)
A81: Phosphate | D81: 0.00126 | E81: kilogram | F81: biosphere3 | G81: biosphere | H81: water | J81: (5,5,5,5,5)
... A83: Suspended solids, unspecified | D83: 0.677 | E83: kilogram | F83: biosphere3 | G83: biosphere | H83: water | J83: (5,5,5,5,5)
A85: Activity | B85: Iron ore mining and steel production in Brazil
A86: reference product | B86: Steel
A87: location | B87: BR
A88: amount | B88: 1
A89: unit | B89: kilogram
A90: comment | B90: n/a
A91: Exchanges
A92: name | B92: reference product | C92: location | D92: amount | E92: unit | F92: database | G92: type | H92: categories | I92: uncertainty type | J92: pedigree | K92: loc | L92: scale | M92: minimum | N92: maximum
A93: =B85 -> Iron ore mining and steel production in Brazil | B93: =B86 -> Steel | C93: =B87 -> BR | D93: 1 | E93: kilogram | F93: =F53 -> Iron | G93: production
A94: =A53 -> [P+R] Crude steel production (Brazil) | B94: =B53 -> Steel | C94: =C53 -> BR | D94: 1 | E94: =E53 -> kilogram | F94: =F53 -> Iron | G94: technosphere
A95: =A9 -> [M+C] Iron (Fe) ore mining and concentration (Brazil) | B95: =B9 -> Fe concentrate | C95: =C9 -> BR | D95: 2.61 | E95: =E9 -> kilogram | F95: =F9 -> Iron | G95: technosphere

Sheet PR2_SteelAHSS_CN
A1: Activity | B1: [M+C] Iron (Fe) ore mining and concentration (China)
A2: reference product | B2: Fe concentrate
A3: location | B3: CN
A4: amount | B4: 1
A5: unit | B5: kilogram
A6: comment | B6: n/a
A7: Exchanges
A8: name | B8: reference product | C8: location | D8: amount | E8: unit | F8: database | G8: type | H8: categories | I8: uncertainty type | J8: pedigree | K8: loc | L8: scale | M8: minimum | N8: maximum
A9: =B1 -> [M+C] Iron (Fe) ore mining and concentration (China) | B9: =B2 -> Fe concentrate | C9: =B3 -> CN | D9: 1 | E9: kilogram | F9: =Fe_Market_GLO!B1 -> Iron | G9: production
A10: market for iron ore, crude ore, 46% Fe | B10: iron ore, crude ore, 46% Fe | C10: GLO | D10: 2.2998478 | E10: kilogram | F10: ecoinvent 3.10 cutoff | G10: technosphere | J10: (1.0,1,5,1,1)
A11: market for steel, low-alloyed | B11: steel, low-alloyed | C11: GLO | D11: 0.0010147133 | E11: kilogram | F11: ecoinvent 3.10 cutoff | G11: technosphere | J11: (1.0,1,5,1,1)
A12: market group for electricity, medium voltage | B12: electricity, medium voltage | C12: CN | D12: 0.037544394 | E12: kilowatt hour | F12: ecoinvent 3.10 cutoff | G12: technosphere | J12: (1.0,1,5,1,1)
A13: market for non-sulfidic tailing, off-site | B13: non-sulfidic tailing, off-site | C13: GLO | D13: -1.072552 | E13: kilogram | F13: ecoinvent 3.10 cutoff | G13: technosphere | J13: (1.0,1,5,1,1)
A14: Carbon dioxide, fossil | D14: 0.18396753 | E14: kilogram | F14: biosphere3 | G14: biosphere | H14: air | J14: (5.0,1,5,1,1)
A15: Sulfur dioxide | D15: 0.015638762 | E15: kilogram | F15: biosphere3 | G15: biosphere | H15: air | J15: (5.0,1,5,1,1)
A16: Carbon monoxide, fossil | D16: 0.11499239 | E16: kilogram | F16: biosphere3 | G16: biosphere | H16: air | J16: (5.0,1,5,1,1)
A17: Nitrogen oxides | D17: 0.0073597159 | E17: kilogram | F17: biosphere3 | G17: biosphere | H17: air | J17: (5.0,1,5,1,1)
A18: Methane, fossil | D18: 0.0052897007 | E18: kilogram | F18: biosphere3 | G18: biosphere | H18: air | J18: (5.0,1,5,1,1)
A19: Particulate Matter, > 2.5 um and < 10um | D19: 0.075895485 | E19: kilogram | F19: biosphere3 | G19: biosphere | H19: air | J19: (5.0,1,5,1,1)
A21: Activity | B21: [P+R] Steel production (AHSS)
A22: reference product | B22: Steel
A23: location | B23: CN
A24: amount | B24: 1
A25: unit | B25: kilogram
A26: comment | B26: n/a
A27: Exchanges
A28: name | B28: reference product | C28: location | D28: amount | E28: unit | F28: database | G28: type | H28: categories | I28: uncertainty type | J28: pedigree | K28: loc | L28: scale | M28: minimum | N28: maximum
A29: =B21 -> [P+R] Steel production (AHSS) | B29: =B22 -> Steel | C29: =B23 -> CN | D29: 1 | E29: kilogram | F29: =Fe_Market_GLO!B1 -> Iron | G29: production
A30: market for hard coal | B30: hard coal | C30: CN | D30: 0.043083333 | E30: kilogram | F30: ecoinvent 3.10 cutoff | G30: technosphere | J30: (4,1,3,2,2)
A31: market group for electricity, medium voltage | B31: electricity, medium voltage | C31: CN | D31: 0.1366965 | E31: kilowatt hour | F31: ecoinvent 3.10 cutoff | G31: technosphere | J31: (4,1,3,2,2)
A32: market for limestone, crushed, washed | B32: limestone, crushed, washed | C32: RoW | D32: 0.009 | E32: kilogram | F32: ecoinvent 3.10 cutoff | G32: technosphere | J32: (4,1,3,2,2)
A33: market for hard coal | B33: hard coal | C33: CN | D33: 0.98916667 | E33: kilogram | F33: ecoinvent 3.10 cutoff | G33: technosphere | J33: (4,1,3,2,2)
A34: market group for electricity, medium voltage | B34: electricity, medium voltage | C34: CN | D34: 0.23759154 | E34: kilowatt hour | F34: ecoinvent 3.10 cutoff | G34: technosphere | J34: (4,1,3,2,2)
A35: market for hard coal | B35: hard coal | C35: CN | D35: 0.051833333 | E35: kilogram | F35: ecoinvent 3.10 cutoff | G35: technosphere | J35: (4,1,3,2,2)
A36: market group for electricity, medium voltage | B36: electricity, medium voltage | C36: CN | D36: 0.097640358 | E36: kilowatt hour | F36: ecoinvent 3.10 cutoff | G36: technosphere | J36: (4,1,3,2,2)
A37: market for limestone, crushed, washed | B37: limestone, crushed, washed | C37: RoW | D37: 0.043 | E37: kilogram | F37: ecoinvent 3.10 cutoff | G37: technosphere | J37: (4,1,3,2,2)
A38: market group for electricity, medium voltage | B38: electricity, medium voltage | C38: CN | D38: 0.16842962 | E38: kilowatt hour | F38: ecoinvent 3.10 cutoff | G38: technosphere | J38: (4,1,3,2,2)
A39: market for limestone, crushed, washed | B39: limestone, crushed, washed | C39: RoW | D39: 0.063 | E39: kilogram | F39: ecoinvent 3.10 cutoff | G39: technosphere | J39: (4,1,3,2,2)
A40: market for natural gas, high pressure | B40: natural gas, high pressure | C40: CN | D40: 0.032166667 | E40: cubic meter | F40: ecoinvent 3.10 cutoff | G40: technosphere | J40: (4,1,3,2,2)
A41: market group for electricity, medium voltage | B41: electricity, medium voltage | C41: CN | D41: 0.15703824 | E41: kilowatt hour | F41: ecoinvent 3.10 cutoff | G41: technosphere | J41: (4,1,3,2,2)
... A46: market group for electricity, medium voltage | B46: electricity, medium voltage | C46: CN | D46: 0.002441009 | E46: kilowatt hour | F46: ecoinvent 3.10 cutoff | G46: technosphere | J46: (4,1,3,2,2)
A48: Activity | B48: Iron ore mining and steel (AHSS) production in China
A49: reference product | B49: Steel
A50: location | B50: CN
A51: amount | B51: 1
A52: unit | B52: kilogram
A53: comment | B53: n/a
A54: Exchanges
A55: name | B55: reference product | C55: location | D55: amount | E55: unit | F55: database | G55: type | H55: categories | I55: uncertainty type | J55: pedigree | K55: loc | L55: scale | M55: minimum | N55: maximum
A56: =B48 -> Iron ore mining and steel (AHSS) production in China | B56: =B49 -> Steel | C56: =B50 -> CN | D56: 1 | E56: kilogram | F56: =F29 -> Iron | G56: production
A57: =A29 -> [P+R] Steel production (AHSS) | B57: =B29 -> Steel | C57: =C29 -> CN | D57: 1 | E57: =E29 -> kilogram | F57: =F29 -> Iron | G57: technosphere
A58: =A9 -> [M+C] Iron (Fe) ore mining and concentration (China) | B58: =B9 -> Fe concentrate | C58: =C9 -> CN | D58: 1.17 | E58: =E9 -> kilogram | F58: =F9 -> Iron | G58: technosphere

Sheet PR3_Steel_CN_Shandong
A1: Activity | B1: [P] Sintering (Shandong)
A2: reference product | B2: Iron (Fe) sinter
A3: location | B3: CN
A4: amount | B4: 1
A5: unit | B5: kilogram
A6: comment | B6: n/a
A7: Exchanges
A8: name | B8: reference product | C8: location | D8: amount | E8: unit | F8: database | G8: type | H8: categories | I8: uncertainty type | J8: pedigree | K8: loc | L8: scale | M8: minimum | N8: maximum
A9: =B1 -> [P] Sintering (Shandong) | B9: =B2 -> Iron (Fe) sinter | C9: =B3 -> CN | D9: 1 | E9: kilogram | F9: =Fe_Market_GLO!B1 -> Iron | G9: production
A10: market for ferrite | B10: ferrite | C10: GLO | D10: 0.16923077 | E10: kilogram | F10: ecoinvent 3.10 cutoff | G10: technosphere | J10: (1,1,2,1,1)
A11: market for quicklime, milled, packed | B11: quicklime, milled, packed | C11: RoW | D11: 0.10769231 | E11: kilogram | F11: ecoinvent 3.10 cutoff | G11: technosphere | J11: (1,1,2,1,1)
A12: market for dolomite | B12: dolomite | C12: RoW | D12: 0.061538462 | E12: kilogram | F12: ecoinvent 3.10 cutoff | G12: technosphere | J12: (1,1,2,1,1)
A13: market for water, completely softened | B13: water, completely softened | C13: RoW | D13: 0.00044615385 | E13: kilogram | F13: ecoinvent 3.10 cutoff | G13: technosphere | J13: (1,1,2,1,1)
A14: market group for electricity, medium voltage | B14: electricity, medium voltage | C14: CN | D14: 0.033215385 | E14: kilowatt hour | F14: ecoinvent 3.10 cutoff | G14: technosphere | J14: (1,1,2,1,1)
A15: market for charcoal | B15: charcoal | C15: GLO | D15: 0.030769231 | E15: kilogram | F15: ecoinvent 3.10 cutoff | G15: technosphere | J15: (1,1,2,1,1)
A16: =A106 -> Coke production (Shandong) | B16: =B106 -> Coke | C16: =C106 -> CN | D16: 0.030769231 | E16: kilogram | F16: =F106 -> Iron | G16: technosphere | J16: (1,1,2,1,1)
A17: market for gypsum, mineral | B17: gypsum, mineral | C17: RoW | D17: -0.0049076923 | E17: kilogram | F17: ecoinvent 3.10 cutoff | G17: technosphere | J17: (1,1,2,1,1)
A18: Water, unspecified natural origin | D18: 0.00010769231 | E18: cubic meter | F18: biosphere3 | G18: biosphere | H18: natural resource::in ground | J18: (1,1,2,1,1)
A19: Sulfur dioxide | D19: 0.00036923077 | E19: kilogram | F19: biosphere3 | G19: biosphere | H19: air | J19: (1,1,2,1,1)
A20: Particulate Matter, > 2.5 um and < 10um | D20: 2.3076923e-05 | E20: kilogram | F20: biosphere3 | G20: biosphere | H20: air | J20: (1,1,2,1,1)
A22: Activity | B22: [R] Fe production - Blast Furnace (Shandong)
A23: reference product | B23: Fe
A24: location | B24: CN
A25: amount | B25: 1
A26: unit | B26: kilogram
A27: comment | B27: n/a
A28: Exchanges
A29: name | B29: reference product | C29: location | D29: amount | E29: unit | F29: database | G29: type | H29: categories | I29: uncertainty type | J29: pedigree | K29: loc | L29: scale | M29: minimum | N29: maximum
A30: =B22 -> [R] Fe production - Blast Furnace (Shandong) | B30: =B23 -> Fe | C30: =B24 -> CN | D30: 1 | E30: kilogram | F30: =F9 -> Iron | G30: production
A31: market for compressed air, 800 kPa gauge | B31: compressed air, 800 kPa gauge | C31: RoW | D31: 9.2839335 | E31: cubic meter | F31: ecoinvent 3.10 cutoff | G31: technosphere | J31: (1,1,2,1,1)
A32: market for compressed air, 800 kPa gauge | B32: compressed air, 800 kPa gauge | C32: RoW | D32: 1.1722763 | E32: cubic meter | F32: ecoinvent 3.10 cutoff | G32: technosphere | J32: (1,1,2,1,1)
A33: market for compressed air, 800 kPa gauge | B33: compressed air, 800 kPa gauge | C33: RoW | D33: 0.045184211 | E33: cubic meter | F33: ecoinvent 3.10 cutoff | G33: technosphere | J33: (1,1,2,1,1)
A34: market for nitrogen, liquid | B34: nitrogen, liquid | C34: RoW | D34: 0.097648026 | E34: kilogram | F34: ecoinvent 3.10 cutoff | G34: technosphere | J34: (1,1,2,1,1)
A35: market for iron ore, crude ore, 46% Fe | B35: iron ore, crude ore, 46% Fe | C35: GLO | D35: 0.19736842 | E35: kilogram | F35: ecoinvent 3.10 cutoff | G35: technosphere | J35: (1,1,2,1,1)
A36: market for steam, in chemical industry | B36: steam, in chemical industry | C36: RoW | D36: 0.026315789 | E36: kilogram | F36: ecoinvent 3.10 cutoff | G36: technosphere | J36: (1,1,2,1,1)
A37: market for water, ultrapure | B37: water, ultrapure | C37: RoW | D37: 0.026315789 | E37: kilogram | F37: ecoinvent 3.10 cutoff | G37: technosphere | J37: (1,1,2,1,1)
A38: market group for electricity, medium voltage | B38: electricity, medium voltage | C38: CN | D38: 0.027210526 | E38: kilowatt hour | F38: ecoinvent 3.10 cutoff | G38: technosphere | J38: (1,1,2,1,1)
A39: =A106 -> Coke production (Shandong) | B39: =B106 -> Coke | C39: =C106 -> CN | D39: 0.40789474 | E39: kilogram | F39: =F106 -> Iron | G39: technosphere | J39: (1,1,2,1,1)
A40: market for hard coal | B40: hard coal | C40: CN | D40: 0.13157895 | E40: kilogram | F40: ecoinvent 3.10 cutoff | G40: technosphere | J40: (1,1,2,1,1)
A41: market for inert waste, for final disposal | B41: inert waste, for final disposal | C41: RoW | D41: -0.00575 | E41: kilogram | F41: ecoinvent 3.10 cutoff | G41: technosphere | J41: (1,1,2,1,1)
A42: market for refinery sludge | B42: refinery sludge | C42: RoW | D42: -0.017105263 | E42: kilogram | F42: ecoinvent 3.10 cutoff | G42: technosphere | J42: (1,1,2,1,1)
A43: market for inert waste, for final disposal | B43: inert waste, for final disposal | C43: RoW | D43: -0.0010526316 | E43: kilogram | F43: ecoinvent 3.10 cutoff | G43: technosphere | J43: (1,1,2,1,1)
A44: market for waste mineral oil | B44: waste mineral oil | C44: RoW | D44: -0.0011447368 | E44: kilogram | F44: ecoinvent 3.10 cutoff | G44: technosphere | J44: (1,1,2,1,1)
A45: market for hazardous waste, for underground deposit | B45: hazardous waste, for underground deposit | C45: RoW | D45: -5.7894737e-06 | E45: kilogram | F45: ecoinvent 3.10 cutoff | G45: technosphere | J45: (1,1,2,1,1)
A46: market for municipal solid waste | B46: municipal solid waste | C46: RoW | D46: -0.00018421053 | E46: kilogram | F46: ecoinvent 3.10 cutoff | G46: technosphere | J46: (1,1,2,1,1)
A47: market for wastewater, average | B47: wastewater, average | C47: RoW | D47: -7.5526316e-06 | E47: cubic meter | F47: ecoinvent 3.10 cutoff | G47: technosphere | J47: (1,1,2,1,1)
A48: Water, unspecified natural origin | D48: 0.00027631579 | E48: cubic meter | F48: biosphere3 | G48: biosphere | H48: natural resource::in ground | J48: (1,1,2,1,1)
A49: Sulfur dioxide | D49: 0.00071052632 | E49: kilogram | F49: biosphere3 | G49: biosphere | H49: air | J49: (1,1,2,1,1)
A50: Particulate Matter, > 2.5 um and < 10um | D50: 0.010986842 | E50: kilogram | F50: biosphere3 | G50: biosphere | H50: air | J50: (1,1,2,1,1)
A51: Nitrogen oxides | D51: 0.00046052632 | E51: kilogram | F51: biosphere3 | G51: biosphere | H51: air | J51: (1,1,2,1,1)
A53: Activity | B53: [R] Steel production (Shandong)
A54: reference product | B54: Steel
A55: location | B55: CN
A56: amount | B56: 1
A57: unit | B57: kilogram
A58: comment | B58: n/a
A59: Exchanges
A60: name | B60: reference product | C60: location | D60: amount | E60: unit | F60: database | G60: type | H60: categories | I60: uncertainty type | J60: pedigree | K60: loc | L60: scale | M60: minimum | N60: maximum
A61: =B53 -> [R] Steel production (Shandong) | B61: =B54 -> Steel | C61: =B55 -> CN | D61: 1 | E61: kilogram | F61: =F30 -> Iron | G61: production
A62: market for pig iron | B62: pig iron | C62: RoW | D62: 0.016393443 | E62: kilogram | F62: ecoinvent 3.10 cutoff | G62: technosphere | J62: (1,1,2,1,1)
A63: market for scrap steel | B63: scrap steel | C63: RoW | D63: 0.06557377 | E63: kilogram | F63: ecoinvent 3.10 cutoff | G63: technosphere | J63: (1,1,2,1,1)
A64: market for iron ore, crude ore, 46% Fe | B64: iron ore, crude ore, 46% Fe | C64: GLO | D64: 0.016393443 | E64: kilogram | F64: ecoinvent 3.10 cutoff | G64: technosphere | J64: (1,1,2,1,1)
A65: market for industrial machine, heavy, unspecified | B65: industrial machine, heavy, unspecified | C65: RoW | D65: 0.0085409836 | E65: kilogram | F65: ecoinvent 3.10 cutoff | G65: technosphere | J65: (1,1,2,1,1)
A66: market for dolomite | B66: dolomite | C66: RoW | D66: 0.032786885 | E66: kilogram | F66: ecoinvent 3.10 cutoff | G66: technosphere | J66: (1,1,2,1,1)
A67: market for lime, packed | B67: lime, packed | C67: RoW | D67: 0.032786885 | E67: kilogram | F67: ecoinvent 3.10 cutoff | G67: technosphere | J67: (1,1,2,1,1)
A68: ferrosilicon production | B68: ferrosilicon | C68: CN | D68: 0.00068852459 | E68: kilogram | F68: ecoinvent 3.10 cutoff | G68: technosphere | J68: (1,1,2,1,1)
A69: market for ferromanganese, high-coal, 74.5% Mn | B69: ferromanganese, high-coal, 74.5% Mn | C69: GLO | D69: 0.00026229508 | E69: kilogram | F69: ecoinvent 3.10 cutoff | G69: technosphere | J69: (1,1,2,1,1)
A70: market for ferromanganese, high-coal, 74.5% Mn | B70: ferromanganese, high-coal, 74.5% Mn | C70: GLO | D70: 0.002557377 | E70: kilogram | F70: ecoinvent 3.10 cutoff | G70: technosphere | J70: (1,1,2,1,1)
A71: market for manganese(III) oxide | B71: manganese(III) oxide | C71: GLO | D71: 0.0069016393 | E71: kilogram | F71: ecoinvent 3.10 cutoff | G71: technosphere | J71: (1,1,2,1,1)
A72: market for aluminium, wrought alloy | B72: aluminium, wrought alloy | C72: GLO | D72: 1.6393443e-05 | E72: kilogram | F72: ecoinvent 3.10 cutoff | G72: technosphere | J72: (1,1,2,1,1)
A73: market for magnesium | B73: magnesium | C73: GLO | D73: 0.0040983607 | E73: kilogram | F73: ecoinvent 3.10 cutoff | G73: technosphere | J73: (1,1,2,1,1)
... A94: market for scrap steel | B94: scrap steel | C94: RoW | D94: 0.14754098 | E94: kilogram | F94: ecoinvent 3.10 cutoff | G94: technosphere | J94: (1,1,2,1,1)
A95: Water, unspecified natural origin | D95: 0.0003442623 | E95: cubic meter | F95: biosphere3 | G95: biosphere | H95: natural resource::in ground | J95: (1,1,2,1,1)
A96: Particulate Matter, > 2.5 um and < 10um | D96: 3.2786885e-05 | E96: kilogram | F96: biosphere3 | G96: biosphere | H96: air | J96: (1,1,2,1,1)
A98: Activity | B98: Coke production (Shandong)
A99: reference product | B99: Coke
A100: location | B100: CN
A101: amount | B101: 1
A102: unit | B102: kilogram
A103: comment | B103: n/a
A104: Exchanges
A105: name | B105: reference product | C105: location | D105: amount | E105: unit | F105: database | G105: type | H105: categories | I105: uncertainty type | J105: pedigree | K105: loc | L105: scale | M105: minimum | N105: maximum
A106: =B98 -> Coke production (Shandong) | B106: =B99 -> Coke | C106: =B100 -> CN | D106: 1 | E106: kilogram | F106: =F61 -> Iron | G106: production
A107: market for hard coal | B107: hard coal | C107: CN | D107: 1.3333333 | E107: kilogram | F107: ecoinvent 3.10 cutoff | G107: technosphere | J107: (1,1,2,1,1)
A108: market for compressed air, 800 kPa gauge | B108: compressed air, 800 kPa gauge | C108: RoW | D108: 33.725146 | E108: cubic meter | F108: ecoinvent 3.10 cutoff | G108: technosphere | J108: (1,1,2,1,1)
A109: market for steam, in chemical industry | B109: steam, in chemical industry | C109: RoW | D109: 21.444444 | E109: kilogram | F109: ecoinvent 3.10 cutoff | G109: technosphere | J109: (1,1,2,1,1)
A110: market group for electricity, medium voltage | B110: electricity, medium voltage | C110: CN | D110: 0.0034722222 | E110: kilowatt hour | F110: ecoinvent 3.10 cutoff | G110: technosphere | J110: (1,1,2,1,1)
A111: market for liquefied petroleum gas | B111: liquefied petroleum gas | C111: RoW | D111: 0.37033333 | E111: kilogram | F111: ecoinvent 3.10 cutoff | G111: technosphere | J111: (1,1,2,1,1)
A112: Water, unspecified natural origin | D112: 0.00033333333 | E112: cubic meter | F112: biosphere3 | G112: biosphere | H112: natural resource::in ground | J112: (1,1,2,1,1)
A113: Sulfur dioxide | D113: 0.00011111111 | E113: kilogram | F113: biosphere3 | G113: biosphere | H113: air | J113: (1,1,2,1,1)
A114: Particulate Matter, > 2.5 um and < 10um | D114: 8.3333333e-05 | E114: kilogram | F114: biosphere3 | G114: biosphere | H114: air | J114: (1,1,2,1,1)
A116: Activity | B116: Steel billet production in China/Shandong
A117: reference product | B117: Steel
A118: location | B118: CN
A119: amount | B119: 1
A120: unit | B120: kilogram
A121: comment | B121: n/a
A122: Exchanges
A123: name | B123: reference product | C123: location | D123: amount | E123: unit | F123: database | G123: type | H123: categories | I123: uncertainty type | J123: pedigree | K123: loc | L123: scale | M123: minimum | N123: maximum
A124: Steel billet production in China/Shandong | B124: Steel | C124: CN | D124: 1 | E124: kilogram | F124: =F106 -> Iron | G124: production
...

Sheet PR4_CrudeSteel_CN
A1: Activity | B1: [P] Pelletizing
A2: reference product | B2: Iron (Fe) pellets
A3: location | B3: CN
A4: amount | B4: 1
A5: unit | B5: kilogram
A6: comment | B6: n/a
A7: Exchanges
A8: name | B8: reference product | C8: location | D8: amount | E8: unit | F8: database | G8: type | H8: categories | I8: uncertainty type | J8: pedigree | K8: loc | L8: scale | M8: minimum | N8: maximum
A9: =B1 -> [P] Pelletizing | B9: =B2 -> Iron (Fe) pellets | C9: =B3 -> CN | D9: 1 | E9: kilogram | F9: =Fe_Market_GLO!B1 -> Iron | G9: production
A10: market for hard coal | B10: hard coal | C10: CN | D10: 0.031088489 | E10: kilogram | F10: ecoinvent 3.10 cutoff | G10: technosphere | J10: (1,1,1,1,1)
A11: market for diesel | B11: diesel | C11: RoW | D11: 0.0014487079 | E11: kilogram | F11: ecoinvent 3.10 cutoff | G11: technosphere | J11: (1,1,1,1,1)
A12: market for light fuel oil | B12: light fuel oil | C12: RoW | D12: 0.00030148786 | E12: kilogram | F12: ecoinvent 3.10 cutoff | G12: technosphere | J12: (1,1,1,1,1)
A13: market for light fuel oil | B13: light fuel oil | C13: RoW | D13: 0.0012920908 | E13: kilogram | F13: ecoinvent 3.10 cutoff | G13: technosphere | J13: (1,1,1,1,1)
A14: market group for electricity, medium voltage | B14: electricity, medium voltage | C14: CN | D14: 0.02486296 | E14: kilowatt hour | F14: ecoinvent 3.10 cutoff | G14: technosphere | J14: (1,1,1,1,1)
A15: market for bentonite | B15: bentonite | C15: GLO | D15: 0.015622553 | E15: kilogram | F15: ecoinvent 3.10 cutoff | G15: technosphere | J15: (1,1,1,1,1)
A16: Water, unspecified natural origin | D16: 0.00010422866 | E16: cubic meter | F16: biosphere3 | G16: biosphere | H16: natural resource::in ground | J16: (1,1,1,1,1)
A17: Carbon dioxide, fossil | D17: 0.053346319 | E17: kilogram | F17: biosphere3 | G17: biosphere | H17: air | J17: (1,1,1,1,1)
A18: Carbon monoxide, fossil | D18: 0.0028905337 | E18: kilogram | F18: biosphere3 | G18: biosphere | H18: air | J18: (1,1,1,1,1)
A19: Sulfur dioxide | D19: 0.00010128555 | E19: kilogram | F19: biosphere3 | G19: biosphere | H19: air | J19: (1,1,1,1,1)
A20: Nitrogen oxides | D20: 0.00010128555 | E20: kilogram | F20: biosphere3 | G20: biosphere | H20: air | J20: (1,1,1,1,1)
A21: Particulate Matter, > 2.5 um and < 10um | D21: 0.00045188937 | E21: kilogram | F21: biosphere3 | G21: biosphere | H21: air | J21: (1,1,1,1,1)
A23: Activity | B23: [P] Sintering
A24: reference product | B24: Fe sinter
A25: location | B25: CN
A26: amount | B26: 1
A27: unit | B27: kilogram
A28: comment | B28: n/a
A29: Exchanges
A30: name | B30: reference product | C30: location | D30: amount | E30: unit | F30: database | G30: type | H30: categories | I30: uncertainty type | J30: pedigree | K30: loc | L30: scale | M30: minimum | N30: maximum
A31: =B23 -> [P] Sintering | B31: =B24 -> Fe sinter | C31: =B25 -> CN | D31: 1 | E31: kilogram | F31: =F9 -> Iron | G31: production
A32: market for charcoal | B32: charcoal | C32: GLO | D32: 0.032107519 | E32: kilogram | F32: ecoinvent 3.10 cutoff | G32: technosphere | J32: (1,1,1,1,1)
A33: market group for electricity, medium voltage | B33: electricity, medium voltage | C33: CN | D33: 0.045040904 | E33: kilowatt hour | F33: ecoinvent 3.10 cutoff | G33: technosphere | J33: (1,1,1,1,1)
A34: market for steam, in chemical industry | B34: steam, in chemical industry | C34: RoW | D34: 0.0024698091 | E34: kilogram | F34: ecoinvent 3.10 cutoff | G34: technosphere | J34: (1,1,1,1,1)
A35: market for quicklime, milled, packed | B35: quicklime, milled, packed | C35: RoW | D35: 0.0066225166 | E35: kilogram | F35: ecoinvent 3.10 cutoff | G35: technosphere | J35: (1,1,1,1,1)
A36: market for ammonia, anhydrous, liquid | B36: ammonia, anhydrous, liquid | C36: CN | D36: 0.00063887807 | E36: kilogram | F36: ecoinvent 3.10 cutoff | G36: technosphere | J36: (1,1,1,1,1)
A37: market for coke | B37: coke | C37: CN | D37: 0.71608882 | E37: megajoule | F37: ecoinvent 3.10 cutoff | G37: technosphere | J37: (1,1,1,1,1)
A38: market for compressed air, 800 kPa gauge | B38: compressed air, 800 kPa gauge | C38: RoW | D38: 0.00029606545 | E38: cubic meter | F38: ecoinvent 3.10 cutoff | G38: technosphere | J38: (1,1,1,1,1)
A39: market for limestone, crushed, washed | B39: limestone, crushed, washed | C39: RoW | D39: 0.14031944 | E39: kilogram | F39: ecoinvent 3.10 cutoff | G39: technosphere | J39: (1,1,1,1,1)
A40: market for wastewater, average | B40: wastewater, average | C40: RoW | D40: -3.0385664e-07 | E40: cubic meter | F40: ecoinvent 3.10 cutoff | G40: technosphere | J40: (1,1,1,1,1)
A41: Water, unspecified natural origin | D41: 6.977016e-05 | E41: cubic meter | F41: biosphere3 | G41: biosphere | H41: natural resource::in ground | J41: (1,1,1,1,1)
A42: Carbon dioxide, fossil | D42: 0.30908453 | E42: kilogram | F42: biosphere3 | G42: biosphere | H42: air | J42: (1,1,1,1,1)
A43: Carbon monoxide, fossil | D43: 0.026996494 | E43: kilogram | F43: biosphere3 | G43: biosphere | H43: air | J43: (1,1,1,1,1)
A44: Sulfur dioxide | D44: 0.00052201013 | E44: kilogram | F44: biosphere3 | G44: biosphere | H44: air | J44: (1,1,1,1,1)
A45: Nitrogen oxides | D45: 0.00056096611 | E45: kilogram | F45: biosphere3 | G45: biosphere | H45: air | J45: (1,1,1,1,1)
A46: Particulate Matter, > 2.5 um and < 10um | D46: 0.00017919751 | E46: kilogram | F46: biosphere3 | G46: biosphere | H46: air | J46: (1,1,1,1,1)
A48: Activity | B48: [R] Fe production - Blast Furnace
A49: reference product | B49: Fe
A50: location | B50: CN
A51: amount | B51: 1
A52: unit | B52: kilogram
A53: comment | B53: n/a
A54: Exchanges
A55: name | B55: reference product | C55: location | D55: amount | E55: unit | F55: database | G55: type | H55: categories | I55: uncertainty type | J55: pedigree | K55: loc | L55: scale | M55: minimum | N55: maximum
A56: =B48 -> [R] Fe production - Blast Furnace | B56: =B49 -> Fe | C56: =B50 -> CN | D56: 1 | E56: kilogram | F56: =F31 -> Iron | G56: production
A57: market for charcoal | B57: charcoal | C57: GLO | D57: 0.073419689 | E57: kilogram | F57: ecoinvent 3.10 cutoff | G57: technosphere | J57: (1,1,1,1,1)
A58: market for hard coal | B58: hard coal | C58: CN | D58: 0.06892228 | E58: kilogram | F58: ecoinvent 3.10 cutoff | G58: technosphere | J58: (1,1,1,1,1)
A59: market group for electricity, medium voltage | B59: electricity, medium voltage | C59: CN | D59: 0.023647668 | E59: kilowatt hour | F59: ecoinvent 3.10 cutoff | G59: technosphere | J59: (1,1,1,1,1)
A60: market for compressed air, 800 kPa gauge | B60: compressed air, 800 kPa gauge | C60: RoW | D60: 0.076476684 | E60: cubic meter | F60: ecoinvent 3.10 cutoff | G60: technosphere | J60: (1,1,1,1,1)
A61: market for compressed air, 800 kPa gauge | B61: compressed air, 800 kPa gauge | C61: RoW | D61: 0.055699482 | E61: cubic meter | F61: ecoinvent 3.10 cutoff | G61: technosphere | J61: (1,1,1,1,1)
A62: =A122 -> Coke production (China) | B62: =B122 -> Coke | C62: =C122 -> CN | D62: 0.37420725 | E62: kilogram | F62: =F122 -> Iron | G62: technosphere | J62: (1,1,1,1,1)
A63: market for blast furnace slag | B63: blast furnace slag | C63: RoW | D63: -0.33 | E63: kilogram | F63: ecoinvent 3.10 cutoff | G63: technosphere | J63: (1,1,1,1,1)
A64: market for wastewater, average | B64: wastewater, average | C64: RoW | D64: -2.0725389e-07 | E64: cubic meter | F64: ecoinvent 3.10 cutoff | G64: technosphere | J64: (1,1,1,1,1)
A65: Water, unspecified natural origin | D65: 0.00028 | E65: cubic meter | F65: biosphere3 | G65: biosphere | H65: natural resource::in ground | J65: (1,1,1,1,1)
A66: Carbon dioxide, fossil | D66: 1.287886 | E66: kilogram | F66: biosphere3 | G66: biosphere | H66: air | J66: (1,1,1,1,1)
A67: Carbon monoxide, fossil | D67: 0.015533679 | E67: kilogram | F67: biosphere3 | G67: biosphere | H67: air | J67: (1,1,1,1,1)
A68: Sulfur dioxide | D68: 0.0017409326 | E68: kilogram | F68: biosphere3 | G68: biosphere | H68: air | J68: (1,1,1,1,1)
A69: Nitrogen oxides | D69: 0.00015544041 | E69: kilogram | F69: biosphere3 | G69: biosphere | H69: air | J69: (1,1,1,1,1)
A70: Particulate Matter, > 2.5 um and < 10um | D70: 0.0013160622 | E70: kilogram | F70: biosphere3 | G70: biosphere | H70: air | J70: (1,1,1,1,1)
A72: Activity | B72: [R] Crude steel production - Basic oxygen furnace
A73: reference product | B73: Steel
A74: location | B74: CN
A75: amount | B75: 1
A76: unit | B76: kilogram
A77: comment | B77: n/a
A78: Exchanges
A79: name | B79: reference product | C79: location | D79: amount | E79: unit | F79: database | G79: type | H79: categories | I79: uncertainty type | J79: pedigree | K79: loc | L79: scale | M79: minimum | N79: maximum
A80: =B72 -> [R] Crude steel production - Basic oxygen furnace | B80: =B73 -> Steel | C80: =B74 -> CN | D80: 1 | E80: kilogram | F80: =F56 -> Iron | G80: production
A81: market group for electricity, medium voltage | B81: electricity, medium voltage | C81: CN | D81: 0.03683 | E81: kilowatt hour | F81: ecoinvent 3.10 cutoff | G81: technosphere | J81: (1,1,1,1,1)
A82: market for compressed air, 800 kPa gauge | B82: compressed air, 800 kPa gauge | C82: RoW | D82: 0.05373 | E82: cubic meter | F82: ecoinvent 3.10 cutoff | G82: technosphere | J82: (1,1,1,1,1)
A83: market for limestone, crushed, washed | B83: limestone, crushed, washed | C83: RoW | D83: 0.0485 | E83: kilogram | F83: ecoinvent 3.10 cutoff | G83: technosphere | J83: (1,1,1,1,1)
A84: market for iron scrap, sorted, pressed | B84: iron scrap, sorted, pressed | C84: RoW | D84: 0.13 | E84: kilogram | F84: ecoinvent 3.10 cutoff | G84: technosphere | J84: (1,1,1,1,1)
A85: market for basic oxygen furnace slag | B85: basic oxygen furnace slag | C85: RoW | D85: -0.18082 | E85: kilogram | F85: ecoinvent 3.10 cutoff | G85: technosphere | J85: (1,1,1,1,1)
A86: market for wastewater, average | B86: wastewater, average | C86: RoW | D86: -0.00112 | E86: cubic meter | F86: ecoinvent 3.10 cutoff | G86: technosphere | J86: (1,1,1,1,1)
A87: =A122 -> Coke production (China) | B87: =B122 -> Coke | C87: =C122 -> CN | D87: 0.36111 | E87: kilogram | F87: =F122 -> Iron | G87: technosphere | J87: (1,1,1,1,1)
A88: Carbon dioxide, fossil | D88: 0.0295 | E88: kilogram | F88: biosphere3 | G88: biosphere | H88: air | J88: (1,1,1,1,1)
A89: Carbon monoxide, fossil | D89: 0.00011 | E89: kilogram | F89: biosphere3 | G89: biosphere | H89: air | J89: (1,1,1,1,1)
A90: Sulfur dioxide | D90: 0.00212 | E90: kilogram | F90: biosphere3 | G90: biosphere | H90: air | J90: (1,1,1,1,1)
A91: Nitrogen oxides | D91: 7.9e-05 | E91: kilogram | F91: biosphere3 | G91: biosphere | H91: air | J91: (1,1,1,1,1)
A92: Particulate Matter, > 2.5 um and < 10um | D92: 0.00064 | E92: kilogram | F92: biosphere3 | G92: biosphere | H92: air | J92: (1,1,1,1,1)
A94: Activity | B94: Coal production
A95: reference product | B95: Coal
A96: location | B96: CN
A97: amount | B97: 1
A98: unit | B98: kilogram
A99: comment | B99: n/a
A100: Exchanges
A101: name | B101: reference product | C101: location | D101: amount | E101: unit | F101: database | G101: type | H101: categories | I101: uncertainty type | J101: pedigree | K101: loc | L101: scale | M101: minimum | N101: maximum
A102: =B94 -> Coal production | B102: =B95 -> Coal | C102: =B96 -> CN | D102: 1 | E102: kilogram | F102: =F80 -> Iron | G102: production
A103: market for hard coal | B103: hard coal | C103: CN | D103: 0.012594374 | E103: kilogram | F103: ecoinvent 3.10 cutoff | G103: technosphere | J103: (1,1,1,1,1)
A104: market for natural gas, high pressure | B104: natural gas, high pressure | C104: CN | D104: 0.0099208017 | E104: cubic meter | F104: ecoinvent 3.10 cutoff | G104: technosphere | J104: (1,1,1,1,1)
...

Sheet PR5_FeLiquid_CN
A1: Activity | B1: [P] Sintering (Liquid iron)
A2: reference product | B2: Iron (Fe) sinter
A3: location | B3: CN
A4: amount | B4: 1
A5: unit | B5: kilogram
A6: comment | B6: n/a
A7: Exchanges
A8: name | B8: reference product | C8: location | D8: amount | E8: unit | F8: database | G8: type | H8: categories | I8: uncertainty type | J8: pedigree | K8: loc | L8: scale | M8: minimum | N8: maximum
A9: =B1 -> [P] Sintering (Liquid iron) | B9: =B2 -> Iron (Fe) sinter | C9: =B3 -> CN | D9: 1 | E9: kilogram | F9: =Fe_Market_GLO!B1 -> Iron | G9: production
A10: market for charcoal | B10: charcoal | C10: GLO | D10: 0.032107519 | E10: kilogram | F10: ecoinvent 3.10 cutoff | G10: technosphere | J10: (1,1,1,1,1)
A11: market group for electricity, medium voltage | B11: electricity, medium voltage | C11: CN | D11: 0.045040904 | E11: kilowatt hour | F11: ecoinvent 3.10 cutoff | G11: technosphere | J11: (1,1,1,1,1)
A12: market for steam, in chemical industry | B12: steam, in chemical industry | C12: RoW | D12: 0.0024698091 | E12: kilogram | F12: ecoinvent 3.10 cutoff | G12: technosphere | J12: (1,1,1,1,1)
A13: market for quicklime, milled, packed | B13: quicklime, milled, packed | C13: RoW | D13: 0.0066225166 | E13: kilogram | F13: ecoinvent 3.10 cutoff | G13: technosphere | J13: (1,1,1,1,1)
A14: market for ammonia, anhydrous, liquid | B14: ammonia, anhydrous, liquid | C14: CN | D14: 0.00063887807 | E14: kilogram | F14: ecoinvent 3.10 cutoff | G14: technosphere | J14: (1,1,1,1,1)
A15: market for coke | B15: coke | C15: CN | D15: 0.71608882 | E15: megajoule | F15: ecoinvent 3.10 cutoff | G15: technosphere | J15: (1,1,1,1,1)
A16: market for compressed air, 800 kPa gauge | B16: compressed air, 800 kPa gauge | C16: RoW | D16: 0.00029606545 | E16: cubic meter | F16: ecoinvent 3.10 cutoff | G16: technosphere | J16: (1,1,1,1,1)
A17: market for limestone, crushed, washed | B17: limestone, crushed, washed | C17: RoW | D17: 0.14031944 | E17: kilogram | F17: ecoinvent 3.10 cutoff | G17: technosphere | J17: (1,1,1,1,1)
A18: market for wastewater, average | B18: wastewater, average | C18: RoW | D18: -3.0385664e-07 | E18: cubic meter | F18: ecoinvent 3.10 cutoff | G18: technosphere | J18: (1,1,1,1,1)
A19: Carbon dioxide, fossil | D19: 0.00301 | E19: kilogram | F19: biosphere3 | G19: biosphere | H19: air | J19: (1,1,2,1,1)
A20: Methane, fossil | D20: 5.84375e-08 | E20: kilogram | F20: biosphere3 | G20: biosphere | H20: air | J20: (1,1,2,1,1)
A21: Nitrogen oxides | D21: 5.84375e-09 | E21: kilogram | F21: biosphere3 | G21: biosphere | H21: air | J21: (1,1,2,1,1)
A22: Water, unspecified natural origin | D22: 6.977016e-05 | E22: cubic meter | F22: biosphere3 | G22: biosphere | H22: natural resource::in ground | J22: (1,1,1,1,1)
A23: Particulate Matter, > 2.5 um and < 10um | D23: 0.00017919751 | E23: kilogram | F23: biosphere3 | G23: biosphere | H23: air | J23: (1,1,1,1,1)
A25: Activity | B25: [R] Fe production (Liquid)
A26: reference product | B26: Fe
A27: location | B27: CN
A28: amount | B28: 1
A29: unit | B29: kilogram
A30: comment | B30: n/a
A31: Exchanges
A32: name | B32: reference product | C32: location | D32: amount | E32: unit | F32: database | G32: type | H32: categories | I32: uncertainty type | J32: pedigree | K32: loc | L32: scale | M32: minimum | N32: maximum
A33: =B25 -> [R] Fe production (Liquid) | B33: =B26 -> Fe | C33: =B27 -> CN | D33: 1 | E33: kilogram | F33: =F9 -> Iron | G33: production
A34: =A55 -> Coke production (Liquid iron) | B34: =B55 -> Coke | C34: =C55 -> CN | D34: 0.4 | E34: kilogram | F34: =F55 -> Iron | G34: technosphere | J34: (1,1,2,1,1)
A35: market for charcoal | B35: charcoal | C35: GLO | D35: 0.073419689 | E35: kilogram | F35: ecoinvent 3.10 cutoff | G35: technosphere | J35: (1,1,1,1,1)
A36: market for hard coal | B36: hard coal | C36: CN | D36: 0.06892228 | E36: kilogram | F36: ecoinvent 3.10 cutoff | G36: technosphere | J36: (1,1,1,1,1)
A37: market group for electricity, medium voltage | B37: electricity, medium voltage | C37: CN | D37: 0.023647668 | E37: kilowatt hour | F37: ecoinvent 3.10 cutoff | G37: technosphere | J37: (1,1,1,1,1)
A38: market for compressed air, 800 kPa gauge | B38: compressed air, 800 kPa gauge | C38: RoW | D38: 0.076476684 | E38: cubic meter | F38: ecoinvent 3.10 cutoff | G38: technosphere | J38: (1,1,1,1,1)
A39: market for compressed air, 800 kPa gauge | B39: compressed air, 800 kPa gauge | C39: RoW | D39: 0.055699482 | E39: cubic meter | F39: ecoinvent 3.10 cutoff | G39: technosphere | J39: (1,1,1,1,1)
A40: market for wastewater, average | B40: wastewater, average | C40: RoW | D40: -2.0725389e-07 | E40: cubic meter | F40: ecoinvent 3.10 cutoff | G40: technosphere | J40: (1,1,1,1,1)
A41: Carbon dioxide, fossil | D41: 0.8092 | E41: kilogram | F41: biosphere3 | G41: biosphere | H41: air | J41: (1,1,2,1,1)
A42: Methane, fossil | D42: 0.344 | E42: kilogram | F42: biosphere3 | G42: biosphere | H42: air | J42: (1,1,2,1,1)
A43: Nitrogen oxides | D43: 7.014e-07 | E43: kilogram | F43: biosphere3 | G43: biosphere | H43: air | J43: (1,1,2,1,1)
A44: Water, unspecified natural origin | D44: 0.00028 | E44: cubic meter | F44: biosphere3 | G44: biosphere | H44: natural resource::in ground | J44: (1,1,1,1,1)
A45: Particulate Matter, > 2.5 um and < 10um | D45: 0.0013160622 | E45: kilogram | F45: biosphere3 | G45: biosphere | H45: air | J45: (1,1,1,1,1)
A47: Activity | B47: Coke production (Liquid iron)
A48: reference product | B48: Coke
A49: location | B49: CN
A50: amount | B50: 1
A51: unit | B51: kilogram
A52: comment | B52: n/a
A53: Exchanges
A54: name | B54: reference product | C54: location | D54: amount | E54: unit | F54: database | G54: type | H54: categories | I54: uncertainty type | J54: pedigree | K54: loc | L54: scale | M54: minimum | N54: maximum
A55: =B47 -> Coke production (Liquid iron) | B55: =B48 -> Coke | C55: =B49 -> CN | D55: 1 | E55: kilogram | F55: =F33 -> Iron | G55: production
A56: market for hard coal | B56: hard coal | C56: CN | D56: 1.3 | E56: kilogram | F56: ecoinvent 3.10 cutoff | G56: technosphere | J56: (1,1,2,1,1)
A57: market group for electricity, medium voltage | B57: electricity, medium voltage | C57: CN | D57: 0.047326299 | E57: kilowatt hour | F57: ecoinvent 3.10 cutoff | G57: technosphere | J57: (1,1,1,1,1)
A58: market for steam, in chemical industry | B58: steam, in chemical industry | C58: RoW | D58: 0.14740661 | E58: kilogram | F58: ecoinvent 3.10 cutoff | G58: technosphere | J58: (1,1,1,1,1)
A59: market for sulfuric acid | B59: sulfuric acid | C59: RoW | D59: 0.0084461798 | E59: kilogram | F59: ecoinvent 3.10 cutoff | G59: technosphere | J59: (1,1,1,1,1)
A60: market for quicklime, milled, packed | B60: quicklime, milled, packed | C60: RoW | D60: 0.004652322 | E60: kilogram | F60: ecoinvent 3.10 cutoff | G60: technosphere | J60: (1,1,1,1,1)
A61: market for compressed air, 800 kPa gauge | B61: compressed air, 800 kPa gauge | C61: RoW | D61: 0.010329263 | E61: cubic meter | F61: ecoinvent 3.10 cutoff | G61: technosphere | J61: (1,1,1,1,1)
A62: Carbon dioxide, fossil | D62: 3.2724 | E62: kilogram | F62: biosphere3 | G62: biosphere | H62: air | J62: (1,1,2,1,1)
A63: Methane, fossil | D63: 2.9875e-05 | E63: kilogram | F63: biosphere3 | G63: biosphere | H63: air | J63: (1,1,2,1,1)
A64: Nitrogen oxides | D64: 4.1e-05 | E64: kilogram | F64: biosphere3 | G64: biosphere | H64: air | J64: (1,1,2,1,1)
A65: Water, unspecified natural origin | D65: 9.6203373e-05 | E65: cubic meter | F65: biosphere3 | G65: biosphere | H65: natural resource::in ground | J65: (1,1,1,1,1)
A66: Particulate Matter, > 2.5 um and < 10um | D66: 0.00083077179 | E66: kilogram | F66: biosphere3 | G66: biosphere | H66: air | J66: (1,1,1,1,1)
A68: Activity | B68: Liquid iron production in China
A69: reference product | B69: Steel
A70: location | B70: CN
A71: amount | B71: 1
A72: unit | B72: kilogram
A73: comment | B73: n/a
A74: Exchanges
A75: name | B75: reference product | C75: location | D75: amount | E75: unit | F75: database | G75: type | H75: categories | I75: uncertainty type | J75: pedigree | K75: loc | L75: scale | M75: minimum | N75: maximum
A76: =B68 -> Liquid iron production in China | B76: =B69 -> Steel | C76: =B70 -> CN | D76: 1 | E76: kilogram | F76: =F55 -> Iron | G76: production
A77: =PR3_Steel_CN_Shandong!A61 -> [R] Steel production (Shandong) | B77: =PR3_Steel_CN_Shandong!B61 -> Steel | C77: =PR3_Steel_CN_Shandong!C61 -> CN | D77: 1 | E77: =PR3_Steel_CN_Shandong!E61 -> kilogram | F77: =PR3_Steel_CN_Shandong!F61 -> Iron | G77: technosphere
A78: =A33 -> [R] Fe production (Liquid) | B78: =B33 -> Fe | C78: =C33 -> CN | D78: 0.98360656 | E78: =E33 -> kilogram | F78: =F33 -> Iron | G78: technosphere
A79: =A9 -> [P] Sintering (Liquid iron) | B79: =B9 -> Iron (Fe) sinter | C79: =C9 -> CN | D79: 1.5737705 | E79: =E9 -> kilogram | F79: =F9 -> Iron | G79: technosphere
A80: =PR2_SteelAHSS_CN!A58 -> [M+C] Iron (Fe) ore mining and concentration (China) | B80: =PR2_SteelAHSS_CN!B58 -> Fe concentrate | C80: =PR2_SteelAHSS_CN!C58 -> CN | D80: 2.0459016 | E80: =PR2_SteelAHSS_CN!E58 -> kilogram | F80: =PR2_SteelAHSS_CN!F58 -> Iron | G80: technosphere

Sheet PR6_Steel_IT
A1: Activity | B1: [P] Sintering (Italy)
A2: reference product | B2: Iron (Fe) sinter
A3: location | B3: IT
A4: amount | B4: 1
A5: unit | B5: kilogram
A6: comment | B6: n/a
A7: Exchanges
A8: name | B8: reference product | C8: location | D8: amount | E8: unit | F8: database | G8: type | H8: categories | I8: uncertainty type | J8: pedigree | K8: loc | L8: scale | M8: minimum | N8: maximum
A9: =B1 -> [P] Sintering (Italy) | B9: =B2 -> Iron (Fe) sinter | C9: =B3 -> IT | D9: 1 | E9: kilogram | F9: =Fe_Market_GLO!B1 -> Iron | G9: production
A10: market for limestone, crushed, washed | B10: limestone, crushed, washed | C10: RoW | D10: 0.15613369 | E10: kilogram | F10: ecoinvent 3.10 cutoff | G10: technosphere | J10: (1,1,3,1,1)
A11: market for lime, packed | B11: lime, packed | C11: Europe without Switzerland | D11: 0.042610372 | E11: kilogram | F11: ecoinvent 3.10 cutoff | G11: technosphere | J11: (1,1,3,1,1)
A12: market for lime, hydrated, packed | B12: lime, hydrated, packed | C12: RER | D12: 0.0060862132 | E12: kilogram | F12: ecoinvent 3.10 cutoff | G12: technosphere | J12: (1,1,3,1,1)
A13: market for iron scrap, sorted, pressed | B13: iron scrap, sorted, pressed | C13: RER | D13: 0.015271863 | E13: kilogram | F13: ecoinvent 3.10 cutoff | G13: technosphere | J13: (1,1,3,1,1)
A14: =A102 -> Coke production (Italy) | B14: =B102 -> Coke | C14: =C102 -> IT | D14: 0.047525267 | E14: kilogram | F14: =F102 -> Iron | G14: technosphere | J14: (1,1,3,1,1)
A15: market for steam, in chemical industry | B15: steam, in chemical industry | C15: RER | D15: 0.015657142 | E15: kilogram | F15: ecoinvent 3.10 cutoff | G15: technosphere | J15: (1,1,3,1,1)
A16: market for electricity, medium voltage | B16: electricity, medium voltage | C16: IT | D16: 0.041758113 | E16: kilowatt hour | F16: ecoinvent 3.10 cutoff | G16: technosphere | J16: (1,1,3,1,1)
A17: market for inert waste, for final disposal | B17: inert waste, for final disposal | C17: RoW | D17: -0.00011781987 | E17: kilogram | F17: ecoinvent 3.10 cutoff | G17: technosphere | J17: (2,1,3,1,2)
A18: Carbon dioxide, fossil | D18: 0.2113224 | E18: kilogram | F18: biosphere3 | G18: biosphere | H18: air | J18: (2,1,3,1,2)
A19: Carbon monoxide, fossil | D19: 0.00029583967 | E19: kilogram | F19: biosphere3 | G19: biosphere | H19: air | J19: (2,1,3,1,2)
A20: Particulate Matter, > 2.5 um and < 10um | D20: 0.00031905964 | E20: kilogram | F20: biosphere3 | G20: biosphere | H20: air | J20: (2,1,3,1,2)
A21: Nitrogen oxides | D21: 0.000894399 | E21: kilogram | F21: biosphere3 | G21: biosphere | H21: air | J21: (2,1,3,1,2)
A22: Sulfur dioxide | D22: 0.0013906184 | E22: kilogram | F22: biosphere3 | G22: biosphere | H22: air | J22: (2,1,3,1,2)
A23: Lead II | D23: 6.0199933e-06 | E23: kilogram | F23: biosphere3 | G23: biosphere | H23: air | J23: (2,1,3,1,2)
A24: VOC, volatile organic compounds | D24: 5.331994e-05 | E24: kilogram | F24: biosphere3 | G24: biosphere | H24: air | J24: (2,1,3,1,2)
A25: Zinc II | D25: 1.7199981e-06 | E25: kilogram | F25: biosphere3 | G25: biosphere | H25: air | J25: (2,1,3,1,2)
A26: Hydrochloric acid | D26: 8.5999904e-07 | E26: kilogram | F26: biosphere3 | G26: biosphere | H26: air | J26: (2,1,3,1,2)
A27: Hydrogen fluoride | D27: 4.6439948e-05 | E27: kilogram | F27: biosphere3 | G27: biosphere | H27: air | J27: (2,1,3,1,2)
A28: VOC, volatile organic compounds | D28: 8.5999904e-07 | E28: kilogram | F28: biosphere3 | G28: biosphere | H28: air | J28: (2,1,3,1,2)
A29: PAH, polycyclic aromatic hydrocarbons | D29: 8.5999904e-07 | E29: kilogram | F29: biosphere3 | G29: biosphere | H29: air | J29: (2,1,3,1,2)
... A31: Polychlorinated biphenyls | D31: 6.1059932e-09 | E31: kilogram | F31: biosphere3 | G31: biosphere | H31: air | J31: (2,1,3,1,2)
A33: Activity | B33: [R] Pig iron production - Blast Furnace
A34: reference product | B34: Pig iron
A35: location | B35: IT
A36: amount | B36: 1
A37: unit | B37: kilogram
A38: comment | B38: n/a
A39: Exchanges
A40: name | B40: reference product | C40: location | D40: amount | E40: unit | F40: database | G40: type | H40: categories | I40: uncertainty type | J40: pedigree | K40: loc | L40: scale | M40: minimum | N40: maximum
A41: =B33 -> [R] Pig iron production - Blast Furnace | B41: =B34 -> Pig iron | C41: =B35 -> IT | D41: 1 | E41: =B37 -> kilogram | F41: =F9 -> Iron | G41: production
A42: market for iron ore, crude ore, 46% Fe | B42: iron ore, crude ore, 46% Fe | C42: GLO | D42: 0.17839035 | E42: kilogram | F42: ecoinvent 3.10 cutoff | G42: technosphere | J42: (1,1,3,1,1)
A43: market for lime, packed | B43: lime, packed | C43: Europe without Switzerland | D43: 0.0014832229 | E43: kilogram | F43: ecoinvent 3.10 cutoff | G43: technosphere | J43: (1,1,3,1,1)
A44: market for iron pellet | B44: iron pellet | C44: GLO | D44: 0.31431108 | E44: kilogram | F44: ecoinvent 3.10 cutoff | G44: technosphere | J44: (1,1,3,1,1)
A45: market for polyester resin, unsaturated | B45: polyester resin, unsaturated | C45: RER | D45: 0.16034346 | E45: kilogram | F45: ecoinvent 3.10 cutoff | G45: technosphere | J45: (1,1,3,1,1)
A46: market for oxygen, liquid | B46: oxygen, liquid | C46: RER | D46: 0.14852914 | E46: kilogram | F46: ecoinvent 3.10 cutoff | G46: technosphere | J46: (1,1,3,1,1)
A47: =A102 -> Coke production (Italy) | B47: =B102 -> Coke | C47: =C102 -> IT | D47: 0.38777804 | E47: kilogram | F47: =F102 -> Iron | G47: technosphere | J47: (1,1,3,1,1)
A48: market for steam, in chemical industry | B48: steam, in chemical industry | C48: RER | D48: 0.12307421 | E48: kilogram | F48: ecoinvent 3.10 cutoff | G48: technosphere | J48: (1,1,3,1,1)
A49: market for electricity, medium voltage | B49: electricity, medium voltage | C49: IT | D49: 0.05029841 | E49: kilowatt hour | F49: ecoinvent 3.10 cutoff | G49: technosphere | J49: (1,1,3,1,1)
A50: market for inert waste, for final disposal | B50: inert waste, for final disposal | C50: RoW | D50: 0.0030976152 | E50: kilogram | F50: ecoinvent 3.10 cutoff | G50: technosphere | J50: (2,1,3,1,2)
A51: market for refinery sludge | B51: refinery sludge | C51: Europe without Switzerland | D51: 0.035239157 | E51: kilogram | F51: ecoinvent 3.10 cutoff | G51: technosphere | J51: (2,1,3,1,2)
A52: Water, unspecified natural origin | D52: 0.00014543051 | E52: cubic meter | F52: biosphere3 | G52: biosphere | H52: natural resource::in ground | J52: (1,1,3,1,1)
A53: Carbon dioxide, fossil | D53: 0.55680895 | E53: kilogram | F53: biosphere3 | G53: biosphere | H53: air | J53: (2,1,3,1,2)
A54: Carbon monoxide, fossil | D54: 3.2287846e-05 | E54: kilogram | F54: biosphere3 | G54: biosphere | H54: air | J54: (2,1,3,1,2)
A55: Particulate Matter, > 2.5 um and < 10um | D55: 0.0003158155 | E55: kilogram | F55: biosphere3 | G55: biosphere | H55: air | J55: (2,1,3,1,2)
A56: Nitrogen oxides | D56: 0.00060438812 | E56: kilogram | F56: biosphere3 | G56: biosphere | H56: air | J56: (2,1,3,1,2)
A57: Sulfur dioxide | D57: 0.0013318737 | E57: kilogram | F57: biosphere3 | G57: biosphere | H57: air | J57: (2,1,3,1,2)
A58: VOC, volatile organic compounds | D58: 0.00020684401 | E58: kilogram | F58: biosphere3 | G58: biosphere | H58: air | J58: (2,1,3,1,2)
A59: Polychlorinated biphenyls | D59: 5.7512726e-15 | E59: kilogram | F59: biosphere3 | G59: biosphere | H59: air | J59: (2,1,3,1,2)
A60: COD, Chemical Oxygen Demand | D60: 1.7152918e-05 | E60: kilogram | F60: biosphere3 | G60: biosphere | H60: water | J60: (2,1,3,1,2)
A61: Nitrogen | D61: 3.0269856e-05 | E61: kilogram | F61: biosphere3 | G61: biosphere | H61: water | J61: (2,1,3,1,2)
A62: Suspended solids, unspecified | D62: 4.0359808e-06 | E62: kilogram | F62: biosphere3 | G62: biosphere | H62: water | J62: (2,1,3,1,2)
A64: Activity | B64: [R] Steel production - Basic oxygen furnace (Italy)
A65: reference product | B65: Steel
A66: location | B66: IT
A67: amount | B67: 1
A68: unit | B68: kilogram
A69: comment | B69: n/a
A70: Exchanges
A71: name | B71: reference product | C71: location | D71: amount | E71: unit | F71: database | G71: type | H71: categories | I71: uncertainty type | J71: pedigree | K71: loc | L71: scale | M71: minimum | N71: maximum
A72: =B64 -> [R] Steel production - Basic oxygen furnace (Italy) | B72: =B65 -> Steel | C72: =B66 -> IT | D72: 1 | E72: kilogram | F72: =F41 -> Iron | G72: production
A73: market for iron ore, crude ore, 46% Fe | B73: iron ore, crude ore, 46% Fe | C73: GLO | D73: 0.005556 | E73: kilogram | F73: ecoinvent 3.10 cutoff | G73: technosphere | J73: (1,1,3,1,1)
A74: market for lime, packed | B74: lime, packed | C74: Europe without Switzerland | D74: 0.070219 | E74: kilogram | F74: ecoinvent 3.10 cutoff | G74: technosphere | J74: (1,1,3,1,1)
A75: market for oxygen, liquid | B75: oxygen, liquid | C75: RER | D75: 0.068621 | E75: kilogram | F75: ecoinvent 3.10 cutoff | G75: technosphere | J75: (1,1,3,1,1)
A76: market for iron scrap, sorted, pressed | B76: iron scrap, sorted, pressed | C76: RER | D76: 0.128914 | E76: kilogram | F76: ecoinvent 3.10 cutoff | G76: technosphere | J76: (1,1,3,1,1)
A77: market for nitrogen, liquid | B77: nitrogen, liquid | C77: RER | D77: 0.057676 | E77: kilogram | F77: ecoinvent 3.10 cutoff | G77: technosphere | J77: (1,1,3,1,1)
A78: market for steam, in chemical industry | B78: steam, in chemical industry | C78: RER | D78: 0.007282 | E78: kilogram | F78: ecoinvent 3.10 cutoff | G78: technosphere | J78: (1,1,3,1,1)
A79: market for electricity, medium voltage | B79: electricity, medium voltage | C79: IT | D79: 0.080566 | E79: kilowatt hour | F79: ecoinvent 3.10 cutoff | G79: technosphere | J79: (1,1,3,1,1)
A80: market for inert waste, for final disposal | B80: inert waste, for final disposal | C80: RoW | D80: -2e-05 | E80: kilogram | F80: ecoinvent 3.10 cutoff | G80: technosphere | J80: (2,1,3,1,2)
A81: market for waste mineral oil | B81: waste mineral oil | C81: Europe without Switzerland | D81: -2e-06 | E81: kilogram | F81: ecoinvent 3.10 cutoff | G81: technosphere | J81: (2,1,3,1,2)
A82: market for inert waste, for final disposal | B82: inert waste, for final disposal | C82: RoW | D82: -0.000445 | E82: kilogram | F82: ecoinvent 3.10 cutoff | G82: technosphere | J82: (2,1,3,1,2)
A83: market for blast furnace slag | B83: blast furnace slag | C83: RoW | D83: -0.146672 | E83: kilogram | F83: ecoinvent 3.10 cutoff | G83: technosphere | J83: (2,1,3,1,2)
A84: Water, unspecified natural origin | D84: 8.5383e-05 | E84: cubic meter | F84: biosphere3 | G84: biosphere | H84: natural resource::in ground | J84: (1,1,3,1,1)
A85: Carbon dioxide, fossil | D85: 0.050873 | E85: kilogram | F85: biosphere3 | G85: biosphere | H85: air | J85: (2,1,3,1,2)
A86: Carbon monoxide, fossil | D86: 8e-05 | E86: kilogram | F86: biosphere3 | G86: biosphere | H86: air | J86: (2,1,3,1,2)
A87: Particulate Matter, > 2.5 um and < 10um | D87: 0.000263 | E87: kilogram | F87: biosphere3 | G87: biosphere | H87: air | J87: (2,1,3,1,2)
A88: Nitrogen oxides | D88: 7.4e-05 | E88: kilogram | F88: biosphere3 | G88: biosphere | H88: air | J88: (2,1,3,1,2)
A89: Sulfur dioxide | D89: 6.5e-05 | E89: kilogram | F89: biosphere3 | G89: biosphere | H89: air | J89: (2,1,3,1,2)
A90: Hydrogen fluoride | D90: 1e-06 | E90: kilogram | F90: biosphere3 | G90: biosphere | H90: air | J90: (2,1,3,1,2)
A91: Lead II | D91: 1e-06 | E91: kilogram | F91: biosphere3 | G91: biosphere | H91: air | J91: (2,1,3,1,2)
A92: VOC, volatile organic compounds | D92: 6.2e-05 | E92: kilogram | F92: biosphere3 | G92: biosphere | H92: air | J92: (2,1,3,1,2)
A94: Activity | B94: Coke production (Italy)
A95: reference product | B95: Coke
A96: location | B96: IT
A97: amount | B97: 1
A98: unit | B98: kilogram
A99: comment | B99: n/a
A100: Exchanges
A101: name | B101: reference product | C101: location | D101: amount | E101: unit | F101: database | G101: type | H101: categories | I101: uncertainty type | J101: pedigree | K101: loc | L101: scale | M101: minimum | N101: maximum
A102: =B94 -> Coke production (Italy) | B102: =B95 -> Coke | C102: =B96 -> IT | D102: 1 | E102: kilogram | F102: =F72 -> Iron | G102: production
A103: market for hard coal | B103: hard coal | C103: Europe, without Russia and Türkiye | D103: 1.323129 | E103: kilogram | F103: ecoinvent 3.10 cutoff | G103: technosphere | J103: (1,1,3,1,1)
A104: market for sulfuric acid | B104: sulfuric acid | C104: RER | D104: 0.0016788638 | E104: kilogram | F104: ecoinvent 3.10 cutoff | G104: technosphere | J104: (1,1,3,1,1)
...

Sheet PR7_CrudeSteel_IN
A1: Activity | B1: [R] Crude steel production (India)
A2: reference product | B2: Steel
A3: location | B3: IN
A4: amount | B4: 1
A5: unit | B5: kilogram
A6: comment | B6: n/a
A7: Exchanges
A8: name | B8: reference product | C8: location | D8: amount | E8: unit | F8: database | G8: type | H8: categories | I8: uncertainty type | J8: pedigree | K8: loc | L8: scale | M8: minimum | N8: maximum
A9: =B1 -> [R] Crude steel production (India) | B9: =B2 -> Steel | C9: =B3 -> IN | D9: 1 | E9: kilogram | F9: =Fe_Market_GLO!B1 -> Iron | G9: production
A10: market for limestone, crushed, washed | B10: limestone, crushed, washed | C10: RoW | D10: 9.47e-11 | E10: kilogram | F10: ecoinvent 3.10 cutoff | G10: technosphere | J10: (5,5,5,5,5)
A11: market group for electricity, low voltage | B11: electricity, low voltage | C11: IN | D11: 0.411 | E11: kilowatt hour | F11: ecoinvent 3.10 cutoff | G11: technosphere | J11: (5,5,5,5,5)
A12: market for anode, for metal electrolysis | B12: anode, for metal electrolysis | C12: GLO | D12: 0.00179 | E12: kilogram | F12: ecoinvent 3.10 cutoff | G12: technosphere | J12: (5,5,5,5,5)
A13: market for activated carbon, granular | B13: activated carbon, granular | C13: GLO | D13: 0.0874 | E13: kilogram | F13: ecoinvent 3.10 cutoff | G13: technosphere | J13: (5,5,5,5,5)
A14: market for compressed air, 800 kPa gauge | B14: compressed air, 800 kPa gauge | C14: RoW | D14: 0.0050947368 | E14: cubic meter | F14: ecoinvent 3.10 cutoff | G14: technosphere | J14: (5,5,5,5,5)
A15: Carbon dioxide, fossil | D15: 2 | E15: kilogram | F15: biosphere3 | G15: biosphere | H15: air | J15: (5,5,5,5,5)
A16: Hydrocarbons, unspecified | D16: 0.00726 | E16: kilogram | F16: biosphere3 | G16: biosphere | H16: air::non-urban air or from high stacks | J16: (5,5,5,5,5)
A17: Methane, fossil | D17: 0.00695 | E17: kilogram | F17: biosphere3 | G17: biosphere | H17: air | J17: (5,5,5,5,5)
A18: Chromium III | D18: 9.05e-09 | E18: kilogram | F18: biosphere3 | G18: biosphere | H18: water | J18: (5,5,5,5,5)
A19: Nitrogen | D19: 2e-07 | E19: kilogram | F19: biosphere3 | G19: biosphere | H19: air | J19: (5,5,5,5,5)
A20: COD, Chemical Oxygen Demand | D20: 3.05e-07 | E20: kilogram | F20: biosphere3 | G20: biosphere | H20: water | J20: (5,5,5,5,5)
A21: Nitrogen oxides | D21: 0.000421 | E21: kilogram | F21: biosphere3 | G21: biosphere | H21: air | J21: (5,5,5,5,5)
A22: Sulfur dioxide | D22: 0.00295 | E22: kilogram | F22: biosphere3 | G22: biosphere | H22: air | J22: (5,5,5,5,5)
A23: Nitrogen oxides | D23: 1e-05 | E23: kilogram | F23: biosphere3 | G23: biosphere | H23: air | J23: (5,5,5,5,5)
A24: Phosphoric acid | D24: 5.05e-08 | E24: kilogram | F24: biosphere3 | G24: biosphere | H24: water | J24: (5,5,5,5,5)
A26: Activity | B26: Steel production in India
A27: reference product | B27: Steel
A28: location | B28: IN
A29: amount | B29: 1
A30: unit | B30: kilogram
A31: comment | B31: n/a
A32: Exchanges
A33: name | B33: reference product | C33: location | D33: amount | E33: unit | F33: database | G33: type | H33: categories | I33: uncertainty type | J33: pedigree | K33: loc | L33: scale | M33: minimum | N33: maximum
A34: =B26 -> Steel production in India | B34: =B27 -> Steel | C34: =B28 -> IN | D34: 1 | E34: kilogram | F34: =F9 -> Iron | G34: production
A35: =A9 -> [R] Crude steel production (India) | B35: =B9 -> Steel | C35: =C9 -> IN | D35: 1 | E35: =E9 -> kilogram | F35: =F9 -> Iron | G35: technosphere
A36: market for pig iron | B36: pig iron | C36: RoW | D36: 1 | E36: kilogram | F36: ecoinvent 3.10 cutoff | G36: technosphere | J36: (5,5,5,5,5)

Sheet PR8_CrudeSteel_DE
A1: Activity | B1: [R] Crude steel production (Germany)
A2: reference product | B2: Steel
A3: location | B3: DE
A4: amount | B4: 1
A5: unit | B5: kilogram
A6: comment | B6: n/a
A7: Exchanges
A8: name | B8: reference product | C8: location | D8: amount | E8: unit | F8: database | G8: type | H8: categories | I8: uncertainty type | J8: pedigree | K8: loc | L8: scale | M8: minimum | N8: maximum
A9: =B1 -> [R] Crude steel production (Germany) | B9: =B2 -> Steel | C9: =B3 -> DE | D9: 1 | E9: kilogram | F9: =Fe_Market_GLO!B1 -> Iron | G9: production
A10: market for natural gas, high pressure | B10: natural gas, high pressure | C10: DE | D10: 0.00011133005 | E10: cubic meter | F10: ecoinvent 3.10 cutoff | G10: technosphere | J10: (1,3,4,3,3)
A11: market for electricity, low voltage | B11: electricity, low voltage | C11: DE | D11: 0.429 | E11: kilowatt hour | F11: ecoinvent 3.10 cutoff | G11: technosphere | J11: (1,3,4,3,3)
A12: market for anode, for metal electrolysis | B12: anode, for metal electrolysis | C12: GLO | D12: 0.00221 | E12: kilogram | F12: ecoinvent 3.10 cutoff | G12: technosphere | J12: (1,3,4,3,3)
A13: market for cast iron | B13: cast iron | C13: GLO | D13: 0.00224 | E13: kilogram | F13: ecoinvent 3.10 cutoff | G13: technosphere | J13: (1,3,4,3,3)
A14: market for quicklime, milled, packed | B14: quicklime, milled, packed | C14: RER | D14: 0.0452 | E14: kilogram | F14: ecoinvent 3.10 cutoff | G14: technosphere | J14: (1,3,4,3,3)
A15: market for refractory, basic, packed | B15: refractory, basic, packed | C15: GLO | D15: 0.0595 | E15: kilogram | F15: ecoinvent 3.10 cutoff | G15: technosphere | J15: (1,3,4,3,3)
A16: market for basic oxygen furnace slag | B16: basic oxygen furnace slag | C16: RER | D16: -0.00738 | E16: kilogram | F16: ecoinvent 3.10 cutoff | G16: technosphere | J16: (1,3,4,3,3)
A17: market for basic oxygen furnace slag | B17: basic oxygen furnace slag | C17: RER | D17: -0.193 | E17: kilogram | F17: ecoinvent 3.10 cutoff | G17: technosphere | J17: (1,3,4,3,3)
A18: market for refinery sludge | B18: refinery sludge | C18: Europe without Switzerland | D18: -0.00881 | E18: kilogram | F18: ecoinvent 3.10 cutoff | G18: technosphere | J18: (1,3,4,3,3)
A19: market for iron scrap, sorted, pressed | B19: iron scrap, sorted, pressed | C19: RER | D19: -0.0081 | E19: kilogram | F19: ecoinvent 3.10 cutoff | G19: technosphere | J19: (1,3,4,3,3)
A20: market for wastewater, average | B20: wastewater, average | C20: Europe without Switzerland | D20: -0.000548 | E20: cubic meter | F20: ecoinvent 3.10 cutoff | G20: technosphere | J20: (1,3,4,3,3)
A21: Carbon dioxide, fossil | D21: 0.262 | E21: kilogram | F21: biosphere3 | G21: biosphere | H21: air | J21: (1,3,4,3,3)
A22: Carbon monoxide, fossil | D22: 0.00262 | E22: kilogram | F22: biosphere3 | G22: biosphere | H22: air | J22: (1,3,4,3,3)
A23: Lead II | D23: 5.24e-07 | E23: kilogram | F23: biosphere3 | G23: biosphere | H23: air | J23: (1,3,4,3,3)
A24: Chromium III | D24: 9.05e-08 | E24: kilogram | F24: biosphere3 | G24: biosphere | H24: water | J24: (1,3,4,3,3)
A25: Particulate Matter, > 2.5 um and < 10um | D25: 6.67e-05 | E25: kilogram | F25: biosphere3 | G25: biosphere | H25: air | J25: (1,3,4,3,3)
A26: Nickel II | D26: 4.05e-08 | E26: kilogram | F26: biosphere3 | G26: biosphere | H26: water | J26: (1,3,4,3,3)
A27: Zinc II | D27: 1.1e-05 | E27: kilogram | F27: biosphere3 | G27: biosphere | H27: air | J27: (1,3,4,3,3)
A28: Nitrogen oxides | D28: 1e-06 | E28: kilogram | F28: biosphere3 | G28: biosphere | H28: air | J28: (1,3,4,3,3)
A29: Sulfur dioxide | D29: 4.05e-06 | E29: kilogram | F29: biosphere3 | G29: biosphere | H29: air | J29: (1,3,4,3,3)
A30: Cadmium II | D30: 9.05e-08 | E30: kilogram | F30: biosphere3 | G30: biosphere | H30: air | J30: (1,3,4,3,3)
A31: Copper ion | D31: 1.31e-07 | E31: kilogram | F31: biosphere3 | G31: biosphere | H31: air | J31: (1,3,4,3,3)
A33: Activity | B33: Steel production in Germany
A34: reference product | B34: Steel
A35: location | B35: DE
A36: amount | B36: 1
A37: unit | B37: kilogram
A38: comment | B38: n/a
A39: Exchanges
A40: name | B40: reference product | C40: location | D40: amount | E40: unit | F40: database | G40: type | H40: categories | I40: uncertainty type | J40: pedigree | K40: loc | L40: scale | M40: minimum | N40: maximum
A41: =B33 -> Steel production in Germany | B41: =B34 -> Steel | C41: =B35 -> DE | D41: 1 | E41: kilogram | F41: =F9 -> Iron | G41: production
A42: =A9 -> [R] Crude steel production (Germany) | B42: =B9 -> Steel | C42: =C9 -> DE | D42: 1 | E42: =E9 -> kilogram | F42: =F9 -> Iron | G42: technosphere
A43: market for iron scrap, sorted, pressed | B43: iron scrap, sorted, pressed | C43: RER | D43: 1.21 | E43: kilogram | F43: ecoinvent 3.10 cutoff | G43: technosphere | J43: (1,3,4,3,3)

Sheet PR9_CrudeSteel_KR
A1: Activity | B1: [P+R] Crude steel production (South Korea)
A2: reference product | B2: Steel
A3: location | B3: KR
A4: amount | B4: 1
A5: unit | B5: kilogram
A6: comment | B6: n/a
A7: Exchanges
A8: name | B8: reference product | C8: location | D8: amount | E8: unit | F8: database | G8: type | H8: categories | I8: uncertainty type | J8: pedigree | K8: loc | L8: scale | M8: minimum | N8: maximum
A9: =B1 -> [P+R] Crude steel production (South Korea) | B9: =B2 -> Steel | C9: =B3 -> KR | D9: 1 | E9: kilogram | F9: =Fe_Market_GLO!B1 -> Iron | G9: production
A10: market for electricity, low voltage | B10: electricity, low voltage | C10: KR | D10: 0.493 | E10: kilowatt hour | F10: ecoinvent 3.10 cutoff | G10: technosphere | J10: (nan,nan,nan,nan,nan)
A11: market for compressed air, 800 kPa gauge | B11: compressed air, 800 kPa gauge | C11: RoW | D11: 0.045789474 | E11: cubic meter | F11: ecoinvent 3.10 cutoff | G11: technosphere | J11: (nan,nan,nan,nan,nan)
A12: market for basic oxygen furnace slag | B12: basic oxygen furnace slag | C12: RoW | D12: -0.261 | E12: kilogram | F12: ecoinvent 3.10 cutoff | G12: technosphere | J12: (nan,nan,nan,nan,nan)
A13: market for refinery sludge | B13: refinery sludge | C13: RoW | D13: 0.0304 | E13: kilogram | F13: ecoinvent 3.10 cutoff | G13: technosphere | J13: (nan,nan,nan,nan,nan)
A14: Particulate Matter, > 2.5 um and < 10um | D14: 0.0377 | E14: kilogram | F14: biosphere3 | G14: biosphere | H14: air | J14: (nan,nan,nan,nan,nan)
A15: Particulate Matter, > 2.5 um and < 10um | D15: 0.00119 | E15: kilogram | F15: biosphere3 | G15: biosphere | H15: air | J15: (nan,nan,nan,nan,nan)
A16: Nitrogen oxides | D16: 4.93e-07 | E16: kilogram | F16: biosphere3 | G16: biosphere | H16: air | J16: (nan,nan,nan,nan,nan)
A17: Sulfur dioxide | D17: 0.0696 | E17: kilogram | F17: biosphere3 | G17: biosphere | H17: air | J17: (nan,nan,nan,nan,nan)
A19: Activity | B19: Steel production in Korea
A20: reference product | B20: Steel
A21: location | B21: KR
A22: amount | B22: 1
A23: unit | B23: kilogram
A24: comment | B24: n/a
A25: Exchanges
A26: name | B26: reference product | C26: location | D26: amount | E26: unit | F26: database | G26: type | H26: categories | I26: uncertainty type | J26: pedigree | K26: loc | L26: scale | M26: minimum | N26: maximum
A27: =B19 -> Steel production in Korea | B27: =B20 -> Steel | C27: =B21 -> KR | D27: 1 | E27: kilogram | F27: =F9 -> Iron | G27: production
A28: =A9 -> [P+R] Crude steel production (South Korea) | B28: =B9 -> Steel | C28: =C9 -> KR | D28: 1 | E28: =E9 -> kilogram | F28: =F9 -> Iron | G28: technosphere
A29: =FeMine_Market_GLO!A82 -> Iron ore mining and concentration - Global market | B29: =FeMine_Market_GLO!B82 -> Fe concentrate | C29: =FeMine_Market_GLO!C82 -> GLO | D29: 1 | E29: =FeMine_Market_GLO!E82 -> kilogram | F29: =FeMine_Market_GLO!F82 -> Iron | G29: technosphere

Sheet PR10_CrudeSteel_RU
A1: Activity | B1: [P+R] Crude steel production (Russia)
A2: reference product | B2: Steel
A3: location | B3: RU
A4: amount | B4: 1
A5: unit | B5: kilogram
A6: comment | B6: n/a
A7: Exchanges
A8: name | B8: reference product | C8: location | D8: amount | E8: unit | F8: database | G8: type | H8: categories | I8: uncertainty type | J8: pedigree | K8: loc | L8: scale | M8: minimum | N8: maximum
A9: =B1 -> [P+R] Crude steel production (Russia) | B9: =B2 -> Steel | C9: =B3 -> RU | D9: 1 | E9: kilogram | F9: =Fe_Market_GLO!B1 -> Iron | G9: production
A10: market for hard coal | B10: hard coal | C10: RU | D10: 0.586 | E10: kilogram | F10: ecoinvent 3.10 cutoff | G10: technosphere | J10: (1,1,5,2,3)
A11: market for electricity, high voltage | B11: electricity, high voltage | C11: RU | D11: 0.24611111 | E11: kilowatt hour | F11: ecoinvent 3.10 cutoff | G11: technosphere | J11: (1,1,5,2,3)
A12: market for iron pellet | B12: iron pellet | C12: GLO | D12: 0.14 | E12: kilogram | F12: ecoinvent 3.10 cutoff | G12: technosphere | J12: (1,1,5,2,3)
A13: market for iron scrap, sorted, pressed | B13: iron scrap, sorted, pressed | C13: RER | D13: 0.127 | E13: kilogram | F13: ecoinvent 3.10 cutoff | G13: technosphere | J13: (1,1,5,2,3)
A14: market for lime, packed | B14: lime, packed | C14: Europe without Switzerland | D14: 0.04 | E14: kilogram | F14: ecoinvent 3.10 cutoff | G14: technosphere | J14: (1,1,5,2,3)
A15: market for basic oxygen furnace slag | B15: basic oxygen furnace slag | C15: RER | D15: -0.414 | E15: kilogram | F15: ecoinvent 3.10 cutoff | G15: technosphere | J15: (1,1,5,2,3)
A16: market for ammonium sulfate | B16: ammonium sulfate | C16: RER | D16: -0.004 | E16: kilogram | F16: ecoinvent 3.10 cutoff | G16: technosphere | J16: (1,1,5,2,3)
A17: market for coal tar | B17: coal tar | C17: GLO | D17: -0.01 | E17: kilogram | F17: ecoinvent 3.10 cutoff | G17: technosphere | J17: (1,1,5,2,3)
A18: Carbon dioxide, fossil | D18: 1.57 | E18: kilogram | F18: biosphere3 | G18: biosphere | H18: air | J18: (1,1,5,2,3)
A19: Particulate Matter, > 2.5 um and < 10um | D19: 0.001 | E19: kilogram | F19: biosphere3 | G19: biosphere | H19: air | J19: (1,1,5,2,3)
A21: Activity | B21: Steel production in Russia
A22: reference product | B22: Steel
A23: location | B23: RU
A24: amount | B24: 1
A25: unit | B25: kilogram
A26: comment | B26: n/a
A27: Exchanges
A28: name | B28: reference product | C28: location | D28: amount | E28: unit | F28: database | G28: type | H28: categories | I28: uncertainty type | J28: pedigree | K28: loc | L28: scale | M28: minimum | N28: maximum
A29: =B21 -> Steel production in Russia | B29: =B22 -> Steel | C29: =B23 -> RU | D29: 1 | E29: kilogram | F29: =F9 -> Iron | G29: production
A30: =A9 -> [P+R] Crude steel production (Russia) | B30: =B9 -> Steel | C30: =C9 -> RU | D30: 1 | E30: =E9 -> kilogram | F30: =F9 -> Iron | G30: technosphere
A31: =FeMine_Market_GLO!A82 -> Iron ore mining and concentration - Global market | B31: =FeMine_Market_GLO!B82 -> Fe concentrate | C31: =FeMine_Market_GLO!C82 -> GLO | D31: 13.3 | E31: =FeMine_Market_GLO!E82 -> kilogram | F31: =FeMine_Market_GLO!F82 -> Iron | G31: technosphere

Sheet PR11_CrudeSteel_TR
A1: Activity | B1: [R] Crude steel production (Turkey)
A2: reference product | B2: Steel
A3: location | B3: TR
A4: amount | B4: 1
A5: unit | B5: kilogram
A6: comment | B6: n/a
A7: Exchanges
A8: name | B8: reference product | C8: location | D8: amount | E8: unit | F8: database | G8: type | H8: categories | I8: uncertainty type | J8: pedigree | K8: loc | L8: scale | M8: minimum | N8: maximum
A9: =B1 -> [R] Crude steel production (Turkey) | B9: =B2 -> Steel | C9: =B3 -> TR | D9: 1 | E9: kilogram | F9: =Fe_Market_GLO!B1 -> Iron | G9: production
A10: market for limestone, crushed, washed | B10: limestone, crushed, washed | C10: RoW | D10: 0.02 | E10: kilogram | F10: ecoinvent 3.10 cutoff | G10: technosphere | J10: (1,1,3,1,3)
A11: market for natural gas, high pressure | B11: natural gas, high pressure | C11: TR | D11: 3.6453202e-05 | E11: cubic meter | F11: ecoinvent 3.10 cutoff | G11: technosphere | J11: (1,1,3,1,3)
A12: market for electricity, low voltage | B12: electricity, low voltage | C12: TR | D12: 0.818 | E12: kilowatt hour | F12: ecoinvent 3.10 cutoff | G12: technosphere | J12: (1,1,3,1,3)
A13: market for anode, for metal electrolysis | B13: anode, for metal electrolysis | C13: GLO | D13: 3e-05 | E13: kilogram | F13: ecoinvent 3.10 cutoff | G13: technosphere | J13: (1,1,3,1,3)
A14: market for refractory, basic, packed | B14: refractory, basic, packed | C14: GLO | D14: 0.0139 | E14: kilogram | F14: ecoinvent 3.10 cutoff | G14: technosphere | J14: (1,1,3,1,3)
A15: market for activated carbon, granular | B15: activated carbon, granular | C15: GLO | D15: 0.0013 | E15: kilogram | F15: ecoinvent 3.10 cutoff | G15: technosphere | J15: (1,1,3,1,3)
A16: market for compressed air, 800 kPa gauge | B16: compressed air, 800 kPa gauge | C16: RER | D16: 0.00030631579 | E16: cubic meter | F16: ecoinvent 3.10 cutoff | G16: technosphere | J16: (1,1,3,1,3)
A17: market for graphite | B17: graphite | C17: GLO | D17: 0.000818 | E17: kilogram | F17: ecoinvent 3.10 cutoff | G17: technosphere | J17: (1,1,3,1,3)
A18: market for ferromanganese, high-coal, 74.5% Mn | B18: ferromanganese, high-coal, 74.5% Mn | C18: GLO | D18: 0.00818 | E18: kilogram | F18: ecoinvent 3.10 cutoff | G18: technosphere | J18: (1,1,3,1,3)
A19: market for ferrosilicon | B19: ferrosilicon | C19: GLO | D19: 0.003 | E19: kilogram | F19: ecoinvent 3.10 cutoff | G19: technosphere | J19: (1,1,3,1,3)
A20: market for fluorspar, 97% purity | B20: fluorspar, 97% purity | C20: GLO | D20: 0.000515 | E20: kilogram | F20: ecoinvent 3.10 cutoff | G20: technosphere | J20: (1,1,3,1,3)
A21: market for transport, freight, lorry, unspecified | B21: transport, freight, lorry, unspecified | C21: RER | D21: 0.279 | E21: ton kilometer | F21: ecoinvent 3.10 cutoff | G21: technosphere | J21: (1,1,3,1,3)
A22: Water, unspecified natural origin | D22: 1.39e-07 | E22: cubic meter | F22: biosphere3 | G22: biosphere | H22: natural resource::in ground | J22: (1,1,3,1,3)
A23: Carbon dioxide, fossil | D23: 5.45e-06 | E23: kilogram | F23: biosphere3 | G23: biosphere | H23: air | J23: (1,1,3,1,3)
A24: Carbon monoxide, fossil | D24: 0.000515 | E24: kilogram | F24: biosphere3 | G24: biosphere | H24: air | J24: (1,1,3,1,3)
A25: Lead II | D25: 8.48e-07 | E25: kilogram | F25: biosphere3 | G25: biosphere | H25: air | J25: (1,1,3,1,3)
A26: Chromium III | D26: 3e-08 | E26: kilogram | F26: biosphere3 | G26: biosphere | H26: water | J26: (1,1,3,1,3)
A27: Particulate Matter, > 2.5 um and < 10um | D27: 4.55e-05 | E27: kilogram | F27: biosphere3 | G27: biosphere | H27: air | J27: (1,1,3,1,3)
A28: Nickel II | D28: 1e-08 | E28: kilogram | F28: biosphere3 | G28: biosphere | H28: water | J28: (1,1,3,1,3)
A29: VOC, volatile organic compounds | D29: 1.39e-05 | E29: kilogram | F29: biosphere3 | G29: biosphere | H29: air | J29: (1,1,3,1,3)
A30: Zinc II | D30: 6.67e-06 | E30: kilogram | F30: biosphere3 | G30: biosphere | H30: air | J30: (1,1,3,1,3)
A31: Hydrochloric acid | D31: 8.79e-07 | E31: kilogram | F31: biosphere3 | G31: biosphere | H31: air | J31: (1,1,3,1,3)
A32: Nitrogen oxides | D32: 0.000188 | E32: kilogram | F32: biosphere3 | G32: biosphere | H32: air | J32: (1,1,3,1,3)
A33: Cadmium II | D33: 3e-08 | E33: kilogram | F33: biosphere3 | G33: biosphere | H33: air | J33: (1,1,3,1,3)
... A38: Polychlorinated biphenyls | D38: 1.64e-14 | E38: kilogram | F38: biosphere3 | G38: biosphere | H38: air | J38: (1,1,3,1,3)
A40: Activity | B40: Steel production in Turkey
A41: reference product | B41: Steel
A42: location | B42: TR
A43: amount | B43: 1
A44: unit | B44: kilogram
A45: comment | B45: n/a
A46: Exchanges
A47: name | B47: reference product | C47: location | D47: amount | E47: unit | F47: database | G47: type | H47: categories | I47: uncertainty type | J47: pedigree | K47: loc | L47: scale | M47: minimum | N47: maximum
A48: =B40 -> Steel production in Turkey | B48: =B41 -> Steel | C48: =B42 -> TR | D48: 1 | E48: kilogram | F48: =F9 -> Iron | G48: production
A49: =A9 -> [R] Crude steel production (Turkey) | B49: =B9 -> Steel | C49: =C9 -> TR | D49: 1 | E49: =E9 -> kilogram | F49: =F9 -> Iron | G49: technosphere
A50: market for iron scrap, sorted, pressed | B50: iron scrap, sorted, pressed | C50: RER | D50: 1.09 | E50: kilogram | F50: ecoinvent 3.10 cutoff | G50: technosphere | J50: (1,1,3,1,3)

Sheet PR12_Fe_CN_Recycling_CDW
A1: Activity | B1: Construction & Demolition (C&D) wastes
A2: reference product | B2: C&D wastes
A3: location | B3: CN
A4: amount | B4: 1
A5: unit | B5: kilogram
A6: comment | B6: Empty activity representing the Fe scraps input in the recycling process (following the "cut-off" modelling approach)
A7: Exchanges
A8: name | B8: reference product | C8: location | D8: amount | E8: unit | F8: database | G8: type | H8: categories | I8: uncertainty type | J8: pedigree | K8: loc | L8: scale | M8: minimum | N8: maximum
A9: =B1 -> Construction & Demolition (C&D) wastes | B9: =B2 -> C&D wastes | C9: CN | D9: 1 | E9: kilogram | F9: =Fe_Market_GLO!B1 -> Iron | G9: production
A11: Activity | B11: [C] C&D wastes collection and pre-treatment
A12: reference product | B12: Iron (Fe) scraps
A13: location | B13: CN
A14: amount | B14: 1
A15: unit | B15: kilogram
A16: comment | B16: Allocated unit process, considering as allocation factors: 1.5% for Cu (1 kg), 7.5% for Al (18 kg) and 91% (28 kg) for Fe.
A17: Exchanges
A18: name | B18: reference product | C18: location | D18: amount | E18: unit | F18: database | G18: type | H18: categories | I18: uncertainty type | J18: pedigree | K18: loc | L18: scale | M18: minimum | N18: maximum
A19: =B11 -> [C] C&D wastes collection and pre-treatment | B19: =B12 -> Iron (Fe) scraps | C19: CN | D19: 1 | E19: kilogram | F19: =F9 -> Iron | G19: production
A20: market for transport, freight, lorry >32 metric ton, EURO3 | B20: transport, freight, lorry >32 metric ton, EURO3 | C20: RoW | D20: 12.378394 | E20: ton kilometer | F20: ecoinvent 3.10 cutoff | G20: technosphere | J20: (4,5,1,1,1)
A21: market for diesel, burned in building machine | B21: diesel, burned in building machine | C21: GLO | D21: 0.056618665 | E21: megajoule | F21: ecoinvent 3.10 cutoff | G21: technosphere | J21: (1,1,1,1,3)
A22: pig iron production | B22: pig iron | C22: RoW | D22: 0.049957646 | E22: kilogram | F22: ecoinvent 3.10 cutoff | G22: technosphere | J22: (1,1,1,1,3)
A23: market group for electricity, high voltage | B23: electricity, high voltage | C23: CN | D23: 0.051622901 | E23: kilowatt hour | F23: ecoinvent 3.10 cutoff | G23: technosphere | J23: (1,1,1,1,3)
A24: market for diesel, burned in building machine | B24: diesel, burned in building machine | C24: GLO | D24: 0.04684917 | E24: megajoule | F24: ecoinvent 3.10 cutoff | G24: technosphere | J24: (1,1,1,1,3)
A25: pig iron production | B25: pig iron | C25: RoW | D25: 0.049957646 | E25: kilogram | F25: ecoinvent 3.10 cutoff | G25: technosphere | J25: (1,1,1,1,3)
A26: market group for electricity, high voltage | B26: electricity, high voltage | C26: CN | D26: 0.022203398 | E26: kilowatt hour | F26: ecoinvent 3.10 cutoff | G26: technosphere | J26: (1,1,1,1,3)
A28: Activity | B28: Fe production in China through C&D wastes recycling
A29: reference product | B29: Steel
A30: location | B30: CN
A31: amount | B31: 1
A32: unit | B32: kilogram
A33: comment | B33: Applied AF: "C&D wastes" input = 91%.
A34: Exchanges
A35: name | B35: reference product | C35: location | D35: amount | E35: unit | F35: database | G35: type | H35: categories | I35: uncertainty type | J35: pedigree | K35: loc | L35: scale | M35: minimum | N35: maximum
A36: =B28 -> Fe production in China through C&D wastes recycling | B36: =B29 -> Steel | C36: CN | D36: 1 | E36: kilogram | F36: =F19 -> Iron | G36: production
A37: =PR8_CrudeSteel_DE!A42 -> [R] Crude steel production (Germany) | B37: =PR8_CrudeSteel_DE!B42 -> Steel | C37: =PR8_CrudeSteel_DE!C42 -> DE | D37: 0.5 | E37: =PR8_CrudeSteel_DE!E42 -> kilogram | F37: =PR8_CrudeSteel_DE!F42 -> Iron | G37: technosphere
A38: =PR11_CrudeSteel_TR!A49 -> [R] Crude steel production (Turkey) | B38: =PR11_CrudeSteel_TR!B49 -> Steel | C38: =PR11_CrudeSteel_TR!C49 -> TR | D38: 0.5 | E38: =PR11_CrudeSteel_TR!E49 -> kilogram | F38: =PR11_CrudeSteel_TR!F49 -> Iron | G38: technosphere
A39: =A19 -> [C] C&D wastes collection and pre-treatment | B39: =B19 -> Iron (Fe) scraps | C39: =C19 -> CN | D39: 1.15 | E39: =E19 -> kilogram | F39: =F19 -> Iron | G39: technosphere
A40: =A9 -> Construction & Demolition (C&D) wastes | B40: =B9 -> C&D wastes | C40: =C9 -> CN | D40: 60.335321 | E40: =E9 -> kilogram | F40: =F9 -> Iron | G40: technosphere

Sheet PR13_Fe_CN_Recycling_ELV
A1: Activity | B1: End-of-life vehicles (ELV) wastes
A2: reference product | B2: ELV wastes
A3: location | B3: CN
A4: amount | B4: 1
A5: unit | B5: kilogram
A6: comment | B6: Empty activity representing the Fe scraps input in the recycling process (following the "cut-off" modelling approach)
A7: Exchanges
A8: name | B8: reference product | C8: location | D8: amount | E8: unit | F8: database | G8: type | H8: categories | I8: uncertainty type | J8: pedigree | K8: loc | L8: scale | M8: minimum | N8: maximum
A9: =B1 -> End-of-life vehicles (ELV) wastes | B9: =B2 -> ELV wastes | C9: CN | D9: 1 | E9: kilogram | F9: =Fe_Market_GLO!B1 -> Iron | G9: production
A11: Activity | B11: [C] ELV wastes collection and pre-treatment
A12: reference product | B12: Iron (Fe) scraps
A13: location | B13: CN
A14: amount | B14: 1
A15: unit | B15: kilogram
A16: comment | B16: Allocated unit process, considering as allocation factors (AF): 1% for Cu (1 kg), 4.8% for Al (16 kg) and 94.2% for Fe (42 kg).
A17: Exchanges
A18: name | B18: reference product | C18: location | D18: amount | E18: unit | F18: database | G18: type | H18: categories | I18: uncertainty type | J18: pedigree | K18: loc | L18: scale | M18: minimum | N18: maximum
A19: =B11 -> [C] ELV wastes collection and pre-treatment | B19: =B12 -> Iron (Fe) scraps | C19: CN | D19: 1 | E19: kilogram | F19: =F9 -> Iron | G19: production
A20: market for transport, freight, lorry >32 metric ton, EURO3 | B20: transport, freight, lorry >32 metric ton, EURO3 | C20: RoW | D20: 0.70284378 | E20: ton kilometer | F20: ecoinvent 3.10 cutoff | G20: technosphere | J20: (4,5,1,1,1)
A21: market group for electricity, high voltage | B21: electricity, high voltage | C21: CN | D21: 0.076141409 | E21: kilowatt hour | F21: ecoinvent 3.10 cutoff | G21: technosphere | J21: (2,1,1,1,1)
A22: market for diesel, burned in building machine | B22: diesel, burned in building machine | C22: GLO | D22: 0.57218692 | E22: megajoule | F22: ecoinvent 3.10 cutoff | G22: technosphere | J22: (2,1,1,1,1)
A23: market for oxygen, liquid | B23: oxygen, liquid | C23: RoW | D23: 0.0014507416 | E23: kilogram | F23: ecoinvent 3.10 cutoff | G23: technosphere | J23: (2,1,1,1,1)
A24: market for acetylene | B24: acetylene | C24: RoW | D24: 0.00059471397 | E24: kilogram | F24: ecoinvent 3.10 cutoff | G24: technosphere | J24: (2,1,1,1,1)
A25: market group for electricity, high voltage | B25: electricity, high voltage | C25: CN | D25: 0.069833837 | E25: kilowatt hour | F25: ecoinvent 3.10 cutoff | G25: technosphere | J25: (2,1,1,1,1)
A27: Activity | B27: Fe production in China through ELV wastes recycling
A28: reference product | B28: Steel
A29: location | B29: CN
A30: amount | B30: 1
A31: unit | B31: kilogram
A32: comment | B32: Applied AF: "ELV wastes" input = 94%.
A33: Exchanges
A34: name | B34: reference product | C34: location | D34: amount | E34: unit | F34: database | G34: type | H34: categories | I34: uncertainty type | J34: pedigree | K34: loc | L34: scale | M34: minimum | N34: maximum
A35: =B27 -> Fe production in China through ELV wastes recycling | B35: =B28 -> Steel | C35: CN | D35: 1 | E35: kilogram | F35: =F19 -> Iron | G35: production
A36: =PR8_CrudeSteel_DE!A42 -> [R] Crude steel production (Germany) | B36: =PR8_CrudeSteel_DE!B42 -> Steel | C36: =PR8_CrudeSteel_DE!C42 -> DE | D36: 0.5 | E36: =PR8_CrudeSteel_DE!E42 -> kilogram | F36: =PR8_CrudeSteel_DE!F42 -> Iron | G36: technosphere
A37: =PR11_CrudeSteel_TR!A49 -> [R] Crude steel production (Turkey) | B37: =PR11_CrudeSteel_TR!B49 -> Steel | C37: =PR11_CrudeSteel_TR!C49 -> TR | D37: 0.5 | E37: =PR11_CrudeSteel_TR!E49 -> kilogram | F37: =PR11_CrudeSteel_TR!F49 -> Iron | G37: technosphere
A38: =A19 -> [C] ELV wastes collection and pre-treatment | B38: =B19 -> Iron (Fe) scraps | C38: =C19 -> CN | D38: 1.15 | E38: =E19 -> kilogram | F38: =F19 -> Iron | G38: technosphere
A39: =A9 -> End-of-life vehicles (ELV) wastes | B39: =B9 -> ELV wastes | C39: =C9 -> CN | D39: 4.8971835 | E39: =E9 -> kilogram | F39: =F9 -> Iron | G39: technosphere
