Workbook
Name NdFeB_grinding_losses_grinding_and_slicing_of_NdFeB: [1]Manufacture!#REF!
Name Shaped_NdFeB_magnet_grinding_and_slicing_of_NdFeB: [1]Manufacture!#REF!

Sheet Note
A1: skip
B2: Life cycle inventories of global metal and mineral supply chains: a comprehensive data review, analysis and processing Frédéric Laia*, Stéphanie Mullera, Audrey Philippea, Robert Istrateb, Brenda Miranda Xicotencatlb, Afsoon Mansouri Askic, Aina Mas Fonsd,a, Juliana Segura-Salazare, Jair Santillán Saldivara, Alexander Cimprichf, Stephen Northeyg, Lígia da Silva Limah, Lieselot Booneh, Ryosuke Yokoii, Kamrul Islami, Ioanna Paschalidouj, Felipe Cerdask,l, Victor Balboa-Espinozae, Anish Koyamparambathd, Diae Henniouia, Victoire Collignona, Aurélien Reysa, Gyslain Ngadi Sakatadim, Jo Dewulfh, Bernhard Steubingb, Christoph Helbigc, Gaétan Lefebvrea, Gian Andrea Blenginin,m, Valeria Supertio, Masaharu Motoshitai, Guido Sonnemannd, Kwame Awuah-Offeij, Steven B. Youngf, Shinsuke Murakamip, Antoine Beylota aBRGM, F-45060 Orléans, France bInstitute of Environmental Sciences (CML), Leiden University, Einsteinweg 2, 2333 CC Leiden, NL cEcological Resource Technology, University of Bayreuth, Universitätstr. 30, 95447 Bayreuth, Germany dUniv. Bordeaux, CNRS, Bordeaux INP, ISM, UMR 5255, F-33400 Talence, France eSustainable Minerals Institute, The University of Queensland, QLD, 4072, Australia fSchool of Environment, Enterprise and Development, University of Waterloo, 200 University Avenue West, Waterloo, Ontario N2L 3G1, Canada gUniversity of Technology Sydney, Institute for Sustainable Futures, Australia hSustainable Systems Engineering (STEN), Department of Green Chemistry and Technology, Faculty of Bioscience Engineering, Ghent University, Coupure Links 653, 9000 Ghent, Belgium iAIST, 305-8569 Tsukuba, Japan jMining & Explosives Engineering, Missouri University of Science & Technology, Rolla, MO, USA 65409 kInstitute for Sustainable Energy Systems (INSYS), Technical University of Applied Sciences Würzburg-Schweinfurt (THWS), Ignaz-Schön-Straße 11, Schweinfurt, Germany lFraunhofer Institute for Surface Engineering and Thin Films IST, Riedenkamp 2, Braunschweig 38108, Germany mDepartment of Environment, Land and Infrastructure Engineering, Politecnico di Torino, Corso Duca degli Abruzzi, 24, 10129 Torino, Italy nUniversity of Turin, Earth Sciences Department (DST), Via Valperga Caluso, 35 – 10125 Torino, Italy oecoinvent association, Technopark, Technoparkstrasse 1, 8005 Zürich, Switzerland pGraduate School of Engineering, The University of Tokyo, Tokyo 113-8656, Japan *Corresponding author: f.lai@brgm.fr This file provides all LCI datasets developed for Rare Earths (RE), with distinguishing its global market and each individual production route. Disaggregation of each RE element is also provided in each dataset.
B33: Sheet | C33: Corresponding route
B34: RE_Market_GLO | C34: RE global market
B35: PR1_REO_CN_Sichuan_Bastnaesite | C35: Bastnaesite ore mining and REO production in China/Sichuan
B36: PR2_REO_US_Mt.Pass_Bastnaesite | C36: Bastnaesite ore mining and REO production in the US/Mt. Pass
B37: PR3_REO_CN_BayanObo_Bast-Mona | C37: Bastnaesite-monazite ore mining and REO production in China/Bayan Obo
B38: PR4_REO_AU-MY_MtWeld_Monazite | C38: Monazite ore mining in Australia/Mt. Weld and REO production in Malaysia
B39: PR5_REO_CN_IAC | C39: REO production from ion-adsorption clays in China

Sheet RE_Market_GLO
A1: database | B1: Rare Earths
A3: Activity | B3: Rare Earths (RE) global market
A4: reference product | B4: Rare Earths oxides (REO)
A5: location | B5: GLO
A6: amount | B6: 1
A7: unit | B7: kilogram
A8: comment | B8: n/a
A9: Exchanges
A10: name | B10: reference product | C10: location | D10: amount | E10: unit | F10: database | G10: type | H10: categories | I10: uncertainty type | J10: pedigree | K10: loc | L10: scale | M10: minimum | N10: maximum
A11: =B3 -> Rare Earths (RE) global market | B11: =B4 -> Rare Earths oxides (REO) | C11: =B5 -> GLO | D11: 1 | E11: =B7 -> kilogram | F11: =B1 -> Rare Earths | G11: production
A12: =PR1_REO_CN_Sichuan_Bastnaesite!A94 -> Bastnaesite ore mining and REO production in China/Sichuan | B12: =PR1_REO_CN_Sichuan_Bastnaesite!B94 -> REO | C12: =PR1_REO_CN_Sichuan_Bastnaesite!C94 -> CN-SWG | D12: 0.27116877 | E12: =PR1_REO_CN_Sichuan_Bastnaesite!E94 -> kilogram | F12: =PR1_REO_CN_Sichuan_Bastnaesite!F94 -> Rare Earths | G12: technosphere
A13: =PR2_REO_US_Mt.Pass_Bastnaesite!A98 -> Bastnaesite ore mining and REO production in the US/Mt. Pass | B13: =PR2_REO_US_Mt.Pass_Bastnaesite!B98 -> REO | C13: =PR2_REO_US_Mt.Pass_Bastnaesite!C98 -> US-WECC | D13: 0.18255531 | E13: =PR2_REO_US_Mt.Pass_Bastnaesite!E98 -> kilogram | F13: =PR2_REO_US_Mt.Pass_Bastnaesite!F98 -> Rare Earths | G13: technosphere
A14: ='PR3_REO_CN_BayanObo_Bast-Mona'!A208 -> Bastnaesite-monazite ore mining and REO production in China/Bayan Obo | B14: ='PR3_REO_CN_BayanObo_Bast-Mona'!B208 -> REO | C14: ='PR3_REO_CN_BayanObo_Bast-Mona'!C208 -> CN | D14: 0.37067068 | E14: ='PR3_REO_CN_BayanObo_Bast-Mona'!E208 -> kilogram | F14: ='PR3_REO_CN_BayanObo_Bast-Mona'!F208 -> Rare Earths | G14: technosphere
A15: ='PR4_REO_AU-MY_MtWeld_Monazite'!A191 -> Monazite ore mining in Australia/Mt. Weld and REO production in Malaysia | B15: ='PR4_REO_AU-MY_MtWeld_Monazite'!B191 -> REO | C15: ='PR4_REO_AU-MY_MtWeld_Monazite'!C191 -> AU-MY | D15: 0.094521024 | E15: ='PR4_REO_AU-MY_MtWeld_Monazite'!E191 -> kilogram | F15: ='PR4_REO_AU-MY_MtWeld_Monazite'!F191 -> Rare Earths | G15: technosphere
A16: =PR5_REO_CN_IAC!A109 -> REO production from ion-adsorption clays in China | B16: =PR5_REO_CN_IAC!B109 -> REO | C16: =PR5_REO_CN_IAC!C109 -> CN | D16: 0.081084212 | E16: =PR5_REO_CN_IAC!E109 -> kilogram | F16: =PR5_REO_CN_IAC!F109 -> Rare Earths | G16: technosphere
A18: Activity | B18: Neodymium (Nd) global market
A19: reference product | B19: Nd oxide (Nd2O3)
A20: location | B20: GLO
A21: amount | B21: 1
A22: unit | B22: kilogram
A23: comment | B23: n/a
A24: Exchanges
A25: name | B25: reference product | C25: location | D25: amount | E25: unit | F25: database | G25: type | H25: categories | I25: uncertainty type | J25: pedigree | K25: loc | L25: scale | M25: minimum | N25: maximum | O25: comment
A26: =B18 -> Neodymium (Nd) global market | B26: =B19 -> Nd oxide (Nd2O3) | C26: =B20 -> GLO | D26: 1 | E26: =B22 -> kilogram | F26: =F11 -> Rare Earths | G26: production
A27: =PR1_REO_CN_Sichuan_Bastnaesite!A216 -> Neodymium oxide (Nd2O3) production in China/Sichuan | B27: =PR1_REO_CN_Sichuan_Bastnaesite!B216 -> Nd2O3 | C27: =PR1_REO_CN_Sichuan_Bastnaesite!C216 -> CN-SWG | D27: 0.27116877 | E27: =PR1_REO_CN_Sichuan_Bastnaesite!E216 -> kilogram | F27: =PR1_REO_CN_Sichuan_Bastnaesite!F216 -> Rare Earths | G27: technosphere
A28: =PR2_REO_US_Mt.Pass_Bastnaesite!A200 -> Neodymium oxide (Nd2O3) production in the US/Mt. Pass | B28: =PR2_REO_US_Mt.Pass_Bastnaesite!B200 -> Nd2O3 | C28: =PR2_REO_US_Mt.Pass_Bastnaesite!C200 -> US-WECC | D28: 0.18255531 | E28: =PR2_REO_US_Mt.Pass_Bastnaesite!E200 -> kilogram | F28: =PR2_REO_US_Mt.Pass_Bastnaesite!F200 -> Rare Earths | G28: technosphere
A29: ='PR3_REO_CN_BayanObo_Bast-Mona'!A223 -> Neodymium oxide (Nd2O3) production in China/Bayan Obo | B29: ='PR3_REO_CN_BayanObo_Bast-Mona'!B223 -> Nd2O3 | C29: ='PR3_REO_CN_BayanObo_Bast-Mona'!C223 -> CN | D29: 0.37067068 | E29: ='PR3_REO_CN_BayanObo_Bast-Mona'!E223 -> kilogram | F29: ='PR3_REO_CN_BayanObo_Bast-Mona'!F223 -> Rare Earths | G29: technosphere
A30: ='PR4_REO_AU-MY_MtWeld_Monazite'!A207 -> Neodymium oxide (Nd2O3) production in Australia/Mt. Weld - Malaysia | B30: ='PR4_REO_AU-MY_MtWeld_Monazite'!B207 -> Nd2O3 | C30: ='PR4_REO_AU-MY_MtWeld_Monazite'!C207 -> AU-MY | D30: 0.094521024 | E30: ='PR4_REO_AU-MY_MtWeld_Monazite'!E207 -> kilogram | F30: ='PR4_REO_AU-MY_MtWeld_Monazite'!F207 -> Rare Earths | G30: technosphere
A31: =PR5_REO_CN_IAC!A121 -> Neodymium oxide (Nd2O3) production from ion-adsorption clays in China | B31: =PR5_REO_CN_IAC!B121 -> Nd2O3 | C31: =PR5_REO_CN_IAC!C121 -> CN | D31: 0.081084212 | E31: =PR5_REO_CN_IAC!E121 -> kilogram | F31: =PR5_REO_CN_IAC!F121 -> Rare Earths | G31: technosphere
A33: Activity | B33: Neodymium (Nd) global market (Nd content)
A34: reference product | B34: Nd content
A35: location | B35: GLO
A36: amount | B36: 1
A37: unit | B37: kilogram
A38: comment | B38: Activity expressed for 1 kg Nd contained
A39: Exchanges
A40: name | B40: reference product | C40: location | D40: amount | E40: unit | F40: database | G40: type | H40: categories | I40: uncertainty type | J40: pedigree | K40: loc | L40: scale | M40: minimum | N40: maximum | O40: comment
A41: =B33 -> Neodymium (Nd) global market (Nd content) | B41: =B34 -> Nd content | C41: =B35 -> GLO | D41: 1 | E41: =B37 -> kilogram | F41: =F26 -> Rare Earths | G41: production
A42: =PR1_REO_CN_Sichuan_Bastnaesite!A227 -> Neodymium oxide (Nd2O3) production in China/Sichuan (Nd content) | B42: =PR1_REO_CN_Sichuan_Bastnaesite!B227 -> Nd2O3 (Nd content) | C42: =PR1_REO_CN_Sichuan_Bastnaesite!C227 -> CN-SWG | D42: 0.27116877 | E42: =PR1_REO_CN_Sichuan_Bastnaesite!E227 -> kilogram | F42: =PR1_REO_CN_Sichuan_Bastnaesite!F227 -> Rare Earths | G42: technosphere
A43: =PR2_REO_US_Mt.Pass_Bastnaesite!A211 -> Neodymium oxide (Nd2O3) production in the US/Mt. Pass (Nd content) | B43: =PR2_REO_US_Mt.Pass_Bastnaesite!B211 -> Nd2O3 (Nd content) | C43: =PR2_REO_US_Mt.Pass_Bastnaesite!C211 -> US-WECC | D43: 0.18255531 | E43: =PR2_REO_US_Mt.Pass_Bastnaesite!E211 -> kilogram | F43: =PR2_REO_US_Mt.Pass_Bastnaesite!F211 -> Rare Earths | G43: technosphere
A44: ='PR3_REO_CN_BayanObo_Bast-Mona'!A234 -> Neodymium oxide (Nd2O3) production in China/Bayan Obo (Nd content) | B44: ='PR3_REO_CN_BayanObo_Bast-Mona'!B234 -> Nd2O3 (Nd content) | C44: ='PR3_REO_CN_BayanObo_Bast-Mona'!C234 -> CN | D44: 0.37067068 | E44: ='PR3_REO_CN_BayanObo_Bast-Mona'!E234 -> kilogram | F44: ='PR3_REO_CN_BayanObo_Bast-Mona'!F234 -> Rare Earths | G44: technosphere
A45: ='PR4_REO_AU-MY_MtWeld_Monazite'!A218 -> Neodymium oxide (Nd2O3) production in Australia/Mt. Weld - Malaysia (Nd content) | B45: ='PR4_REO_AU-MY_MtWeld_Monazite'!B218 -> Nd2O3 (Nd content) | C45: ='PR4_REO_AU-MY_MtWeld_Monazite'!C218 -> AU-MY | D45: 0.094521024 | E45: ='PR4_REO_AU-MY_MtWeld_Monazite'!E218 -> kilogram | F45: ='PR4_REO_AU-MY_MtWeld_Monazite'!F218 -> Rare Earths | G45: technosphere
A46: =PR5_REO_CN_IAC!A132 -> Neodymium oxide (Nd2O3) production from ion-adsorption clays in China (Nd content) | B46: =PR5_REO_CN_IAC!B132 -> Nd2O3 (Nd content) | C46: =PR5_REO_CN_IAC!C132 -> CN | D46: 0.081084212 | E46: =PR5_REO_CN_IAC!E132 -> kilogram | F46: =PR5_REO_CN_IAC!F132 -> Rare Earths | G46: technosphere
A48: Activity | B48: Cerium (Ce) global market
A49: reference product | B49: Ce oxide (CeO2)
A50: location | B50: GLO
A51: amount | B51: 1
A52: unit | B52: kilogram
A53: comment | B53: n/a
A54: Exchanges
A55: name | B55: reference product | C55: location | D55: amount | E55: unit | F55: database | G55: type | H55: categories | I55: uncertainty type | J55: pedigree | K55: loc | L55: scale | M55: minimum | N55: maximum | O55: comment
A56: =B48 -> Cerium (Ce) global market | B56: =B49 -> Ce oxide (CeO2) | C56: =B50 -> GLO | D56: 1 | E56: =B52 -> kilogram | F56: =F41 -> Rare Earths | G56: production
A57: =PR1_REO_CN_Sichuan_Bastnaesite!A106 -> Cerium oxide (CeO2) production in China/Sichuan | B57: =PR1_REO_CN_Sichuan_Bastnaesite!B106 -> CeO2 | C57: =PR1_REO_CN_Sichuan_Bastnaesite!C106 -> CN-SWG | D57: 0.27116877 | E57: =PR1_REO_CN_Sichuan_Bastnaesite!E106 -> kilogram | F57: =PR1_REO_CN_Sichuan_Bastnaesite!F106 -> Rare Earths | G57: technosphere
A58: =PR2_REO_US_Mt.Pass_Bastnaesite!A112 -> Cerium oxide (CeO2) production in the US/Mt. Pass | B58: =PR2_REO_US_Mt.Pass_Bastnaesite!B112 -> CeO2 | C58: =PR2_REO_US_Mt.Pass_Bastnaesite!C112 -> US-WECC | D58: 0.18255531 | E58: =PR2_REO_US_Mt.Pass_Bastnaesite!E112 -> kilogram | F58: =PR2_REO_US_Mt.Pass_Bastnaesite!F112 -> Rare Earths | G58: technosphere
A59: ='PR3_REO_CN_BayanObo_Bast-Mona'!A245 -> Cerium oxide (CeO2) production in China/Bayan Obo | B59: ='PR3_REO_CN_BayanObo_Bast-Mona'!B245 -> CeO2 | C59: ='PR3_REO_CN_BayanObo_Bast-Mona'!C245 -> CN | D59: 0.37067068 | E59: ='PR3_REO_CN_BayanObo_Bast-Mona'!E245 -> kilogram | F59: ='PR3_REO_CN_BayanObo_Bast-Mona'!F245 -> Rare Earths | G59: technosphere
A60: ='PR4_REO_AU-MY_MtWeld_Monazite'!A229 -> Cerium oxide (CeO2) production in Australia/Mt. Weld - Malaysia | B60: ='PR4_REO_AU-MY_MtWeld_Monazite'!B229 -> CeO2 | C60: ='PR4_REO_AU-MY_MtWeld_Monazite'!C229 -> AU-MY | D60: 0.094521024 | E60: ='PR4_REO_AU-MY_MtWeld_Monazite'!E229 -> kilogram | F60: ='PR4_REO_AU-MY_MtWeld_Monazite'!F229 -> Rare Earths | G60: technosphere
A61: =PR5_REO_CN_IAC!A143 -> Cerium oxide (CeO2) production from ion-adsorption clays in China | B61: =PR5_REO_CN_IAC!B143 -> CeO2 | C61: =PR5_REO_CN_IAC!C143 -> CN | D61: 0.081084212 | E61: =PR5_REO_CN_IAC!E143 -> kilogram | F61: =PR5_REO_CN_IAC!F143 -> Rare Earths | G61: technosphere
A63: Activity | B63: Cerium (Ce) global market (Ce content)
A64: reference product | B64: Ce content
A65: location | B65: GLO
A66: amount | B66: 1
A67: unit | B67: kilogram
A68: comment | B68: Activity expressed for 1 kg Ce contained
A69: Exchanges
A70: name | B70: reference product | C70: location | D70: amount | E70: unit | F70: database | G70: type | H70: categories | I70: uncertainty type | J70: pedigree | K70: loc | L70: scale | M70: minimum | N70: maximum | O70: comment
A71: =B63 -> Cerium (Ce) global market (Ce content) | B71: =B64 -> Ce content | C71: =B65 -> GLO | D71: 1 | E71: =B67 -> kilogram | F71: =F56 -> Rare Earths | G71: production
A72: =PR1_REO_CN_Sichuan_Bastnaesite!A117 -> Cerium oxide (CeO2) production in China/Sichuan (Ce content) | B72: =PR1_REO_CN_Sichuan_Bastnaesite!B117 -> CeO2 (Ce content) | C72: =PR1_REO_CN_Sichuan_Bastnaesite!C117 -> CN-SWG | D72: 0.27116877 | E72: =PR1_REO_CN_Sichuan_Bastnaesite!E117 -> kilogram | F72: =PR1_REO_CN_Sichuan_Bastnaesite!F117 -> Rare Earths | G72: technosphere
A73: =PR2_REO_US_Mt.Pass_Bastnaesite!A123 -> Cerium oxide (CeO2) production in the US/Mt. Pass (Ce content) | B73: =PR2_REO_US_Mt.Pass_Bastnaesite!B123 -> CeO2 (Ce content) | C73: =PR2_REO_US_Mt.Pass_Bastnaesite!C123 -> US-WECC | D73: 0.18255531 | E73: =PR2_REO_US_Mt.Pass_Bastnaesite!E123 -> kilogram | F73: =PR2_REO_US_Mt.Pass_Bastnaesite!F123 -> Rare Earths | G73: technosphere
A74: ='PR3_REO_CN_BayanObo_Bast-Mona'!A256 -> Cerium oxide (CeO2) production in China/Bayan Obo (Ce content) | B74: ='PR3_REO_CN_BayanObo_Bast-Mona'!B256 -> CeO2 (Ce content) | C74: ='PR3_REO_CN_BayanObo_Bast-Mona'!C256 -> CN | D74: 0.37067068 | E74: ='PR3_REO_CN_BayanObo_Bast-Mona'!E256 -> kilogram | F74: ='PR3_REO_CN_BayanObo_Bast-Mona'!F256 -> Rare Earths | G74: technosphere
A75: ='PR4_REO_AU-MY_MtWeld_Monazite'!A240 -> Cerium oxide (CeO2) production in Australia/Mt. Weld - Malaysia (Ce content) | B75: ='PR4_REO_AU-MY_MtWeld_Monazite'!B240 -> CeO2 (Ce content) | C75: ='PR4_REO_AU-MY_MtWeld_Monazite'!C240 -> AU-MY | D75: 0.094521024 | E75: ='PR4_REO_AU-MY_MtWeld_Monazite'!E240 -> kilogram | F75: ='PR4_REO_AU-MY_MtWeld_Monazite'!F240 -> Rare Earths | G75: technosphere
A76: =PR5_REO_CN_IAC!A154 -> Cerium oxide (CeO2) production from ion-adsorption clays in China (Ce content) | B76: =PR5_REO_CN_IAC!B154 -> CeO2 (Ce content) | C76: =PR5_REO_CN_IAC!C154 -> CN | D76: 0.081084212 | E76: =PR5_REO_CN_IAC!E154 -> kilogram | F76: =PR5_REO_CN_IAC!F154 -> Rare Earths | G76: technosphere
A78: Activity | B78: Dysprosium (Dy) global market
A79: reference product | B79: Dy oxide (Dy2O3)
A80: location | B80: GLO
A81: amount | B81: 1
A82: unit | B82: kilogram
A83: comment | B83: n/a
A84: Exchanges
A85: name | B85: reference product | C85: location | D85: amount | E85: unit | F85: database | G85: type | H85: categories | I85: uncertainty type | J85: pedigree | K85: loc | L85: scale | M85: minimum | N85: maximum | O85: comment
A86: =B78 -> Dysprosium (Dy) global market | B86: =B79 -> Dy oxide (Dy2O3) | C86: =B80 -> GLO | D86: 1 | E86: =B82 -> kilogram | F86: =F71 -> Rare Earths | G86: production
A87: ='PR3_REO_CN_BayanObo_Bast-Mona'!A267 -> Dysprosium oxide (Dy2O3) production in China/Bayan Obo | B87: ='PR3_REO_CN_BayanObo_Bast-Mona'!B267 -> Dy2O3 | C87: ='PR3_REO_CN_BayanObo_Bast-Mona'!C267 -> CN | D87: 0.67854114 | E87: ='PR3_REO_CN_BayanObo_Bast-Mona'!E267 -> kilogram | F87: ='PR3_REO_CN_BayanObo_Bast-Mona'!F267 -> Rare Earths | G87: technosphere
A88: ='PR4_REO_AU-MY_MtWeld_Monazite'!A251 -> Dysprosium oxide (Dy2O3) production in Australia/Mt. Weld - Malaysia | B88: ='PR4_REO_AU-MY_MtWeld_Monazite'!B251 -> Dy2O3 | C88: ='PR4_REO_AU-MY_MtWeld_Monazite'!C251 -> AU-MY | D88: 0.17302799 | E88: ='PR4_REO_AU-MY_MtWeld_Monazite'!E251 -> kilogram | F88: ='PR4_REO_AU-MY_MtWeld_Monazite'!F251 -> Rare Earths | G88: technosphere
A89: =PR5_REO_CN_IAC!A165 -> Dysprosium oxide (Dy2O3) production from ion-adsorption clays in China | B89: =PR5_REO_CN_IAC!B165 -> Dy2O3 | C89: =PR5_REO_CN_IAC!C165 -> CN | D89: 0.14843087 | E89: =PR5_REO_CN_IAC!E165 -> kilogram | F89: =PR5_REO_CN_IAC!F165 -> Rare Earths | G89: technosphere
A91: Activity | B91: Dysprosium (Dy) global market (Dy content)
A92: reference product | B92: Dy content
A93: location | B93: GLO
A94: amount | B94: 1
A95: unit | B95: kilogram
A96: comment | B96: Activity expressed for 1 kg Dy contained
A97: Exchanges
A98: name | B98: reference product | C98: location | D98: amount | E98: unit | F98: database | G98: type | H98: categories | I98: uncertainty type | J98: pedigree | K98: loc | L98: scale | M98: minimum | N98: maximum | O98: comment
A99: =B91 -> Dysprosium (Dy) global market (Dy content) | B99: =B92 -> Dy content | C99: =B93 -> GLO | D99: 1 | E99: =B95 -> kilogram | F99: =F86 -> Rare Earths | G99: production
A100: ='PR3_REO_CN_BayanObo_Bast-Mona'!A278 -> Dysprosium oxide (Dy2O3) production in China/Bayan Obo (Dy content) | B100: ='PR3_REO_CN_BayanObo_Bast-Mona'!B278 -> Dy2O3 (Dy content) | C100: ='PR3_REO_CN_BayanObo_Bast-Mona'!C278 -> CN | D100: 0.67854114 | E100: ='PR3_REO_CN_BayanObo_Bast-Mona'!E278 -> kilogram | F100: ='PR3_REO_CN_BayanObo_Bast-Mona'!F278 -> Rare Earths | G100: technosphere
A101: ='PR4_REO_AU-MY_MtWeld_Monazite'!A262 -> Dysprosium oxide (Dy2O3) production in Australia/Mt. Weld - Malaysia (Dy content) | B101: ='PR4_REO_AU-MY_MtWeld_Monazite'!B262 -> Dy2O3 (Dy content) | C101: ='PR4_REO_AU-MY_MtWeld_Monazite'!C262 -> AU-MY | D101: 0.17302799 | E101: ='PR4_REO_AU-MY_MtWeld_Monazite'!E262 -> kilogram | F101: ='PR4_REO_AU-MY_MtWeld_Monazite'!F262 -> Rare Earths | G101: technosphere
A102: =PR5_REO_CN_IAC!A176 -> Dysprosium oxide (Dy2O3) production in from ion-adsorption clays in China (Dy content) | B102: =PR5_REO_CN_IAC!B176 -> Dy2O3 (Dy content) | C102: =PR5_REO_CN_IAC!C176 -> CN | D102: 0.14843087 | E102: =PR5_REO_CN_IAC!E176 -> kilogram | F102: =PR5_REO_CN_IAC!F176 -> Rare Earths | G102: technosphere
A104: Activity | B104: Erbium (Er) global market
A105: reference product | B105: Er oxide (Er2O3)
A106: location | B106: GLO
A107: amount | B107: 1
A108: unit | B108: kilogram
...

Sheet PR1_REO_CN_Sichuan_Bastnaesite
A1: Activity | B1: [M+C] Bastnaesite ore mining and concentration (Sichuan province)
A2: reference product | B2: Concentrated Rare Earths oxides (REO) mixed (70%)
A3: location | B3: CN-SWG
A4: amount | B4: 1
A5: unit | B5: kilogram
A6: comment | B6: n/a
A7: Exchanges
A8: name | B8: reference product | C8: location | D8: amount | E8: unit | F8: database | G8: type | H8: categories | I8: uncertainty type | J8: pedigree | K8: loc | L8: scale | M8: minimum | N8: maximum | O8: comment
A9: =B1 -> [M+C] Bastnaesite ore mining and concentration (Sichuan province) | B9: =B2 -> Concentrated Rare Earths oxides (REO) mixed (70%) | C9: =B3 -> CN-SWG | D9: 1 | E9: kilogram | F9: =RE_Market_GLO!B1 -> Rare Earths | G9: production
A10: market for iron ore, crude ore, 46% Fe | B10: iron ore, crude ore, 46% Fe | C10: GLO | D10: 16.470588 | E10: kilogram | F10: ecoinvent 3.10 cutoff | G10: technosphere | J10: (1,1,3,1,1) | O10: Proxy to CLCD process "Iron ore-open-pit mining"
A11: market for sulfuric acid | B11: sulfuric acid | C11: RoW | D11: 0.029554412 | E11: kilogram | F11: ecoinvent 3.10 cutoff | G11: technosphere | J11: (4,1,3,5,2)
A12: market for sodium silicate, solid | B12: sodium silicate, solid | C12: RoW | D12: 0.024705882 | E12: kilogram | F12: ecoinvent 3.10 cutoff | G12: technosphere | J12: (4,1,3,5,2)
A13: market for electricity, medium voltage | B13: electricity, medium voltage | C13: CN-SWG | D13: 0.51056471 | E13: kilowatt hour | F13: ecoinvent 3.10 cutoff | G13: technosphere | J13: (4,1,3,5,2)
A14: market for steam, in chemical industry | B14: steam, in chemical industry | C14: RoW | D14: 2.31 | E14: kilogram | F14: ecoinvent 3.10 cutoff | G14: technosphere | J14: (1,1,3,2,1)
A15: market for water, deionised | B15: water, deionised | C15: RoW | D15: 24.242647 | E15: kilogram | F15: ecoinvent 3.10 cutoff | G15: technosphere | J15: (4,1,4,2,1)
A16: Suspended solids, unspecified | D16: 0.0016969853 | E16: kilogram | F16: biosphere3 | G16: biosphere | H16: water | J16: (4,1,4,2,1)
A17: COD, Chemical Oxygen Demand | D17: 0.0019394118 | E17: kilogram | F17: biosphere3 | G17: biosphere | H17: water | J17: (4,1,4,2,1)
A18: Mercury II | D18: 8.4e-07 | E18: kilogram | F18: biosphere3 | G18: biosphere | H18: water | J18: (4,1,4,2,1)
A19: Cadmium II | D19: 1.9394118e-06 | E19: kilogram | F19: biosphere3 | G19: biosphere | H19: water | J19: (4,1,4,2,1)
A20: Lead II | D20: 1.2121324e-05 | E20: kilogram | F20: biosphere3 | G20: biosphere | H20: water | J20: (4,1,4,2,1)
A21: Arsenic ion | D21: 7.2727941e-06 | E21: kilogram | F21: biosphere3 | G21: biosphere | H21: water | J21: (4,1,4,2,1)
A22: Fluoride | D22: 0.00024242647 | E22: kilogram | F22: biosphere3 | G22: biosphere | H22: water | J22: (4,1,4,2,1)
A23: Oils, unspecified | D23: 0.00012121324 | E23: kilogram | F23: biosphere3 | G23: biosphere | H23: water | J23: (4,1,4,2,1)
A24: Phosphorus | D24: 7.2727941e-05 | E24: kilogram | F24: biosphere3 | G24: biosphere | H24: water | J24: (4,1,4,2,1) | O24: originally "Total Phosphorus"
A25: Nitrogen | D25: 0.0012121324 | E25: kilogram | F25: biosphere3 | G25: biosphere | H25: water | J25: (4,1,4,2,1) | O25: originally "Total Nitrogen"
A26: Ammonium | D26: 0.00060606618 | E26: kilogram | F26: biosphere3 | G26: biosphere | H26: water | J26: (4,1,4,2,1) | O26: originally "Ammonia"
A27: Zinc II | D27: 3.6363971e-05 | E27: kilogram | F27: biosphere3 | G27: biosphere | H27: water | J27: (4,1,4,2,1) | O27: originally "Total Zinc"
A28: Thorium-232 | D28: 0.0098371961 | E28: kilo Becquerel | F28: biosphere3 | G28: biosphere | H28: water | J28: (4,1,4,2,1) | O28: Calculated based on 2.42E-06 kg in Lee and Wen (2017), with the mass fraction of Th in thorium oxide being 0.8788, and assuming that 1 kg thorium oxide contains 3566 kBq of Th-232 (Zhang & Sun, 2005; IAEA, 2011).
A29: Uranium-238 | D29: 0.029931664 | E29: kilo Becquerel | F29: biosphere3 | G29: biosphere | H29: water | J29: (4,1,4,2,1) | O29: Calculated based on 2.42E-06 kg in Lee and Wen (2017), with the mass fraction of U in uranium oxide being 0.8480, and assuming that 1 kg uranium oxide contains 10470 kBq of U-238 (IAEA, 2011).
A30: Chromium III | D30: 2.4242647e-05 | E30: kilogram | F30: biosphere3 | G30: biosphere | H30: water | J30: (4,1,4,2,1)
A31: Chromium VI | D31: 7.2727941e-06 | E31: kilogram | F31: biosphere3 | G31: biosphere | H31: water | J31: (4,1,4,2,1)
A32: Particulate Matter, > 2.5 um and < 10um | D32: 0.00039529412 | E32: kilogram | F32: biosphere3 | G32: biosphere | H32: air | J32: (4,1,4,2,1)
A33: Thorium | D33: 4.9411765e-05 | E33: kilogram | F33: biosphere3 | G33: biosphere | H33: air | J33: (4,1,4,2,1)
A34: Uranium | D34: 4.9411765e-07 | E34: kilogram | F34: biosphere3 | G34: biosphere | H34: air | J34: (4,1,4,2,1)
A36: Activity | B36: [P] REO separation (Sichuan province)
A37: reference product | B37: Separated REO mix (100%)
A38: location | B38: CN-SWG
A39: amount | B39: 1
A40: unit | B40: kilogram
A41: comment | B41: The co-produced calcium chloride and ammonium chloride are dealt through substitution.
A42: Exchanges
A43: name | B43: reference product | C43: location | D43: amount | E43: unit | F43: database | G43: type | H43: categories | I43: uncertainty type | J43: pedigree | K43: loc | L43: scale | M43: minimum | N43: maximum | O43: comment
A44: =B36 -> [P] REO separation (Sichuan province) | B44: =B37 -> Separated REO mix (100%) | C44: =B38 -> CN-SWG | D44: 1 | E44: =B40 -> kilogram | F44: =F9 -> Rare Earths | G44: production
A45: market for calcium chloride | B45: calcium chloride | C45: RoW | D45: -0.031863423 | E45: kilogram | F45: ecoinvent 3.10 cutoff | G45: technosphere | O45: Proxy to "calcium fluoride"; non-metal co-product to be dealt with substitution. However, there is no LCI dataset for "calcium fluoride" in ecoinvent.
A46: ammonium chloride production | B46: ammonium chloride | C46: GLO | D46: -0.295 | E46: kilogram | F46: ecoinvent 3.10 cutoff | G46: technosphere | O46: Non-metal co-product dealt with substitution.
A47: market for hydrochloric acid, without water, in 30% solution state | B47: hydrochloric acid, without water, in 30% solution state | C47: RoW | D47: 3.2261716 | E47: kilogram | F47: ecoinvent 3.10 cutoff | G47: technosphere | J47: (1,1,3,1,1)
A48: market for sodium hydroxide, without water, in 50% solution state | B48: sodium hydroxide, without water, in 50% solution state | C48: RoW | D48: 1.75 | E48: kilogram | F48: ecoinvent 3.10 cutoff | G48: technosphere | J48: (1,1,3,1,1)
A49: market for calcium chloride | B49: calcium chloride | C49: RoW | D49: 0.05 | E49: kilogram | F49: ecoinvent 3.10 cutoff | G49: technosphere | J49: (1,1,3,1,1)
A50: market for phosphoric acid, industrial grade, without water, in 85% solution state | B50: phosphoric acid, industrial grade, without water, in 85% solution state | C50: GLO | D50: 0.002 | E50: kilogram | F50: ecoinvent 3.10 cutoff | G50: technosphere | J50: (1,1,3,1,1) | O50: originally "P507 Extractant"
A51: market for ammonia, anhydrous, liquid | B51: ammonia, anhydrous, liquid | C51: CN | D51: 0.32 | E51: kilogram | F51: ecoinvent 3.10 cutoff | G51: technosphere | J51: (1,1,3,1,1)
A52: market for kerosene | B52: kerosene | C52: RoW | D52: 0.01 | E52: kilogram | F52: ecoinvent 3.10 cutoff | G52: technosphere | J52: (1,1,3,1,1)
A53: market for ammonium bicarbonate | B53: ammonium bicarbonate | C53: RoW | D53: 0.89 | E53: kilogram | F53: ecoinvent 3.10 cutoff | G53: technosphere | J53: (1,1,3,1,1)
A54: market for sodium sulfide | B54: sodium sulfide | C54: GLO | D54: 0.05 | E54: kilogram | F54: ecoinvent 3.10 cutoff | G54: technosphere | J54: (4,1,3,5,2)
A55: market for soda ash, dense | B55: soda ash, dense | C55: GLO | D55: 0.19 | E55: kilogram | F55: ecoinvent 3.10 cutoff | G55: technosphere | J55: (4,1,3,5,2)
A56: market for charcoal | B56: charcoal | C56: GLO | D56: 0.02 | E56: kilogram | F56: ecoinvent 3.10 cutoff | G56: technosphere | J56: (1,1,3,2,1)
A57: market for electricity, medium voltage | B57: electricity, medium voltage | C57: CN-SWG | D57: 477.95135 | E57: kilowatt hour | F57: ecoinvent 3.10 cutoff | G57: technosphere | J57: (1,1,3,2,1)
A58: market for hard coal | B58: hard coal | C58: CN | D58: 2.5701616 | E58: kilogram | F58: ecoinvent 3.10 cutoff | G58: technosphere | J58: (1,1,3,2,1)
A59: market for water, deionised | B59: water, deionised | C59: RoW | D59: 191.18054 | E59: kilogram | F59: ecoinvent 3.10 cutoff | G59: technosphere | J59: (1,1,3,2,1)
A60: market for transport, freight train | B60: transport, freight train | C60: CN | D60: 0.60158143 | E60: ton kilometer | F60: ecoinvent 3.10 cutoff | G60: technosphere | J60: (1,1,3,2,1)
A61: market for transport, freight, lorry 7.5-16 metric ton, EURO6 | B61: transport, freight, lorry 7.5-16 metric ton, EURO6 | C61: RoW | D61: 0.15039536 | E61: ton kilometer | F61: ecoinvent 3.10 cutoff | G61: technosphere | J61: (1,1,3,2,1)
A62: Suspended solids, unspecified | D62: 0.0075707494 | E62: kilogram | F62: biosphere3 | G62: biosphere | H62: water
A63: COD, Chemical Oxygen Demand | D63: 0.0081060549 | E63: kilogram | F63: biosphere3 | G63: biosphere | H63: water
A64: Ammonium | D64: 0.028677081 | E64: kilogram | F64: biosphere3 | G64: biosphere | H64: water
A65: Lead II | D65: 4.588333e-05 | E65: kilogram | F65: biosphere3 | G65: biosphere | H65: water
A66: Fluoride | D66: 0.0018544512 | E66: kilogram | F66: biosphere3 | G66: biosphere | H66: water
A67: Phosphorus | D67: 0.00027529998 | E67: kilogram | F67: biosphere3 | G67: biosphere | H67: water | O67: originally "Total Phosphorus"
A68: Oils, unspecified | D68: 0.0004588333 | E68: kilogram | F68: biosphere3 | G68: biosphere | H68: water
A69: Nitrogen | D69: 0.004588333 | E69: kilogram | F69: biosphere3 | G69: biosphere | H69: water | O69: originally "Total Nitrogen"
A70: Zinc II | D70: 0.00013764999 | E70: kilogram | F70: biosphere3 | G70: biosphere | H70: water | O70: originally "Total Zinc"
A71: Thorium-232 | D71: 0.012477025 | E71: kilo Becquerel | F71: biosphere3 | G71: biosphere | H71: water | O71: Calculated based on 3.07E-06 kg in Lee and Wen (2017), with the mass fraction of Th in thorium oxide being 0.8788, and assuming that 1 kg thorium oxide contains 3566 kBq of Th-232 (Zhang & Sun, 2005; IAEA, 2011).
A72: Uranium-238 | D72: 0.037963879 | E72: kilo Becquerel | F72: biosphere3 | G72: biosphere | H72: water | O72: Calculated based on 3.07E-06 kg in Lee and Wen (2017), with the mass fraction of U in uranium oxide being 0.8480, and assuming that 1 kg uranium oxide contains 10470 kBq of U-238 (IAEA, 2011).
A73: Cadmium II | D73: 7.3413327e-06 | E73: kilogram | F73: biosphere3 | G73: biosphere | H73: water
A74: Arsenic ion | D74: 1.6059165e-05 | E74: kilogram | F74: biosphere3 | G74: biosphere | H74: water
A75: Chromium III | D75: 9.1766659e-05 | E75: kilogram | F75: biosphere3 | G75: biosphere | H75: water
A76: Chromium VI | D76: 2.7529998e-05 | E76: kilogram | F76: biosphere3 | G76: biosphere | H76: water
A77: Particulate Matter, > 2.5 um and < 10um | D77: 0.002325269 | E77: kilogram | F77: biosphere3 | G77: biosphere | H77: air
A78: Carbon dioxide, fossil | D78: 1.2834656 | E78: kilogram | F78: biosphere3 | G78: biosphere | H78: air
A79: Sulfuric acid | D79: 0.0017923176 | E79: kilogram | F79: biosphere3 | G79: biosphere | H79: air
A80: Hydrochloric acid | D80: 0.0029238449 | E80: kilogram | F80: biosphere3 | G80: biosphere | H80: air
A81: Hydrogen fluoride | D81: 0.00059743919 | E81: kilogram | F81: biosphere3 | G81: biosphere | H81: air
A82: Dinitrogen monoxide | D82: 0.010894247 | E82: kilogram | F82: biosphere3 | G82: biosphere | H82: air
A83: Thorium | D83: 0.0001991464 | E83: kilogram | F83: biosphere3 | G83: biosphere | H83: air
A84: Uranium | D84: 0.00033778801 | E84: kilogram | F84: biosphere3 | G84: biosphere | H84: air
A86: Activity | B86: Bastnaesite ore mining and REO production in China/Sichuan
A87: reference product | B87: REO
A88: location | B88: CN-SWG
A89: amount | B89: 1
A90: unit | B90: kilogram
A91: comment | B91: n/a
A92: Exchanges
A93: name | B93: reference product | C93: location | D93: amount | E93: unit | F93: database | G93: type | H93: categories | I93: uncertainty type | J93: pedigree | K93: loc | L93: scale | M93: minimum | N93: maximum | O93: comment
A94: =B86 -> Bastnaesite ore mining and REO production in China/Sichuan | B94: =B87 -> REO | C94: =B88 -> CN-SWG | D94: 1 | E94: =B90 -> kilogram | F94: =F44 -> Rare Earths | G94: production
A95: =A44 -> [P] REO separation (Sichuan province) | B95: =B44 -> Separated REO mix (100%) | C95: =C44 -> CN-SWG | D95: 1 | E95: =E44 -> kilogram | F95: =F44 -> Rare Earths | G95: technosphere
A96: =A9 -> [M+C] Bastnaesite ore mining and concentration (Sichuan province) | B96: =B9 -> Concentrated Rare Earths oxides (REO) mixed (70%) | C96: =C9 -> CN-SWG | D96: 1.5931712 | E96: =E9 -> kilogram | F96: =F9 -> Rare Earths | G96: technosphere
A98: Activity | B98: Cerium oxide (CeO2) production in China/Sichuan
A99: reference product | B99: CeO2
A100: location | B100: CN-SWG
A101: amount | B101: 1
A102: unit | B102: kilogram
A103: comment | B103: Information about allocation to individual REO are provided in the "AllocationDetails" sheet.
...

Sheet PR2_REO_US_Mt.Pass_Bastnaesite
A1: Activity | B1: [M] Bastnaesite ore mining (Mountain Pass)
A2: reference product | B2: Bastnaesite ore
A3: location | B3: US-WECC
A4: amount | B4: 1
A5: unit | B5: kilogram
A6: comment | B6: n/a
A7: Exchanges
A8: name | B8: reference product | C8: location | D8: amount | E8: unit | F8: database | G8: type | H8: categories | I8: uncertainty type | J8: pedigree | K8: loc | L8: scale | M8: minimum | N8: maximum
A9: =B1 -> [M] Bastnaesite ore mining (Mountain Pass) | B9: =B2 -> Bastnaesite ore | C9: =B3 -> US-WECC | D9: 1 | E9: kilogram | F9: =RE_Market_GLO!B1 -> Rare Earths | G9: production
A10: market for diesel, burned in building machine | B10: diesel, burned in building machine | C10: GLO | D10: 0.22722401 | E10: megajoule | F10: ecoinvent 3.10 cutoff | G10: technosphere | J10: (4,1,2,5,4)
A11: market for explosive, tovex | B11: explosive, tovex | C11: GLO | D11: 0.00082529475 | E11: kilogram | F11: ecoinvent 3.10 cutoff | G11: technosphere | J11: (5,1,2,5,5)
A12: market for transport, freight, lorry >32 metric ton, EURO3 | B12: transport, freight, lorry >32 metric ton, EURO3 | C12: RoW | D12: 0.0016505895 | E12: ton kilometer | F12: ecoinvent 3.10 cutoff | G12: technosphere | J12: (1,1,2,1,1)
A13: market for mine infrastructure, iron | B13: mine infrastructure, iron | C13: GLO | D13: 1.3933548e-13 | E13: unit | F13: ecoinvent 3.10 cutoff | G13: technosphere | J13: (4,1,2,5,4)
A14: market for lubricating oil | B14: lubricating oil | C14: RoW | D14: 0.00013933548 | E14: kilogram | F14: ecoinvent 3.10 cutoff | G14: technosphere | J14: (4,1,2,5,4)
A15: market for wastewater, average | B15: wastewater, average | C15: RoW | D15: -3.1082529e-05 | E15: cubic meter | F15: ecoinvent 3.10 cutoff | G15: technosphere | J15: (1,1,2,1,1)
A16: market for non-sulfidic overburden, off-site | B16: non-sulfidic overburden, off-site | C16: GLO | D16: -7.6527331 | E16: kilogram | F16: ecoinvent 3.10 cutoff | G16: technosphere | J16: (1,1,2,1,1)
A17: treatment of hazardous waste, hazardous waste incineration | B17: hazardous waste, for incineration | C17: RoW | D17: -0.00013933548 | E17: kilogram | F17: ecoinvent 3.10 cutoff | G17: technosphere | J17: (5,1,2,5,5)
A18: Occupation, mineral extraction site | D18: 5.6377278e-05 | E18: square meter-year | F18: biosphere3 | G18: biosphere | H18: natural resource::land | J18: (1,1,2,1,1)
A19: Transformation, from unspecified | D19: 5.6377278e-05 | E19: square meter | F19: biosphere3 | G19: biosphere | H19: natural resource::land | J19: (1,1,2,1,1)
A20: Transformation, to mineral extraction site | D20: 5.6377278e-05 | E20: square meter | F20: biosphere3 | G20: biosphere | H20: natural resource::land | J20: (1,1,2,1,1)
A21: Particulate Matter, > 2.5 um and < 10um | D21: 0.0024866024 | E21: kilogram | F21: biosphere3 | G21: biosphere | H21: air | J21: (4,1,2,5,4)
A22: Thorium-232 | D22: 0.00018595927 | E22: kilo Becquerel | F22: biosphere3 | G22: biosphere | H22: air | J22: (4,1,2,1,1)
A23: Uranium-238 | D23: 0.00018595927 | E23: kilo Becquerel | F23: biosphere3 | G23: biosphere | H23: air | J23: (4,1,2,1,1)
A25: Activity | B25: [C] Bastnaesite ore crushing (Mountain Pass)
A26: reference product | B26: Crushed bastnaesite ore
A27: location | B27: US-WECC
A28: amount | B28: 1
A29: unit | B29: kilogram
A30: comment | B30: n/a
A31: Exchanges
A32: name | B32: reference product | C32: location | D32: amount | E32: unit | F32: database | G32: type | H32: categories | I32: uncertainty type | J32: pedigree | K32: loc | L32: scale | M32: minimum | N32: maximum
A33: =B25 -> [C] Bastnaesite ore crushing (Mountain Pass) | B33: =B26 -> Crushed bastnaesite ore | C33: =B27 -> US-WECC | D33: 1 | E33: kilogram | F33: =F9 -> Rare Earths | G33: production
A34: market for electricity, medium voltage | B34: electricity, medium voltage | C34: US-WECC | D34: 0.0015005359 | E34: kilowatt hour | F34: ecoinvent 3.10 cutoff | G34: technosphere | J34: (4,1,2,1,1)
A35: market for steel, low-alloyed | B35: steel, low-alloyed | C35: GLO | D35: 3.0332262e-05 | E35: kilogram | F35: ecoinvent 3.10 cutoff | G35: technosphere | J35: (4,1,2,1,1)
A36: market for transport, freight, lorry >32 metric ton, EURO3 | B36: transport, freight, lorry >32 metric ton, EURO3 | C36: RoW | D36: 1.039657e-05 | E36: ton kilometer | F36: ecoinvent 3.10 cutoff | G36: technosphere | J36: (1,1,2,1,1)
A37: Particulate Matter, > 2.5 um and < 10um | D37: 0.0015305466 | E37: kilogram | F37: biosphere3 | G37: biosphere | H37: air | J37: (1,1,2,1,1)
A38: Thorium-232 | D38: 0.00070578778 | E38: kilo Becquerel | F38: biosphere3 | G38: biosphere | H38: air | J38: (4,1,2,1,1)
A39: Uranium-238 | D39: 0.00070578778 | E39: kilo Becquerel | F39: biosphere3 | G39: biosphere | H39: air | J39: (4,1,2,1,1)
A41: Activity | B41: [C] Bastnaesite ore milling and flotation (Mountain Pass)
A42: reference product | B42: Concentrated Rare Earths oxides (REO) mixed
A43: location | B43: US-WECC
A44: amount | B44: 1
A45: unit | B45: kilogram
A46: comment | B46: n/a
A47: Exchanges
A48: name | B48: reference product | C48: location | D48: amount | E48: unit | F48: database | G48: type | H48: categories | I48: uncertainty type | J48: pedigree | K48: loc | L48: scale | M48: minimum | N48: maximum
A49: =B41 -> [C] Bastnaesite ore milling and flotation (Mountain Pass) | B49: =B42 -> Concentrated Rare Earths oxides (REO) mixed | C49: =B43 -> US-WECC | D49: 1 | E49: kilogram | F49: =F33 -> Rare Earths | G49: production
A50: market for electricity, medium voltage | B50: electricity, medium voltage | C50: US-WECC | D50: 0.78071334 | E50: kilowatt hour | F50: ecoinvent 3.10 cutoff | G50: technosphere | J50: (1,1,2,1,1)
A51: market for fatty acid | B51: fatty acid | C51: GLO | D51: 0.0018494055 | E51: kilogram | F51: ecoinvent 3.10 cutoff | G51: technosphere | J51: (1,1,2,1,1)
A52: market for chemical, inorganic | B52: chemical, inorganic | C52: GLO | D52: 0.0043593131 | E52: kilogram | F52: ecoinvent 3.10 cutoff | G52: technosphere | J52: (1,1,2,1,1)
A53: market for soda ash, dense | B53: soda ash, dense | C53: GLO | D53: 0.060766182 | E53: kilogram | F53: ecoinvent 3.10 cutoff | G53: technosphere | J53: (1,1,2,1,1)
A54: market for alkylbenzene sulfonate, linear, petrochemical | B54: alkylbenzene sulfonate, linear, petrochemical | C54: GLO | D54: 0.054161162 | E54: kilogram | F54: ecoinvent 3.10 cutoff | G54: technosphere | J54: (1,1,2,1,1)
A55: market for hydrochloric acid, without water, in 30% solution state | B55: hydrochloric acid, without water, in 30% solution state | C55: RoW | D55: 0.054161162 | E55: kilogram | F55: ecoinvent 3.10 cutoff | G55: technosphere | J55: (1,1,2,1,1)
A56: market for chemical, inorganic | B56: chemical, inorganic | C56: GLO | D56: 0.00092470277 | E56: kilogram | F56: ecoinvent 3.10 cutoff | G56: technosphere | J56: (1,1,2,1,1)
A57: market for lubricating oil | B57: lubricating oil | C57: RoW | D57: 0.002668428 | E57: kilogram | F57: ecoinvent 3.10 cutoff | G57: technosphere | J57: (1,1,2,1,1)
A58: market for aluminium hydroxide factory | B58: aluminium hydroxide factory | C58: GLO | D58: 7.9260238e-11 | E58: unit | F58: ecoinvent 3.10 cutoff | G58: technosphere | J58: (4,1,2,5,4)
A59: market for transport, freight, lorry >32 metric ton, EURO3 | B59: transport, freight, lorry >32 metric ton, EURO3 | C59: RoW | D59: 0.062087186 | E59: ton kilometer | F59: ecoinvent 3.10 cutoff | G59: technosphere | J59: (1,1,2,1,1)
A60: market for inert waste, for final disposal | B60: inert waste, for final disposal | C60: RoW | D60: -14.002642 | E60: kilogram | F60: ecoinvent 3.10 cutoff | G60: technosphere | J60: (1,1,2,1,1)
A61: Water, unspecified natural origin | D61: 0.0058784676 | E61: cubic meter | F61: biosphere3 | G61: biosphere | H61: natural resource::in ground | J61: (1,1,2,1,1)
A63: Activity | B63: [P] Cracking, separation and calcination of RE (Mountain Pass)
A64: reference product | B64: Separated REO mix
A65: location | B65: US-WECC
A66: amount | B66: 1
A67: unit | B67: kilogram
A68: comment | B68: n/a
A69: Exchanges
A70: name | B70: reference product | C70: location | D70: amount | E70: unit | F70: database | G70: type | H70: categories | I70: uncertainty type | J70: pedigree | K70: loc | L70: scale | M70: minimum | N70: maximum | O70: comment
A71: =B63 -> [P] Cracking, separation and calcination of RE (Mountain Pass) | B71: =B64 -> Separated REO mix | C71: =B65 -> US-WECC | D71: 1 | E71: =B67 -> kilogram | F71: =F49 -> Rare Earths | G71: production
A72: market for steam, in chemical industry | B72: steam, in chemical industry | C72: RoW | D72: 157.16814 | E72: kilogram | F72: ecoinvent 3.10 cutoff | G72: technosphere | J72: (1,1,2,1,1)
A73: market for chemical, inorganic | B73: chemical, inorganic | C73: GLO | D73: 1.9469027 | E73: kilogram | F73: ecoinvent 3.10 cutoff | G73: technosphere | J73: (1,1,2,1,1)
A74: market for electricity, medium voltage | B74: electricity, medium voltage | C74: US-WECC | D74: 5.380531 | E74: kilowatt hour | F74: ecoinvent 3.10 cutoff | G74: technosphere | J74: (1,1,2,1,1)
A75: market for chemical, inorganic | B75: chemical, inorganic | C75: GLO | D75: 0.013274336 | E75: kilogram | F75: ecoinvent 3.10 cutoff | G75: technosphere | J75: (4,1,2,1,1)
A76: market for chemical, organic | B76: chemical, organic | C76: GLO | D76: 0.55752212 | E76: kilogram | F76: ecoinvent 3.10 cutoff | G76: technosphere | J76: (4,1,2,1,1)
A77: market for kerosene | B77: kerosene | C77: RoW | D77: 0.30973451 | E77: kilogram | F77: ecoinvent 3.10 cutoff | G77: technosphere | J77: (4,1,2,1,1)
A78: market for chlorine, gaseous | B78: chlorine, gaseous | C78: RoW | D78: 1.6725664 | E78: kilogram | F78: ecoinvent 3.10 cutoff | G78: technosphere | J78: (1,1,2,1,1)
A79: market for sodium hydroxide, without water, in 50% solution state | B79: sodium hydroxide, without water, in 50% solution state | C79: RoW | D79: 1.8938053 | E79: kilogram | F79: ecoinvent 3.10 cutoff | G79: technosphere | J79: (1,1,2,1,1)
A80: market for hexane | B80: hexane | C80: GLO | D80: 0.061946903 | E80: kilogram | F80: ecoinvent 3.10 cutoff | G80: technosphere | J80: (4,1,2,1,1)
A81: market for phosphoric acid, industrial grade, without water, in 85% solution state | B81: phosphoric acid, industrial grade, without water, in 85% solution state | C81: GLO | D81: 0.061946903 | E81: kilogram | F81: ecoinvent 3.10 cutoff | G81: technosphere | J81: (4,1,2,1,1)
A82: market for soda ash, dense | B82: soda ash, dense | C82: GLO | D82: 2.699115 | E82: kilogram | F82: ecoinvent 3.10 cutoff | G82: technosphere | J82: (4,1,2,1,1)
A83: market for aluminium hydroxide factory | B83: aluminium hydroxide factory | C83: GLO | D83: 3.539823e-09 | E83: unit | F83: ecoinvent 3.10 cutoff | G83: technosphere | J83: (4,1,2,5,4)
... A86: market for inert waste, for final disposal | B86: inert waste, for final disposal | C86: RoW | D86: -1.8141593 | E86: kilogram | F86: ecoinvent 3.10 cutoff | G86: technosphere | J86: (1,1,2,1,1)
A87: Water, unspecified natural origin | D87: 0.067477876 | E87: cubic meter | F87: biosphere3 | G87: biosphere | H87: natural resource::in ground | J87: (1,1,2,1,1)
A88: Carbon dioxide, fossil | D88: 10.079646 | E88: kilogram | F88: biosphere3 | G88: biosphere | H88: air | J88: (1,1,2,1,1)
A90: Activity | B90: Bastnaesite ore mining and REO production in the US/Mt. Pass
A91: reference product | B91: REO
A92: location | B92: US-WECC
A93: amount | B93: 1
A94: unit | B94: kilogram
A95: comment | B95: n/a
A96: Exchanges
A97: name | B97: reference product | C97: location | D97: amount | E97: unit | F97: database | G97: type | H97: categories | I97: uncertainty type | J97: pedigree | K97: loc | L97: scale | M97: minimum | N97: maximum | O97: comment
A98: =B90 -> Bastnaesite ore mining and REO production in the US/Mt. Pass | B98: =B91 -> REO | C98: =B92 -> US-WECC | D98: 1 | E98: =B94 -> kilogram | F98: =F49 -> Rare Earths | G98: production
A99: =A71 -> [P] Cracking, separation and calcination of RE (Mountain Pass) | B99: =B71 -> Separated REO mix | C99: =C71 -> US-WECC | D99: 1 | E99: =E71 -> kilogram | F99: =F71 -> Rare Earths | G99: technosphere
A100: =A49 -> [C] Bastnaesite ore milling and flotation (Mountain Pass) | B100: =B49 -> Concentrated Rare Earths oxides (REO) mixed | C100: =C49 -> US-WECC | D100: 6.699115 | E100: =E49 -> kilogram | F100: =F49 -> Rare Earths | G100: technosphere
A101: =A33 -> [C] Bastnaesite ore crushing (Mountain Pass) | B101: =B33 -> Crushed bastnaesite ore | C101: =C33 -> US-WECC | D101: 82.566372 | E101: =E33 -> kilogram | F101: =F33 -> Rare Earths | G101: technosphere
A102: =A9 -> [M] Bastnaesite ore mining (Mountain Pass) | B102: =B9 -> Bastnaesite ore | C102: =C9 -> US-WECC | D102: 82.566372 | E102: =E9 -> kilogram | F102: =F9 -> Rare Earths | G102: technosphere
A104: Activity | B104: Cerium oxide (CeO2) production in the US/Mt. Pass
A105: reference product | B105: CeO2
A106: location | B106: US-WECC
A107: amount | B107: 1
...

Sheet PR3_REO_CN_BayanObo_Bast-Mona
A1: Activity | B1: [M] Bastnaesite-Monazite ore mining (Bayan Obo)
A2: reference product | B2: Bastnaesite-Monazite ore
A3: location | B3: CN
A4: amount | B4: 1
A5: unit | B5: kilogram
A6: comment | B6: n/a
A7: Exchanges
A8: name | B8: reference product | C8: location | D8: amount | E8: unit | F8: database | G8: type | H8: categories | I8: uncertainty type | J8: pedigree | K8: loc | L8: scale | M8: minimum | N8: maximum | O8: comment
A9: =B1 -> [M] Bastnaesite-Monazite ore mining (Bayan Obo) | B9: =B2 -> Bastnaesite-Monazite ore | C9: =B3 -> CN | D9: 1 | E9: kilogram | F9: =RE_Market_GLO!B1 -> Rare Earths | G9: production
A10: market for blasting | B10: blasting | C10: GLO | D10: 0.000168 | E10: kilogram | F10: ecoinvent 3.10 cutoff | G10: technosphere
A11: market for diesel, burned in building machine | B11: diesel, burned in building machine | C11: GLO | D11: 0.0158 | E11: megajoule | F11: ecoinvent 3.10 cutoff | G11: technosphere
A12: diesel, burned in diesel-electric generating set, 10MW | B12: diesel, burned in diesel-electric generating set, 10MW | C12: GLO | D12: 0.00088380837 | E12: megajoule | F12: ecoinvent 3.10 cutoff | G12: technosphere
A13: market for mine infrastructure, iron | B13: mine infrastructure, iron | C13: GLO | D13: 3.65e-16 | E13: unit | F13: ecoinvent 3.10 cutoff | G13: technosphere
A14: market for recultivation, iron mine | B14: recultivation, iron mine | C14: GLO | D14: 4.13e-06 | E14: square meter | F14: ecoinvent 3.10 cutoff | G14: technosphere
A15: Cerium | D15: 0.016516147 | E15: kilogram | F15: biosphere3 | G15: biosphere | H15: natural resource::in ground
A16: Dysprosium | D16: 3.4852715e-06 | E16: kilogram | F16: biosphere3 | G16: biosphere | H16: natural resource::in ground
A17: Erbium | D17: 3.4980793e-06 | E17: kilogram | F17: biosphere3 | G17: biosphere | H17: natural resource::in ground
A18: Europium | D18: 6.2180128e-05 | E18: kilogram | F18: biosphere3 | G18: biosphere | H18: natural resource::in ground
A19: Gadolinium | D19: 0.00024292534 | E19: kilogram | F19: biosphere3 | G19: biosphere | H19: natural resource::in ground
A20: Heat, waste | D20: 0.00513 | E20: megajoule | F20: biosphere3 | G20: biosphere | H20: air::non-urban air or from high stacks
A21: Holmium | D21: 3.4918928e-06 | E21: kilogram | F21: biosphere3 | G21: biosphere | H21: natural resource::in ground
A22: Iron | D22: 0.3 | E22: kilogram | F22: biosphere3 | G22: biosphere | H22: natural resource::in ground
A23: Lanthanum | D23: 0.0085268001 | E23: kilogram | F23: biosphere3 | G23: biosphere | H23: natural resource::in ground
A24: Lutetium | D24: 3.5175238e-06 | E24: kilogram | F24: biosphere3 | G24: biosphere | H24: natural resource::in ground
A25: Neodymium | D25: 0.0056928235 | E25: kilogram | F25: biosphere3 | G25: biosphere | H25: natural resource::in ground
A26: Niobium | D26: 0.0013 | E26: kilogram | F26: biosphere3 | G26: biosphere | H26: natural resource::in ground
... A47: Yttrium | D47: 0.00013543964 | E47: kilogram | F47: biosphere3 | G47: biosphere | H47: natural resource::in ground
A49: Activity | B49: [C] Bastnaesite-Monazite ore concentration (Bayan Obo)
A50: reference product | B50: Rare Earths (RE) concentrate
A51: location | B51: CN
A52: amount | B52: 1
A53: unit | B53: kilogram
A54: comment | B54: Allocated unit process, considering as allocation factors (AF): 91% for RE (1 kg) and 9% for Fe (10.3 kg ore).
A55: Exchanges
A56: name | B56: reference product | C56: location | D56: amount | E56: unit | F56: database | G56: type | H56: categories | I56: uncertainty type | J56: pedigree | K56: loc | L56: scale | M56: minimum | N56: maximum | O56: comment
A57: =B49 -> [C] Bastnaesite-Monazite ore concentration (Bayan Obo) | B57: =B50 -> Rare Earths (RE) concentrate | C57: =B51 -> CN | D57: 1 | E57: kilogram | F57: =F9 -> Rare Earths | G57: production
A58: =A175 -> Production of ammonium hydroxide (10% mass) | B58: =B175 -> ammonium hydroxide (10%) | C58: =C175 -> CN | D58: 0.070399191 | E58: =E175 -> kilogram | F58: =F175 -> Rare Earths | G58: technosphere
A59: market for heat, from steam, in chemical industry | B59: heat, from steam, in chemical industry | C59: RoW | D59: 2.9657531 | E59: megajoule | F59: ecoinvent 3.10 cutoff | G59: technosphere
A60: market group for electricity, medium voltage | B60: electricity, medium voltage | C60: CN | D60: 0.49878576 | E60: kilowatt hour | F60: ecoinvent 3.10 cutoff | G60: technosphere
A61: market for water, deionised | B61: water, deionised | C61: RoW | D61: 26.098628 | E61: kilogram | F61: ecoinvent 3.10 cutoff | G61: technosphere
A62: sodium silicate production, spray powder, 80% | B62: sodium silicate, spray powder, 80% | C62: RoW | D62: 0.10185415 | E62: kilogram | F62: ecoinvent 3.10 cutoff | G62: technosphere
A63: transport, freight train, diesel | B63: transport, freight train | C63: CN | D63: 2.2767398 | E63: ton kilometer | F63: ecoinvent 3.10 cutoff | G63: technosphere
A64: transport, freight, lorry 16-32 metric ton, EURO5 | B64: transport, freight, lorry 16-32 metric ton, EURO5 | C64: RoW | D64: 0.4538501 | E64: ton kilometer | F64: ecoinvent 3.10 cutoff | G64: technosphere
A65: Ammonium | D65: 0.00060090952 | E65: kilogram | F65: biosphere3 | G65: biosphere | H65: water
A66: Arsenic ion | D66: 6.8077515e-06 | E66: kilogram | F66: biosphere3 | G66: biosphere | H66: water
A67: BOD5, Biological Oxygen Demand | D67: 0.0023516325 | E67: kilogram | F67: biosphere3 | G67: biosphere | H67: water
A68: COD, Chemical Oxygen Demand | D68: 0.0034031268 | E68: kilogram | F68: biosphere3 | G68: biosphere | H68: water
A69: Cadmium II | D69: 1.8154004e-06 | E69: kilogram | F69: biosphere3 | G69: biosphere | H69: water
A70: Chromium VI | D70: 6.8077515e-06 | E70: kilogram | F70: biosphere3 | G70: biosphere | H70: water
A71: Chromium III | D71: 2.2695501e-05 | E71: kilogram | F71: biosphere3 | G71: biosphere | H71: water
A72: Copper ion | D72: 7.8637394e-06 | E72: kilogram | F72: biosphere3 | G72: biosphere | H72: water
A73: Cyanide | D73: 1.5727479e-05 | E73: kilogram | F73: biosphere3 | G73: biosphere | H73: water
A74: DOC, Dissolved Organic Carbon | D74: 8.5078171e-05 | E74: kilogram | F74: biosphere3 | G74: biosphere | H74: water
A75: Fluoride | D75: 0.00034041753 | E75: kilogram | F75: biosphere3 | G75: biosphere | H75: water
A76: Heat, waste | D76: 1.8273833 | E76: megajoule | F76: biosphere3 | G76: biosphere | H76: air::low population density, long-term
... A93: Zinc II | D93: 3.4041753e-05 | E93: kilogram | F93: biosphere3 | G93: biosphere | H93: water
A95: Activity | B95: [P] Roasting (Bayan Obo)
A96: reference product | B96: RE sulfate
A97: location | B97: CN
A98: amount | B98: 1
A99: unit | B99: kilogram
A100: comment | B100: n/a
A101: Exchanges
A102: name | B102: reference product | C102: location | D102: amount | E102: unit | F102: database | G102: type | H102: categories | I102: uncertainty type | J102: pedigree | K102: loc | L102: scale | M102: minimum | N102: maximum | O102: comment
A103: =B95 -> [P] Roasting (Bayan Obo) | B103: =B96 -> RE sulfate | C103: =B97 -> CN | D103: 1 | E103: kilogram | F103: =F57 -> Rare Earths | G103: production
A104: heat production, heavy fuel oil, at industrial furnace 1MW | B104: heat, district or industrial, other than natural gas | C104: RoW | D104: 6.59 | E104: megajoule | F104: ecoinvent 3.10 cutoff | G104: technosphere
A105: sulfuric acid production | B105: sulfuric acid | C105: RoW | D105: 1.55 | E105: kilogram | F105: ecoinvent 3.10 cutoff | G105: technosphere
A106: treatment of sulfidic tailings, generic, tailings impoundment | B106: sulfidic tailings, generic | C106: GLO | D106: -0.505 | E106: kilogram | F106: ecoinvent 3.10 cutoff | G106: technosphere
A107: market for transport, freight train | B107: transport, freight train | C107: CN | D107: 3.08 | E107: ton kilometer | F107: ecoinvent 3.10 cutoff | G107: technosphere
A108: market for transport, freight, lorry 16-32 metric ton, EURO5 | B108: transport, freight, lorry 16-32 metric ton, EURO5 | C108: RoW | D108: 0.171 | E108: ton kilometer | F108: ecoinvent 3.10 cutoff | G108: technosphere
A109: Carbon dioxide, fossil | D109: 0.154 | E109: kilogram | F109: biosphere3 | G109: biosphere | H109: air::urban air close to ground
A110: Hydrogen fluoride | D110: 0.0245 | E110: kilogram | F110: biosphere3 | G110: biosphere | H110: air
A111: Sulfur dioxide | D111: 0.00911 | E111: kilogram | F111: biosphere3 | G111: biosphere | H111: air::non-urban air or from high stacks
A113: Activity | B113: [P] Leaching (Bayan Obo)
A114: reference product | B114: RE chloride
A115: location | B115: CN
A116: amount | B116: 1
A117: unit | B117: kilogram
A118: comment | B118: n/a
A119: Exchanges
A120: name | B120: reference product | C120: location | D120: amount | E120: unit | F120: database | G120: type | H120: categories | I120: uncertainty type | J120: pedigree | K120: loc | L120: scale | M120: minimum | N120: maximum | O120: comment
A121: =B113 -> [P] Leaching (Bayan Obo) | B121: =B114 -> RE chloride | C121: =B115 -> CN | D121: 1 | E121: kilogram | F121: =F103 -> Rare Earths | G121: production
A122: market for hydrochloric acid, without water, in 30% solution state | B122: hydrochloric acid, without water, in 30% solution state | C122: RoW | D122: 1 | E122: kilogram | F122: ecoinvent 3.10 cutoff | G122: technosphere
A123: market for transport, freight train | B123: transport, freight train | C123: CN | D123: 9.54 | E123: ton kilometer | F123: ecoinvent 3.10 cutoff | G123: technosphere
A124: market for transport, freight, lorry 16-32 metric ton, EURO5 | B124: transport, freight, lorry 16-32 metric ton, EURO5 | C124: RoW | D124: 0.53 | E124: ton kilometer | F124: ecoinvent 3.10 cutoff | G124: technosphere
A125: soda production, solvay process | B125: soda ash, light | C125: RoW | D125: 1 | E125: kilogram | F125: ecoinvent 3.10 cutoff | G125: technosphere
A126: Water, unspecified natural origin | D126: 0.00756 | E126: cubic meter | F126: biosphere3 | G126: biosphere | H126: natural resource::in water
A128: Activity | B128: [P] Solvent extraction (Bayan Obo)
A129: reference product | B129: Separated RE oxides (REO) mix
A130: location | B130: CN
A131: amount | B131: 1
A132: unit | B132: kilogram
A133: comment | B133: n/a
A134: Exchanges
A135: name | B135: reference product | C135: location | D135: amount | E135: unit | F135: database | G135: type | H135: categories | I135: uncertainty type | J135: pedigree | K135: loc | L135: scale | M135: minimum | N135: maximum | O135: comment
A136: =B128 -> [P] Solvent extraction (Bayan Obo) | B136: =B129 -> Separated RE oxides (REO) mix | C136: =B130 -> CN | D136: 1 | E136: kilogram | F136: =F121 -> Rare Earths | G136: production
A137: =A189 -> Production of P204 | B137: =B189 -> P204 extractant | C137: =C189 -> CN | D137: 0.005 | E137: =E189 -> kilogram | F137: =F189 -> Rare Earths | G137: technosphere
A138: market for activated carbon, granular | B138: activated carbon, granular | C138: GLO | D138: 0.040909835 | E138: kilogram | F138: ecoinvent 3.10 cutoff | G138: technosphere
A139: market for ammonia, anhydrous, liquid | B139: ammonia, anhydrous, liquid | C139: CN | D139: 0.6 | E139: kilogram | F139: ecoinvent 3.10 cutoff | G139: technosphere
A140: market for ammonium bicarbonate | B140: ammonium bicarbonate | C140: RoW | D140: 1.6 | E140: kilogram | F140: ecoinvent 3.10 cutoff | G140: technosphere
...

Sheet PR4_REO_AU-MY_MtWeld_Monazite
A1: Activity | B1: [M] Monazite ore mining (Mt. Weld)
A2: reference product | B2: Monazite ore
A3: location | B3: AU
A4: amount | B4: 1
A5: unit | B5: kilogram
A6: comment | B6: n/a
A7: Exchanges
A8: name | B8: reference product | C8: location | D8: amount | E8: unit | F8: database | G8: type | H8: categories | I8: uncertainty type | J8: pedigree | K8: loc | L8: scale | M8: minimum | N8: maximum | O8: comment
A9: =B1 -> [M] Monazite ore mining (Mt. Weld) | B9: =B2 -> Monazite ore | C9: =B3 -> AU | D9: 1 | E9: kilogram | F9: =RE_Market_GLO!B1 -> Rare Earths | G9: production
A10: diesel, burned in diesel-electric generating set, 10MW | B10: diesel, burned in diesel-electric generating set, 10MW | C10: GLO | D10: 0.010070761 | E10: megajoule | F10: ecoinvent 3.10 cutoff | G10: technosphere
A11: lubricating oil production | B11: lubricating oil | C11: RoW | D11: 9.0634441e-05 | E11: kilogram | F11: ecoinvent 3.10 cutoff | G11: technosphere
A12: market for blasting | B12: blasting | C12: GLO | D12: 0.00053247152 | E12: kilogram | F12: ecoinvent 3.10 cutoff | G12: technosphere
A13: market for diesel, burned in building machine | B13: diesel, burned in building machine | C13: GLO | D13: 0.05015024 | E13: megajoule | F13: ecoinvent 3.10 cutoff | G13: technosphere
A14: market for recultivation, iron mine | B14: recultivation, iron mine | C14: GLO | D14: 2.3504532e-09 | E14: square meter | F14: ecoinvent 3.10 cutoff | G14: technosphere
A15: market for transport, freight train | B15: transport, freight train | C15: RoW | D15: 0.0023867069 | E15: ton kilometer | F15: ecoinvent 3.10 cutoff | G15: technosphere
A16: market for transport, freight, lorry 16-32 metric ton, EURO5 | B16: transport, freight, lorry 16-32 metric ton, EURO5 | C16: RoW | D16: 0.0014501511 | E16: ton kilometer | F16: ecoinvent 3.10 cutoff | G16: technosphere
A17: mine construction, iron | B17: mine infrastructure, iron | C17: GLO | D17: 2.9305136e-14 | E17: unit | F17: ecoinvent 3.10 cutoff | G17: technosphere
A18: treatment of wastewater from pig iron production, wastewater treatment | B18: wastewater from pig iron production | C18: RoW | D18: -0.0023746224 | E18: cubic meter | F18: ecoinvent 3.10 cutoff | G18: technosphere
A19: treatment of waste mineral oil, hazardous waste incineration | B19: waste mineral oil | C19: RoW | D19: -9.0634441e-05 | E19: kilogram | F19: ecoinvent 3.10 cutoff | G19: technosphere
A20: Cerium | D20: 0.059516616 | E20: kilogram | F20: biosphere3 | G20: biosphere | H20: natural resource::in ground
A21: Dysprosium | D21: 0.00033534743 | E21: kilogram | F21: biosphere3 | G21: biosphere | H21: natural resource::in ground
A22: Erbium | D22: 8.0664653e-05 | E22: kilogram | F22: biosphere3 | G22: biosphere | H22: natural resource::in ground
A23: Europium | D23: 0.00070392749 | E23: kilogram | F23: biosphere3 | G23: biosphere | H23: natural resource::in ground
A24: Gadolinium | D24: 0.0014561934 | E24: kilogram | F24: biosphere3 | G24: biosphere | H24: natural resource::in ground
A25: Holmium | D25: 4.0181269e-05 | E25: kilogram | F25: biosphere3 | G25: biosphere | H25: natural resource::in ground
A26: Iron | D26: 0.24374979 | E26: kilogram | F26: biosphere3 | G26: biosphere | H26: natural resource::in ground
A27: Lanthanum | D27: 0.03141994 | E27: kilogram | F27: biosphere3 | G27: biosphere | H27: natural resource::in ground
A28: Neodymium | D28: 0.023927492 | E28: kilogram | F28: biosphere3 | G28: biosphere | H28: natural resource::in ground
A29: Niobium | D29: 0.0133 | E29: kilogram | F29: biosphere3 | G29: biosphere | H29: natural resource::in ground
A30: Occupation, mineral extraction site | D30: 1.8688754e-07 | E30: square meter-year | F30: biosphere3 | G30: biosphere | H30: natural resource::land
A31: Particulate Matter, < 2.5 um | D31: 6.7371601e-06 | E31: kilogram | F31: biosphere3 | G31: biosphere | H31: air::low population density, long-term
... A45: Yttrium | D45: 0.00092145015 | E45: kilogram | F45: biosphere3 | G45: biosphere | H45: natural resource::in ground
A47: Activity | B47: [C] Monazite ore crushing and milling (Mt. Weld)
A48: reference product | B48: Monazite ore pulp
A49: location | B49: AU
A50: amount | B50: 1
A51: unit | B51: kilogram
A52: comment | B52: n/a
A53: Exchanges
A54: name | B54: reference product | C54: location | D54: amount | E54: unit | F54: database | G54: type | H54: categories | I54: uncertainty type | J54: pedigree | K54: loc | L54: scale | M54: minimum | N54: maximum | O54: comment
A55: =B47 -> [C] Monazite ore crushing and milling (Mt. Weld) | B55: =B48 -> Monazite ore pulp | C55: =B49 -> AU | D55: 1 | E55: kilogram | F55: =F9 -> Rare Earths | G55: production
A56: market for electricity, medium voltage | B56: electricity, medium voltage | C56: AU | D56: 0.0086864407 | E56: kilowatt hour | F56: ecoinvent 3.10 cutoff | G56: technosphere
A57: market for steel, unalloyed | B57: steel, unalloyed | C57: GLO | D57: 0.00039788136 | E57: kilogram | F57: ecoinvent 3.10 cutoff | G57: technosphere
A58: market for transport, freight, lorry 16-32 metric ton, EURO5 | B58: transport, freight, lorry 16-32 metric ton, EURO5 | C58: RoW | D58: 0.00075423729 | E58: ton kilometer | F58: ecoinvent 3.10 cutoff | G58: technosphere
A59: market for water, deionised | B59: water, deionised | C59: RoW | D59: 0.65010593 | E59: kilogram | F59: ecoinvent 3.10 cutoff | G59: technosphere
A60: Particulate Matter, < 2.5 um | D60: 0.00053601695 | E60: kilogram | F60: biosphere3 | G60: biosphere | H60: air::low population density, long-term
A61: Uranium-238 | D61: 0.0016038136 | E61: kilo Becquerel | F61: biosphere3 | G61: biosphere | H61: air::low population density, long-term
A62: Water, unspecified natural origin | D62: 0.00065010593 | E62: cubic meter | F62: biosphere3 | G62: biosphere | H62: natural resource::in water
A64: Activity | B64: [C] Flotation (Mt. Weld)
A65: reference product | B65: Rare Earths (RE) concentrate
A66: location | B66: AU
A67: amount | B67: 1
A68: unit | B68: kilogram
A69: comment | B69: n/a
A70: Exchanges
A71: name | B71: reference product | C71: location | D71: amount | E71: unit | F71: database | G71: type | H71: categories | I71: uncertainty type | J71: pedigree | K71: loc | L71: scale | M71: minimum | N71: maximum | O71: comment
A72: =B64 -> [C] Flotation (Mt. Weld) | B72: =B65 -> Rare Earths (RE) concentrate | C72: =B66 -> AU | D72: 1 | E72: kilogram | F72: =F55 -> Rare Earths | G72: production
A73: =A178 -> Tailings from beneficiation | B73: =B178 -> Tailings | C73: =C178 -> AU | D73: 17.931034 | E73: =E178 -> kilogram | F73: =F178 -> Rare Earths | G73: technosphere
A74: aluminium hydroxide factory construction | B74: aluminium hydroxide factory | C74: RoW | D74: 1.2068966e-11 | E74: unit | F74: ecoinvent 3.10 cutoff | G74: technosphere
A75: market for chemical, inorganic | B75: chemical, inorganic | C75: GLO | D75: 0.017068966 | E75: kilogram | F75: ecoinvent 3.10 cutoff | G75: technosphere
A76: market for electricity, medium voltage | B76: electricity, medium voltage | C76: AU | D76: 0.05387931 | E76: kilowatt hour | F76: ecoinvent 3.10 cutoff | G76: technosphere
A77: market for fatty acid | B77: fatty acid | C77: GLO | D77: 0.0069827586 | E77: kilogram | F77: ecoinvent 3.10 cutoff | G77: technosphere
A78: market for fluosilicic acid, without water, in 22% solution state | B78: fluosilicic acid, without water, in 22% solution state | C78: GLO | D78: 0.0069827586 | E78: kilogram | F78: ecoinvent 3.10 cutoff | G78: technosphere
A79: market for lime | B79: lime | C79: RoW | D79: 0.0034482759 | E79: kilogram | F79: ecoinvent 3.10 cutoff | G79: technosphere
A80: market for sodium hydroxide, without water, in 50% solution state | B80: sodium hydroxide, without water, in 50% solution state | C80: RoW | D80: 0.0028448276 | E80: kilogram | F80: ecoinvent 3.10 cutoff | G80: technosphere
A81: market for sodium silicate, spray powder, 80% | B81: sodium silicate, spray powder, 80% | C81: RoW | D81: 0.0022413793 | E81: kilogram | F81: ecoinvent 3.10 cutoff | G81: technosphere
A82: market for transport, freight train | B82: transport, freight train | C82: RoW | D82: 0.027413793 | E82: ton kilometer | F82: ecoinvent 3.10 cutoff | G82: technosphere
A83: market for transport, freight, lorry 16-32 metric ton, EURO5 | B83: transport, freight, lorry 16-32 metric ton, EURO5 | C83: RoW | D83: 0.016896552 | E83: ton kilometer | F83: ecoinvent 3.10 cutoff | G83: technosphere
A84: market for water, deionised | B84: water, deionised | C84: RoW | D84: 12.853448 | E84: kilogram | F84: ecoinvent 3.10 cutoff | G84: technosphere
A86: Activity | B86: [P] Roasting (Malaysia)
A87: reference product | B87: RE sulfate
A88: location | B88: MY
A89: amount | B89: 1
A90: unit | B90: kilogram
A91: comment | B91: n/a
A92: Exchanges
A93: name | B93: reference product | C93: location | D93: amount | E93: unit | F93: database | G93: type | H93: categories | I93: uncertainty type | J93: pedigree | K93: loc | L93: scale | M93: minimum | N93: maximum | O93: comment
A94: =B86 -> [P] Roasting (Malaysia) | B94: =B87 -> RE sulfate | C94: =B88 -> MY | D94: 1 | E94: kilogram | F94: =F55 -> Rare Earths | G94: production
A95: =A163 -> Discharge of leaching sludge | B95: =B163 -> Leaching sludge | C95: =C163 -> AU | D95: 0.74033613 | E95: =E163 -> kilogram | F95: =F163 -> Rare Earths | G95: technosphere
A96: aluminium oxide factory construction | B96: aluminium oxide factory | C96: RoW | D96: 5.0420168e-12 | E96: unit | F96: ecoinvent 3.10 cutoff | G96: technosphere
A97: heat production, natural gas, at industrial furnace >100kW | B97: heat, district or industrial, natural gas | C97: RoW | D97: 5.0168067 | E97: megajoule | F97: ecoinvent 3.10 cutoff | G97: technosphere
A98: market for electricity, medium voltage | B98: electricity, medium voltage | C98: AU | D98: 0.070588235 | E98: kilowatt hour | F98: ecoinvent 3.10 cutoff | G98: technosphere
A99: market for lime, hydrated, loose weight | B99: lime, hydrated, loose weight | C99: RoW | D99: 0.38151261 | E99: kilogram | F99: ecoinvent 3.10 cutoff | G99: technosphere
A100: market for sulfuric acid | B100: sulfuric acid | C100: RoW | D100: 0.72941176 | E100: kilogram | F100: ecoinvent 3.10 cutoff | G100: technosphere
A101: market for transport, freight train | B101: transport, freight train | C101: RoW | D101: 0.83529412 | E101: ton kilometer | F101: ecoinvent 3.10 cutoff | G101: technosphere
A102: market for transport, freight, lorry 16-32 metric ton, EURO3 | B102: transport, freight, lorry 16-32 metric ton, EURO3 | C102: RoW | D102: 0.15378151 | E102: ton kilometer | F102: ecoinvent 3.10 cutoff | G102: technosphere
A103: market for transport, freight, sea, container ship | B103: transport, freight, sea, container ship | C103: GLO | D103: 4.2327731 | E103: ton kilometer | F103: ecoinvent 3.10 cutoff | G103: technosphere
A104: Hydrogen fluoride | D104: 0.00024705882 | E104: kilogram | F104: biosphere3 | G104: biosphere | H104: air::low population density, long-term
A105: Particulate Matter, > 10 um | D105: 0.0005 | E105: kilogram | F105: biosphere3 | G105: biosphere | H105: air::low population density, long-term
A106: Phosphoric acid | D106: 0.0009907563 | E106: kilogram | F106: biosphere3 | G106: biosphere | H106: air::low population density, long-term
A107: Sulfur dioxide | D107: 0.0024596639 | E107: kilogram | F107: biosphere3 | G107: biosphere | H107: air::low population density, long-term
A108: Sulfuric acid | D108: 0.00024621849 | E108: kilogram | F108: biosphere3 | G108: biosphere | H108: air::low population density, long-term
A110: Activity | B110: [P] Leaching (Malaysia)
A111: reference product | B111: RE chloride
A112: location | B112: MY
A113: amount | B113: 1
A114: unit | B114: kilogram
A115: comment | B115: n/a
A116: Exchanges
A117: name | B117: reference product | C117: location | D117: amount | E117: unit | F117: database | G117: type | H117: categories | I117: uncertainty type | J117: pedigree | K117: loc | L117: scale | M117: minimum | N117: maximum | O117: comment
...

Sheet PR5_REO_CN_IAC
A1: Activity | B1: [M+C] Mining and in situ leaching from ion adsorption clay (IAC) deposits
A2: reference product | B2: Rare Earths (RE) concentrate
A3: location | B3: CN
A4: amount | B4: 1
A5: unit | B5: kilogram
A6: comment | B6: n/a
A7: Exchanges
A8: name | B8: reference product | C8: location | D8: amount | E8: unit | F8: database | G8: type | H8: categories | I8: uncertainty type | J8: pedigree | K8: loc | L8: scale | M8: minimum | N8: maximum | O8: comment
A9: =B1 -> [M+C] Mining and in situ leaching from ion adsorption clay (IAC) deposits | B9: =B2 -> Rare Earths (RE) concentrate | C9: =B3 -> CN | D9: 1 | E9: kilogram | F9: =RE_Market_GLO!B1 -> Rare Earths | G9: production
A10: ammonium bicarbonate production | B10: ammonium bicarbonate | C10: RoW | D10: 3.35 | E10: kilogram | F10: ecoinvent 3.10 cutoff | G10: technosphere
A11: ammonium sulfate production | B11: ammonium sulfate | C11: RoW | D11: 38.915248 | E11: kilogram | F11: ecoinvent 3.10 cutoff | G11: technosphere
A12: excavation, hydraulic digger | B12: excavation, hydraulic digger | C12: RoW | D12: 1.15 | E12: cubic meter | F12: ecoinvent 3.10 cutoff | G12: technosphere
A13: extrusion, plastic pipes | B13: extrusion, plastic pipes | C13: RoW | D13: 0.101 | E13: kilogram | F13: ecoinvent 3.10 cutoff | G13: technosphere
A14: heat production, heavy fuel oil, at industrial furnace 1MW | B14: heat, district or industrial, other than natural gas | C14: RoW | D14: 24.3 | E14: megajoule | F14: ecoinvent 3.10 cutoff | G14: technosphere
A15: market for limestone, crushed, for mill | B15: limestone, crushed, for mill | C15: RoW | D15: 0.005 | E15: kilogram | F15: ecoinvent 3.10 cutoff | G15: technosphere
A16: market for water, deionised | B16: water, deionised | C16: RoW | D16: 1000 | E16: kilogram | F16: ecoinvent 3.10 cutoff | G16: technosphere
A17: market group for electricity, medium voltage | B17: electricity, medium voltage | C17: CN | D17: 2.915 | E17: kilowatt hour | F17: ecoinvent 3.10 cutoff | G17: technosphere
A18: polyvinylchloride production, suspension polymerisation | B18: polyvinylchloride, suspension polymerised | C18: RoW | D18: 0.096 | E18: kilogram | F18: ecoinvent 3.10 cutoff | G18: technosphere
A19: sulfuric acid production | B19: sulfuric acid | C19: RoW | D19: 0.525 | E19: kilogram | F19: ecoinvent 3.10 cutoff | G19: technosphere
A20: Aluminium III | D20: 0.004 | E20: kilogram | F20: biosphere3 | G20: biosphere | H20: water
A21: Ammonium | D21: 0.34 | E21: kilogram | F21: biosphere3 | G21: biosphere | H21: water
A22: Carbon dioxide, fossil | D22: 0.95 | E22: kilogram | F22: biosphere3 | G22: biosphere | H22: air
A23: Cerium | D23: 0.060632744 | E23: kilogram | F23: biosphere3 | G23: biosphere | H23: natural resource::in ground
A24: Dysprosium | D24: 0.074537369 | E24: kilogram | F24: biosphere3 | G24: biosphere | H24: natural resource::in ground
A25: Erbium | D25: 0.050003166 | E25: kilogram | F25: biosphere3 | G25: biosphere | H25: natural resource::in ground
A26: Europium | D26: 0.018518857 | E26: kilogram | F26: biosphere3 | G26: biosphere | H26: natural resource::in ground
A27: Gadolinium | D27: 0.11922908 | E27: kilogram | F27: biosphere3 | G27: biosphere | H27: natural resource::in ground
A28: Holmium | D28: 0.014895533 | E28: kilogram | F28: biosphere3 | G28: biosphere | H28: natural resource::in ground
A29: Kaolinite | D29: 766.07269 | E29: kilogram | F29: biosphere3 | G29: biosphere | H29: natural resource::in ground
A30: Lanthanum | D30: 0.5418781 | E30: kilogram | F30: biosphere3 | G30: biosphere | H30: natural resource::in ground
A31: Lutetium | D31: 0.004258212 | E31: kilogram | F31: biosphere3 | G31: biosphere | H31: natural resource::in ground
... A46: Yttrium | D46: 0.44048587 | E46: kilogram | F46: biosphere3 | G46: biosphere | H46: natural resource::in ground
A48: Activity | B48: [P] Solvent extraction and calcination (IAC)
A49: reference product | B49: Separated RE oxides (REO) mix
A50: location | B50: CN
A51: amount | B51: 1
A52: unit | B52: kilogram
A53: comment | B53: n/a
A54: Exchanges
A55: name | B55: reference product | C55: location | D55: amount | E55: unit | F55: database | G55: type | H55: categories | I55: uncertainty type | J55: pedigree | K55: loc | L55: scale | M55: minimum | N55: maximum | O55: comment
A56: =B48 -> [P] Solvent extraction and calcination (IAC) | B56: =B49 -> Separated RE oxides (REO) mix | C56: =B50 -> CN | D56: 1 | E56: kilogram | F56: =F9 -> Rare Earths | G56: production
A57: ='PR3_REO_CN_BayanObo_Bast-Mona'!A189 -> Production of P204 | B57: ='PR3_REO_CN_BayanObo_Bast-Mona'!B189 -> P204 extractant | C57: ='PR3_REO_CN_BayanObo_Bast-Mona'!C189 -> CN | D57: 0.0253 | E57: ='PR3_REO_CN_BayanObo_Bast-Mona'!E189 -> kilogram | F57: ='PR3_REO_CN_BayanObo_Bast-Mona'!F189 -> Rare Earths | G57: technosphere
A58: =A92 -> Production of heat for the calcination of rare earth oxalates | B58: =B92 -> Heat for the calcination of rare earth oxalates | C58: =C92 -> CN | D58: 12.035577 | E58: =E92 -> megajoule | F58: =F92 -> Rare Earths | G58: technosphere
A59: market for hazardous waste, for underground deposit | B59: hazardous waste, for underground deposit | C59: RoW | D59: -0.002687386 | E59: kilogram | F59: ecoinvent 3.10 cutoff | G59: technosphere
A60: market for municipal solid waste | B60: municipal solid waste | C60: RoW | D60: -0.005301645 | E60: kilogram | F60: ecoinvent 3.10 cutoff | G60: technosphere
A61: market for sewage sludge, dried | B61: sewage sludge, dried | C61: RoW | D61: -0.00213894 | E61: kilogram | F61: ecoinvent 3.10 cutoff | G61: technosphere
A62: market for wastewater, average | B62: wastewater, average | C62: RoW | D62: -0.053875686 | E62: cubic meter | F62: ecoinvent 3.10 cutoff | G62: technosphere
A63: treatment of low level radioactive waste for final repository | B63: low level radioactive waste for final repository | C63: RoW | D63: -4.31298e-05 | E63: cubic meter | F63: ecoinvent 3.10 cutoff | G63: technosphere
A64: market for spent solvent mixture | B64: spent solvent mixture | C64: RoW | D64: -0.0253 | E64: kilogram | F64: ecoinvent 3.10 cutoff | G64: technosphere
A65: market for hydrochloric acid, without water, in 30% solution state | B65: hydrochloric acid, without water, in 30% solution state | C65: RoW | D65: 3.126691 | E65: kilogram | F65: ecoinvent 3.10 cutoff | G65: technosphere
A66: market for sodium hydroxide, without water, in 50% solution state | B66: sodium hydroxide, without water, in 50% solution state | C66: RoW | D66: 2.3933272 | E66: kilogram | F66: ecoinvent 3.10 cutoff | G66: technosphere
A67: market group for electricity, medium voltage | B67: electricity, medium voltage | C67: CN | D67: 5.32 | E67: kilowatt hour | F67: ecoinvent 3.10 cutoff | G67: technosphere
A68: market for water, deionised | B68: water, deionised | C68: RoW | D68: 56.3 | E68: kilogram | F68: ecoinvent 3.10 cutoff | G68: technosphere
A69: oxalic acid production | B69: oxalic acid | C69: CN | D69: 0.79159049 | E69: kilogram | F69: ecoinvent 3.10 cutoff | G69: technosphere
A70: Ammonium | D70: 0.00040025635 | E70: kilogram | F70: biosphere3 | G70: biosphere | H70: water
A71: COD, Chemical Oxygen Demand | D71: 0.00488117 | E71: kilogram | F71: biosphere3 | G71: biosphere | H71: water
A72: Carbon dioxide, fossil | D72: 1.015 | E72: kilogram | F72: biosphere3 | G72: biosphere | H72: air
A73: Chloride | D73: 3.04 | E73: kilogram | F73: biosphere3 | G73: biosphere | H73: water
A74: Chlorine | D74: 0.01274223 | E74: kilogram | F74: biosphere3 | G74: biosphere | H74: water
A75: Chlorine | D75: 2.1389397e-06 | E75: kilogram | F75: biosphere3 | G75: biosphere | H75: air
A76: Hydrocarbons, unspecified | D76: 2.3583181e-05 | E76: kilogram | F76: biosphere3 | G76: biosphere | H76: air::non-urban air or from high stacks
A77: Nitrogen oxides | D77: 0.002321755 | E77: kilogram | F77: biosphere3 | G77: biosphere | H77: air
A78: Oils, unspecified | D78: 3.6563071e-05 | E78: kilogram | F78: biosphere3 | G78: biosphere | H78: water
A79: Particulate Matter, > 10 um | D79: 9.5429616e-05 | E79: kilogram | F79: biosphere3 | G79: biosphere | H79: air::non-urban air or from high stacks
A80: Sodium I | D80: 1.44 | E80: kilogram | F80: biosphere3 | G80: biosphere | H80: water
A81: Sulfur dioxide | D81: 1.6106033e-05 | E81: kilogram | F81: biosphere3 | G81: biosphere | H81: air
A82: Suspended solids, unspecified | D82: 0.00080438757 | E82: kilogram | F82: biosphere3 | G82: biosphere | H82: water
A84: Activity | B84: Production of heat for the calcination of rare earth oxalates
A85: reference product | B85: Heat for the calcination of rare earth oxalates
A86: location | B86: CN
A87: amount | B87: 7
A88: unit | B88: megajoule
A89: comment | B89: n/a
A90: Exchanges
A91: name | B91: reference product | C91: location | D91: amount | E91: unit | F91: database | G91: type | H91: categories | I91: uncertainty type | J91: pedigree | K91: loc | L91: scale | M91: minimum | N91: maximum | O91: comment
A92: =B84 -> Production of heat for the calcination of rare earth oxalates | B92: =B85 -> Heat for the calcination of rare earth oxalates | C92: =B86 -> CN | D92: 7 | E92: =B88 -> megajoule | F92: =F56 -> Rare Earths | G92: production
A93: treatment of blast furnace gas, in power plant | B93: heat, district or industrial, other than natural gas | C93: CN-FJ | D93: 1 | E93: megajoule | F93: ecoinvent 3.10 cutoff | G93: technosphere
A94: treatment of blast furnace gas, in power plant | B94: heat, district or industrial, other than natural gas | C94: CN-GD | D94: 1 | E94: megajoule | F94: ecoinvent 3.10 cutoff | G94: technosphere
A95: treatment of blast furnace gas, in power plant | B95: heat, district or industrial, other than natural gas | C95: CN-GX | D95: 1 | E95: megajoule | F95: ecoinvent 3.10 cutoff | G95: technosphere
A96: treatment of blast furnace gas, in power plant | B96: heat, district or industrial, other than natural gas | C96: CN-JX | D96: 1 | E96: megajoule | F96: ecoinvent 3.10 cutoff | G96: technosphere
A97: treatment of blast furnace gas, in power plant | B97: heat, district or industrial, other than natural gas | C97: CN-YN | D97: 1 | E97: megajoule | F97: ecoinvent 3.10 cutoff | G97: technosphere
A98: treatment of blast furnace gas, in power plant | B98: heat, district or industrial, other than natural gas | C98: CN-ZJ | D98: 1 | E98: megajoule | F98: ecoinvent 3.10 cutoff | G98: technosphere
A99: treatment of blast furnace gas, in power plant | B99: heat, district or industrial, other than natural gas | C99: CN-HN | D99: 1 | E99: megajoule | F99: ecoinvent 3.10 cutoff | G99: technosphere
A101: Activity | B101: REO production from ion-adsorption clays in China
A102: reference product | B102: REO
A103: location | B103: CN
A104: amount | B104: 1
A105: unit | B105: kilogram
A106: comment | B106: n/a
A107: Exchanges
A108: name | B108: reference product | C108: location | D108: amount | E108: unit | F108: database | G108: type | H108: categories | I108: uncertainty type | J108: pedigree | K108: loc | L108: scale | M108: minimum | N108: maximum | O108: comment
A109: =B101 -> REO production from ion-adsorption clays in China | B109: =B102 -> REO | C109: =B103 -> CN | D109: 1 | E109: =B105 -> kilogram | F109: =F56 -> Rare Earths | G109: production
A110: =A56 -> [P] Solvent extraction and calcination (IAC) | B110: =B56 -> Separated RE oxides (REO) mix | C110: =C56 -> CN | D110: 1 | E110: =E56 -> kilogram | F110: =F56 -> Rare Earths | G110: technosphere
A111: =A9 -> [M+C] Mining and in situ leaching from ion adsorption clay (IAC) deposits | B111: =B9 -> Rare Earths (RE) concentrate | C111: =C9 -> CN | D111: 1.1563367 | E111: =E9 -> kilogram | F111: =F9 -> Rare Earths | G111: technosphere
A113: Activity | B113: Neodymium oxide (Nd2O3) production from ion-adsorption clays in China
A114: reference product | B114: Nd2O3
A115: location | B115: CN
A116: amount | B116: 1
A117: unit | B117: kilogram
A118: comment | B118: Information about allocation to individual REO are provided in the "AllocationDetails" sheet.
...

Sheet AllocationDetails
A1: skip
A2: Rare earth market prices in US$/kg | I2: Allocation table - Mountain Pass
A3: Target metal | B3: Contract official name | C3: Market price average (US$/kg) | D3: Start period | E3: End period | F3: Comment | I3: Target metal | J3: Functional flow | K3: Price (USD/kg) | L3: Quantity | M3: Proceeds | N3: Allocation factor
A4: Cerium (Ce) | B4: Cerium (oxide), min. 99 %, fob China | C4: 2.6756667 | D4: 41275 | E4: 44926 | F4: Calculation 10 year average (Jan 2013- Dec 2022) | I4: Cerium (Ce) | J4: CeO2 | K4: =VLOOKUP(I4,$A$4:$C$19,3,FALSE) -> 2.6756667 | L4: 0.4959 | M4: =IFERROR(K4*L4,0) -> 1.3268631 | N4: =M4/SUM($M$4:$M$18) -> 0.098571334
A5: Dysprosium (Dy) | B5: Dysprosium (oxide), min. 99 % fob China | C5: 279.072 | D5: 41275 | E5: 44926 | F5: Calculation 10 year average (Jan 2013- Dec 2022) | I5: Dysprosium (Dy) | J5: Dy2O3 | K5: =VLOOKUP(I5,$A$4:$C$19,3,FALSE) -> 279.072 | L5: n.a. | M5: =IFERROR(K5*L5,0) -> 0 | N5: =M5/SUM($M$4:$M$18) -> 0
A6: Erbium (Er) | B6: Erbium (oxide), min. 99 % , fob China | C6: 38.016667 | D6: 41275 | E6: 44926 | F6: Calculation 10 year average (Jan 2013- Dec 2022) | I6: Erbium (Er) | J6: Er2O3 | K6: =VLOOKUP(I6,$A$4:$C$19,3,FALSE) -> 38.016667 | L6: n.a. | M6: =IFERROR(K6*L6,0) -> 0 | N6: =M6/SUM($M$4:$M$18) -> 0
A7: Europium (Eu) | B7: Europium (oxide), min. 99 % fob China | C7: 226.9465 | D7: 41275 | E7: 44926 | F7: Calculation 10 year average (Jan 2013- Dec 2022) | I7: Europium (Eu) | J7: Eu2O3 | K7: =VLOOKUP(I7,$A$4:$C$19,3,FALSE) -> 226.9465 | L7: 0.0011 | M7: =IFERROR(K7*L7,0) -> 0.24964115 | N7: =M7/SUM($M$4:$M$18) -> 0.018545592
A8: Lanthanum (La) | B8: Lanthanum (oxide), min. 99 %, fob China | C8: 2.7781667 | D8: 41275 | E8: 44926 | F8: Calculation 10 year average (Jan 2013- Dec 2022) | I8: Lanthanum (La) | J8: La2O3 | K8: =VLOOKUP(I8,$A$4:$C$19,3,FALSE) -> 2.7781667 | L8: 0.3379 | M8: =IFERROR(K8*L8,0) -> 0.93874252 | N8: =M8/SUM($M$4:$M$18) -> 0.069738243
A9: Neodymium (Nd) | B9: Neodymium (oxide), min. 99 % fob China | C9: 67.253 | D9: 41275 | E9: 44926 | F9: Calculation 10 year average (Jan 2013- Dec 2022) | I9: Neodymium (Nd) | J9: Nd2O3 | K9: =VLOOKUP(I9,$A$4:$C$19,3,FALSE) -> 67.253 | L9: 0.1116 | M9: =IFERROR(K9*L9,0) -> 7.5054348 | N9: =M9/SUM($M$4:$M$18) -> 0.55757125
A10: Praseodymium (Pr) | B10: Praseodymium (oxide), min. 99 %, fob China | C10: 81.121 | D10: 41275 | E10: 44926 | F10: Calculation 10 year average (Jan 2013- Dec 2022) | I10: Praseodymium (Pr) | J10: Pr6O11 | K10: =VLOOKUP(I10,$A$4:$C$19,3,FALSE) -> 81.121 | L10: 0.0412 | M10: =IFERROR(K10*L10,0) -> 3.3421852 | N10: =M10/SUM($M$4:$M$18) -> 0.2482876
A11: Samarium (Sm) | B11: Samarium (oxide), min. 99 % fob China | C11: 3.694 | D11: 41275 | E11: 44926 | F11: Calculation 10 year average (Jan 2013- Dec 2022) | I11: Samarium (Sm) | J11: Sm2O3 | K11: =VLOOKUP(I11,$A$4:$C$19,3,FALSE) -> 3.694 | L11: 0.0085 | M11: =IFERROR(K11*L11,0) -> 0.031399 | N11: =M11/SUM($M$4:$M$18) -> 0.0023326003
A12: Terbium (Tb) | B12: Terbium (oxide), min. 99,9 %, fob China | C12: 797.28283 | D12: 41275 | E12: 44926 | F12: Calculation 10 year average (Jan 2013- Dec 2022) | I12: Terbium (Tb) | J12: Tb4O7 | K12: =VLOOKUP(I12,$A$4:$C$19,3,FALSE) -> 797.28283 | L12: n.a. | M12: =IFERROR(K12*L12,0) -> 0 | N12: =M12/SUM($M$4:$M$18) -> 0
A13: Yttrium (Y) | B13: Yttrium (oxide), min. 99.999 %, fob China | C13: 7.804 | D13: 41275 | E13: 44926 | F13: Calculation 10 year average (Jan 2013- Dec 2022) | I13: Yttrium (Y) | J13: Y2O3 | K13: =VLOOKUP(I13,$A$4:$C$19,3,FALSE) -> 7.804 | L13: 0.0013 | M13: =IFERROR(K13*L13,0) -> 0.0101452 | N13: =M13/SUM($M$4:$M$18) -> 0.00075367677
A14: Iron (Fe) | B14: Iron ore (65% Fe); dry price; extrapolated from iron ore (62% Fe), cfr spot. | C14: 0.10007423 | D14: 41275 | E14: 44926 | F14: Calculation 10 year average (Jan 2013- Dec 2022) based on available data (see 'Contract official name') | I14: Gadolinium (Gd) | J14: Gd2O3 | K14: =VLOOKUP(I14,$A$4:$C$19,3,FALSE) -> 26.92 | L14: 0.0021 | M14: =IFERROR(K14*L14,0) -> 0.056532 | N14: =M14/SUM($M$4:$M$18) -> 0.0041997058
A15: Gadolinium (Gd) | B15: Gadolinium oxide 99.5-99.9% ex-works China spot, USD/kg | C15: 26.92 | D15: 2013 | E15: 2023 | F15: Assumed 10 year average (Jan 2013- Dec 2022) based on available data from Argus Media (2024) via BRGM (see 'Contract official name') | I15: Ytterbium (Yb) | J15: Yb2O3 | K15: =VLOOKUP(I15,$A$4:$C$19,3,FALSE) -> 12.18 | L15: n.a. | M15: =IFERROR(K15*L15,0) -> 0 | N15: =M15/SUM($M$4:$M$18) -> 0
A16: Ytterbium (Yb) | B16: Ytterbium oxide Price, CNY/Mt,<99.99%, VAT excluded,Traded price, DDP | C16: 12.18 | D16: 2020 | E16: 2023 | F16: Assumed 10 year average (Jan 2013- Dec 2022) based on available data from SMM (2024) via BRGM (see 'Contract official name') | I16: Lutetium (Lu) | J16: Lu2O3 | K16: =VLOOKUP(I16,$A$4:$C$19,3,FALSE) -> 673 | L16: n.a. | M16: =IFERROR(K16*L16,0) -> 0 | N16: =M16/SUM($M$4:$M$18) -> 0
A17: Lutetium (Lu) | B17: Lutetium oxide Price, CNY/kg, <99.99%, VAT excluded, Traded price, DDP | C17: 673 | D17: 2020 | E17: 2023 | F17: Assumed 10 year average (Jan 2013- Dec 2022) based on available data from SMM (2024) via BRGM (see 'Contract official name') | I17: Holmium (Ho) | J17: Ho2O3 | K17: =VLOOKUP(I17,$A$4:$C$19,3,FALSE) -> 13.67 | L17: n.a. | M17: =IFERROR(K17*L17,0) -> 0 | N17: =M17/SUM($M$4:$M$18) -> 0
A18: Holmium (Ho) | B18: Holmium Oxide Price, CNY/mt, DDP | C18: 13.67 | D18: 2020 | E18: 2023 | F18: Assumed 10 year average (Jan 2013- Dec 2022) based on available data from SMM (2024) via BRGM (see 'Contract official name') | I18: Thulium (Tm) | J18: Tm2O3 | K18: =VLOOKUP(I18,$A$4:$C$19,3,FALSE) -> 110 | L18: n.a. | M18: =IFERROR(K18*L18,0) -> 0 | N18: =M18/SUM($M$4:$M$18) -> 0
A19: Thulium (Tm) | B19: Thulium oxide Ex Works China, incl. 13% VAT. | C19: 110 | D19: 2017 | E19: 2023 | F19: Assumed 10 year average (Jan 2013- Dec 2022) based on available data from Ginger Consulting (2024) via BRGM (see 'Contract official name') | I19: Quantity source: Composition of the REO obtained from Table S2 in the Supplementary material in Marx et al. (2018). The compositon matches the breakdown of the output from the solvent extraction processes in Table S4 (Marx et al. 2018), with the HREE fraction being the sum of europium, samarium, yttrium and gadolinium oxides.
A20: Source: Calculations and assumptions based on data from The World Bank (2025), DERA (2018-2024), SMM (2024), Argus Media (2024) and Ginger Consulting (2024), as in Miranda Xicotencatl (2025) in Zenodo.
I21: Allocation table - Sichuan
I22: Target metal | J22: Functional flow | K22: Price (USD/kg) | L22: Quantity | M22: Proceeds | N22: Allocation factor
I23: Cerium (Ce) | J23: CeO2 | K23: =VLOOKUP(I23,$A$4:$C$19,3,FALSE) -> 2.6756667 | L23: 0.5 | M23: =IFERROR(K23*L23,0) -> 1.3378333 | N23: =M23/SUM($M$23:$M$37) -> 0.077610787
I24: Dysprosium (Dy) | J24: Dy2O3 | K24: =VLOOKUP(I24,$A$4:$C$19,3,FALSE) -> 279.072 | L24: n.a. | M24: =IFERROR(K24*L24,0) -> 0 | N24: =M24/SUM($M$23:$M$37) -> 0
I25: Erbium (Er) | J25: Er2O3 | K25: =VLOOKUP(I25,$A$4:$C$19,3,FALSE) -> 38.016667 | L25: 0.01 | M25: =IFERROR(K25*L25,0) -> 0.38016667 | N25: =M25/SUM($M$23:$M$37) -> 0.022054342
C26: REO breakdown in ore - Mount Weld | I26: Europium (Eu) | J26: Eu2O3 | K26: =VLOOKUP(I26,$A$4:$C$19,3,FALSE) -> 226.9465 | L26: 0.002 | M26: =IFERROR(K26*L26,0) -> 0.453893 | N26: =M26/SUM($M$23:$M$37) -> 0.026331376
C27: Target metal | D27: Functional flow | E27: Quantity | I27: Lanthanum (La) | J27: La2O3 | K27: =VLOOKUP(I27,$A$4:$C$19,3,FALSE) -> 2.7781667 | L27: 0.27 | M27: =IFERROR(K27*L27,0) -> 0.750105 | N27: =M27/SUM($M$23:$M$37) -> 0.043515316
C28: Cerium (Ce) | D28: CeO2 | E28: 0.4755 | I28: Neodymium (Nd) | J28: Nd2O3 | K28: =VLOOKUP(I28,$A$4:$C$19,3,FALSE) -> 67.253 | L28: 0.15 | M28: =IFERROR(K28*L28,0) -> 10.08795 | N28: =M28/SUM($M$23:$M$37) -> 0.58522517
C29: Dysprosium (Dy) | D29: Dy2O3 | E29: 0.0025 | I29: Praseodymium (Pr) | J29: Pr6O11 | K29: =VLOOKUP(I29,$A$4:$C$19,3,FALSE) -> 81.121 | L29: 0.05 | M29: =IFERROR(K29*L29,0) -> 4.05605 | N29: =M29/SUM($M$23:$M$37) -> 0.23530079
C30: Erbium (Er) | D30: Er2O3 | E30: 0.0006 | I30: Samarium (Sm) | J30: Sm2O3 | K30: =VLOOKUP(I30,$A$4:$C$19,3,FALSE) -> 3.694 | L30: 0.011 | M30: =IFERROR(K30*L30,0) -> 0.040634 | N30: =M30/SUM($M$23:$M$37) -> 0.0023572718
C31: Europium (Eu) | D31: Eu2O3 | E31: 0.0053 | I31: Terbium (Tb) | J31: Tb4O7 | K31: =VLOOKUP(I31,$A$4:$C$19,3,FALSE) -> 797.28283 | L31: n.a. | M31: =IFERROR(K31*L31,0) -> 0 | N31: =M31/SUM($M$23:$M$37) -> 0
C32: Lanthanum (La) | D32: La2O3 | E32: 0.2388 | I32: Yttrium (Y) | J32: Y2O3 | K32: =VLOOKUP(I32,$A$4:$C$19,3,FALSE) -> 7.804 | L32: 0.003 | M32: =IFERROR(K32*L32,0) -> 0.023412 | N32: =M32/SUM($M$23:$M$37) -> 0.0013581839
C33: Neodymium (Nd) | D33: Nd2O3 | E33: 0.1812 | I33: Gadolinium (Gd) | J33: Gd2O3 | K33: =VLOOKUP(I33,$A$4:$C$19,3,FALSE) -> 26.92 | L33: 0.004 | M33: =IFERROR(K33*L33,0) -> 0.10768 | N33: =M33/SUM($M$23:$M$37) -> 0.0062467644
C34: Praseodymium (Pr) | D34: Pr6O11 | E34: 0.0516 | I34: Ytterbium (Yb) | J34: Yb2O3 | K34: =VLOOKUP(I34,$A$4:$C$19,3,FALSE) -> 12.18 | L34: n.a. | M34: =IFERROR(K34*L34,0) -> 0 | N34: =M34/SUM($M$23:$M$37) -> 0
C35: Samarium (Sm) | D35: Sm2O3 | E35: 0.0244 | I35: Lutetium (Lu) | J35: Lu2O3 | K35: =VLOOKUP(I35,$A$4:$C$19,3,FALSE) -> 673 | L35: n.a. | M35: =IFERROR(K35*L35,0) -> 0 | N35: =M35/SUM($M$23:$M$37) -> 0
C36: Terbium (Tb) | D36: Tb4O7 | E36: 0.0009 | I36: Holmium (Ho) | J36: Ho2O3 | K36: =VLOOKUP(I36,$A$4:$C$19,3,FALSE) -> 13.67 | L36: n.a. | M36: =IFERROR(K36*L36,0) -> 0 | N36: =M36/SUM($M$23:$M$37) -> 0
C37: Yttrium (Y) | D37: Y2O3 | E37: 0.0076 | I37: Thulium (Tm) | J37: Tm2O3 | K37: =VLOOKUP(I37,$A$4:$C$19,3,FALSE) -> 110 | L37: n.a. | M37: =IFERROR(K37*L37,0) -> 0 | N37: =M37/SUM($M$23:$M$37) -> 0
C38: Gadolinium (Gd) | D38: Gd2O3 | E38: 0.0109 | I38: Quantity source: Composition of the REO produced in Sichuan province as obtained from Table S1-2 in the supplementary material of Lee and Wen (2017).
C39: Ytterbium (Yb) | D39: Yb2O3 | E39: 0.0003
C40: Lutetium (Lu) | D40: Lu2O3 | E40: 0 | I40: Allocation table - Bayan Obo
C41: Holmium (Ho) | D41: Ho2O3 | E41: 0.0003 | I41: Target metal | J41: Functional flow | K41: Price (USD/kg) | L41: Quantity | M41: Proceeds | N41: Allocation factor
C42: Thulium (Tm) | D42: Tm2O3 | E42: 0.0001 | I42: Cerium (Ce) | J42: CeO2 | K42: 2.6756667 | L42: 0.5072 | M42: 1.3570981 | N42: 0.074484145
C43: Source: Table 1 in rare earth concentrations of selected minerals across the major producing mines (Packey and Kingsnorth, 2016). | I43: Dysprosium (Dy) | J43: Dy2O3 | K43: 279.072 | L43: 0.0001 | M43: 0.0279072 | N43: 0.0015316828
I44: Erbium (Er) | J44: Er2O3 | K44: 38.016667 | L44: 0.0001 | M44: 0.0038016667 | N44: 0.00020865395
I45: Europium (Eu) | J45: Eu2O3 | K45: 226.9465 | L45: 0.0018 | M45: 0.4085037 | N45: 0.02242067
I46: Lanthanum (La) | J46: La2O3 | K46: 2.7781667 | L46: 0.25 | M46: 0.69454167 | N46: 0.038119824
I47: Neodymium (Nd) | J47: Nd2O3 | K47: 67.253 | L47: 0.166 | M47: 11.163998 | N47: 0.6127345
I48: Praseodymium (Pr) | J48: Pr6O11 | K48: 81.121 | L48: 0.051 | M48: 4.137171 | N48: 0.22706806
I49: Samarium (Sm) | J49: Sm2O3 | K49: 3.694 | L49: 0.012 | M49: 0.044328 | N49: 0.0024329362
I50: Terbium (Tb) | J50: Tb4O7 | K50: 797.28283 | L50: 0.0001 | M50: 0.079728283 | N50: 0.0043758759
I51: Yttrium (Y) | J51: Y2O3 | K51: 7.804 | L51: 0.0043 | M51: 0.0335572 | N51: 0.0018417823
I52: Gadolinium (Gd) | J52: Gd2O3 | K52: 26.92 | L52: 0.007 | M52: 0.18844 | N52: 0.010342504
I53: Ytterbium (Yb) | J53: Yb2O3 | K53: 12.18 | L53: 0.0001 | M53: 0.001218 | N53: 6.6849763e-05
I54: Lutetium (Lu) | J54: Lu2O3 | K54: 673 | L54: 0.0001 | M54: 0.0673 | N54: 0.0036937513
I55: Holmium (Ho) | J55: Ho2O3 | K55: 13.67 | L55: 0.0001 | M55: 0.001367 | N55: 7.5027608e-05
I56: Thulium (Tm) | J56: Tm2O3 | K56: 110 | L56: 0.0001 | M56: 0.011 | N56: 0.00060373349
I57: Quantity source: REO breakdown in ore according to Packey and Kingsnorth (2016).
I58: Allocation table - Beneficiation at Bayan Obo
I59: Target metal | J59: Functional flow | K59: Price (USD/kg) | L59: Quantity | M59: Proceeds | N59: Allocation factor
I60: Iron (Fe) | J60: 65% iron ore | K60: 0.1 | L60: 41.538462 | M60: 4.1538462 | N60: 0.084815735
I61: REEs | J61: 61% RE concentrate | K61: 11.114176 | L61: 4.0327869 | M61: 44.821101 | N61: 0.91518427
I62: Niobium (Nb) | J62: 5% Nb2O5 concentrate | K62: 0 | L62: 2.6037196 | M62: 0 | N62: 0
I64: Allocation table - Mount Weld
I65: Target metal | J65: Functional flow | K65: Price (USD/kg) | L65: Quantity | M65: Proceeds | N65: Allocation factor | O65: Comment
I66: Cerium (Ce) | J66: CeO2 | K66: 2.6756667 | L66: 0.22253312 | M66: 0.59542446 | N66: 0.025707456
I67: Dysprosium (Dy) | J67: Dy2O3 | K67: 279.072 | L67: 0.0026704545 | M67: 0.74524909 | N67: 0.032176136 | O67: As part of the 4.70% HREE fraction. The quantity within the fraction was estimated according to the REO breakdown in ore.
I68: Erbium (Er) | J68: Er2O3 | K68: 38.016667 | L68: 0 | M68: 0 | N68: 0
I69: Europium (Eu) | J69: Eu2O3 | K69: 226.9465 | L69: 0.0056613636 | M69: 1.2848267 | N69: 0.055472402 | O69: As part of the 4.70% HREE fraction. The quantity within the fraction was estimated according to the REO breakdown in ore.
I70: Lanthanum (La) | J70: La2O3 | K70: 2.7781667 | L70: 0.11834263 | M70: 0.32877555 | N70: 0.014194887
I71: Neodymium (Nd) | J71: Nd2O3 | K71: 67.253 | L71: 0.20623073 | M71: 13.869635 | N71: 0.59882161
I72: Praseodymium (Pr) | J72: Pr6O11 | K72: 81.121 | L72: 0.06090752 | M72: 4.940879 | N72: 0.21332249
I73: Samarium (Sm) | J73: Sm2O3 | K73: 3.694 | L73: 0.026063636 | M73: 0.096279073 | N73: 0.0041568497 | O73: As part of the 4.70% HREE fraction. The quantity within the fraction was estimated according to the REO breakdown in ore.
I74: Terbium (Tb) | J74: Tb4O7 | K74: 797.28283 | L74: 0.00096136364 | M74: 0.76647872 | N74: 0.033092725 | O74: As part of the 4.70% HREE fraction. The quantity within the fraction was estimated according to the REO breakdown in ore.
I75: Yttrium (Y) | J75: Y2O3 | K75: 7.804 | L75: 0 | M75: 0 | N75: 0
I76: Gadolinium (Gd) | J76: Gd2O3 | K76: 26.92 | L76: 0.011643182 | M76: 0.31343445 | N76: 0.013532535 | O76: As part of the 4.70% HREE fraction. The quantity within the fraction was estimated according to the REO breakdown in ore.
I77: Ytterbium (Yb) | J77: Yb2O3 | K77: 12.18 | L77: 0 | M77: 0 | N77: 0
I78: Lutetium (Lu) | J78: Lu2O3 | K78: 673 | L78: 0 | M78: 0 | N78: 0
I79: Holmium (Ho) | J79: Ho2O3 | K79: 13.67 | L79: 0 | M79: 0 | N79: 0
I80: Thulium (Tm) | J80: Tm2O3 | K80: 110 | L80: 0 | M80: 0 | N80: 0
I81: La/Ce | J81: =J70&", "&J66&" mix" -> La2O3, CeO2 mix | K81: 0.63934605 | L81: 0.344986 | M81: 0.22056544 | N81: 0.0095229145 | O81: Price estimation based on the average price of the separated species, multiplied by a dilution factor of 0.3052, based on the price proportions in Marx et al. (2018).
I82: Quantity source: Breakdown of solvent extraction processes according to Marx et al. (2018).
I84: Allocation table - IAC
I85: Target metal | J85: Functional flow | K85: Price (USD/kg) | L85: Quantity | M85: Proceeds | N85: Allocation factor
I86: Cerium (Ce) | J86: CeO2 | K86: 2.6756667 | L86: 0.0323 | M86: 0.086424033 | N86: 0.0020746591
I87: Dysprosium (Dy) | J87: Dy2O3 | K87: 279.072 | L87: 0.0371 | M87: 10.353571 | N87: 0.24854349
I88: Erbium (Er) | J88: Er2O3 | K88: 38.016667 | L88: 0.0248 | M88: 0.94281333 | N88: 0.022632781
I89: Europium (Eu) | J89: Eu2O3 | K89: 226.9465 | L89: 0.0093 | M89: 2.1106024 | N89: 0.050666237
I90: Lanthanum (La) | J90: La2O3 | K90: 2.7781667 | L90: 0.2756 | M90: 0.76566273 | N90: 0.018380178
I91: Neodymium (Nd) | J91: Nd2O3 | K91: 67.253 | L91: 0.1755 | M91: 11.802901 | N91: 0.2833355
I92: Praseodymium (Pr) | J92: Pr6O11 | K92: 81.121 | L92: 0.0562 | M92: 4.5590002 | N92: 0.10944145
I93: Samarium (Sm) | J93: Sm2O3 | K93: 3.694 | L93: 0.0454 | M93: 0.1677076 | N93: 0.0040259183
I94: Terbium (Tb) | J94: Tb4O7 | K94: 797.28283 | L94: 0.0068 | M94: 5.4215233 | N94: 0.13014681
I95: Yttrium (Y) | J95: Y2O3 | K95: 7.804 | L95: 0.2426 | M95: 1.8932504 | N95: 0.045448575
I96: Gadolinium (Gd) | J96: Gd2O3 | K96: 26.92 | L96: 0.0596 | M96: 1.604432 | N96: 0.038515321
I97: Ytterbium (Yb) | J97: Yb2O3 | K97: 12.18 | L97: 0.0113 | M97: 0.137634 | N97: 0.0033039841
... I100: Thulium (Tm) | J100: Tm2O3 | K100: 110 | L100: 0.0027 | M100: 0.297 | N100: 0.0071296574
I101: Quantity source: REO breakdown in ore according to Packey and Kingsnorth (2016).
