Workbook

Sheet Note
A1: skip
B2: Life cycle inventories of global metal and mineral supply chains: a comprehensive data review, analysis and processing Frédéric Laia*, Stéphanie Mullera, Audrey Philippea, Robert Istrateb, Brenda Miranda Xicotencatlb, Afsoon Mansouri Askic, Aina Mas Fonsd,a, Juliana Segura-Salazare, Jair Santillán Saldivara, Alexander Cimprichf, Stephen Northeyg, Lígia da Silva Limah, Lieselot Booneh, Ryosuke Yokoii, Kamrul Islami, Ioanna Paschalidouj, Felipe Cerdask,l, Victor Balboa-Espinozae, Anish Koyamparambathd, Diae Henniouia, Victoire Collignona, Aurélien Reysa, Gyslain Ngadi Sakatadim, Jo Dewulfh, Bernhard Steubingb, Christoph Helbigc, Gaétan Lefebvrea, Gian Andrea Blenginin,m, Valeria Supertio, Masaharu Motoshitai, Guido Sonnemannd, Kwame Awuah-Offeij, Steven B. Youngf, Shinsuke Murakamip, Antoine Beylota aBRGM, F-45060 Orléans, France bInstitute of Environmental Sciences (CML), Leiden University, Einsteinweg 2, 2333 CC Leiden, NL cEcological Resource Technology, University of Bayreuth, Universitätstr. 30, 95447 Bayreuth, Germany dUniv. Bordeaux, CNRS, Bordeaux INP, ISM, UMR 5255, F-33400 Talence, France eSustainable Minerals Institute, The University of Queensland, QLD, 4072, Australia fSchool of Environment, Enterprise and Development, University of Waterloo, 200 University Avenue West, Waterloo, Ontario N2L 3G1, Canada gUniversity of Technology Sydney, Institute for Sustainable Futures, Australia hSustainable Systems Engineering (STEN), Department of Green Chemistry and Technology, Faculty of Bioscience Engineering, Ghent University, Coupure Links 653, 9000 Ghent, Belgium iAIST, 305-8569 Tsukuba, Japan jMining & Explosives Engineering, Missouri University of Science & Technology, Rolla, MO, USA 65409 kInstitute for Sustainable Energy Systems (INSYS), Technical University of Applied Sciences Würzburg-Schweinfurt (THWS), Ignaz-Schön-Straße 11, Schweinfurt, Germany lFraunhofer Institute for Surface Engineering and Thin Films IST, Riedenkamp 2, Braunschweig 38108, Germany mDepartment of Environment, Land and Infrastructure Engineering, Politecnico di Torino, Corso Duca degli Abruzzi, 24, 10129 Torino, Italy nUniversity of Turin, Earth Sciences Department (DST), Via Valperga Caluso, 35 – 10125 Torino, Italy oecoinvent association, Technopark, Technoparkstrasse 1, 8005 Zürich, Switzerland pGraduate School of Engineering, The University of Tokyo, Tokyo 113-8656, Japan *Corresponding author: f.lai@brgm.fr This file provides all LCI datasets developed for Vanadium (V), with distinguishing its global market and each individual production route.
B33: Sheet | C33: Corresponding route
B34: V_Market_GLO | C34: V global market
B35: PR1_V2O5_CN_CaRoasting | C35: V2O5 production in China through Ca-roasting
B36: PR2_V2O5_CN_SubMolten | C36: V2O5 production in China through Sub-Molten Salt Process
B37: PR3_V2O5_CN_PanSteel | C37: VTM ore mining and V2O5 production in China
B38: PR4_V2O5_ZA_Mapochs | C38: VTM ore mining and V2O5 production in South Africa/Mapochs Mine

Sheet V_Market_GLO
A1: database | B1: Vanadium
A3: Activity | B3: Vanadium (V) global market
A4: reference product | B4: V2O5
A5: location | B5: GLO
A6: amount | B6: 1
A7: unit | B7: kilogram
A8: comment | B8: n/a
A9: Exchanges
A10: name | B10: reference product | C10: location | D10: amount | E10: unit | F10: database | G10: type | H10: categories | I10: uncertainty type | J10: pedigree | K10: loc | L10: scale | M10: minimum | N10: maximum
A11: =B3 -> Vanadium (V) global market | B11: =B4 -> V2O5 | C11: =B5 -> GLO | D11: 1 | E11: =B7 -> kilogram | F11: =B1 -> Vanadium | G11: production
A12: =PR1_V2O5_CN_CaRoasting!A33 -> V2O5 production in China through Ca-roasting | B12: =PR1_V2O5_CN_CaRoasting!B33 -> V2O5 | C12: =PR1_V2O5_CN_CaRoasting!C33 -> CN | D12: 0.014647021 | E12: =PR1_V2O5_CN_CaRoasting!E33 -> kilogram | F12: =PR1_V2O5_CN_CaRoasting!F33 -> Vanadium | G12: technosphere
A13: =PR2_V2O5_CN_SubMolten!A34 -> V2O5 production in China through Sub-Molten Salt Process | B13: =PR2_V2O5_CN_SubMolten!B34 -> V2O5 | C13: =PR2_V2O5_CN_SubMolten!C34 -> CN | D13: 0.073235105 | E13: =PR2_V2O5_CN_SubMolten!E34 -> kilogram | F13: =PR2_V2O5_CN_SubMolten!F34 -> Vanadium | G13: technosphere
A14: =PR3_V2O5_CN_PanSteel!A126 -> VTM ore mining and V2O5 production in China | B14: =PR3_V2O5_CN_PanSteel!B126 -> V2O5 | C14: =PR3_V2O5_CN_PanSteel!C126 -> CN | D14: 0.79093914 | E14: =PR3_V2O5_CN_PanSteel!E126 -> kilogram | F14: =PR3_V2O5_CN_PanSteel!F126 -> Vanadium | G14: technosphere
A15: =PR4_V2O5_ZA_Mapochs!A189 -> VTM ore mining and V2O5 production in South Africa/Mapochs Mine | B15: =PR4_V2O5_ZA_Mapochs!B189 -> V2O5 | C15: =PR4_V2O5_ZA_Mapochs!C189 -> ZA | D15: 0.12117874 | E15: =PR4_V2O5_ZA_Mapochs!E189 -> kilogram | F15: =PR4_V2O5_ZA_Mapochs!F189 -> Vanadium | G15: technosphere
A17: Activity | B17: Vanadium (V) global market (V content)
A18: reference product | B18: V content
A19: location | B19: GLO
A20: amount | B20: 1
A21: unit | B21: kilogram
A22: comment | B22: Activity expressed for 1 kg V contained
A23: Exchanges
A24: name | B24: reference product | C24: location | D24: amount | E24: unit | F24: database | G24: type | H24: categories | I24: uncertainty type | J24: pedigree | K24: loc | L24: scale | M24: minimum | N24: maximum
A25: =B17 -> Vanadium (V) global market (V content) | B25: =B18 -> V content | C25: =B19 -> GLO | D25: 1 | E25: =B21 -> kilogram | F25: =F11 -> Vanadium | G25: production
A26: =PR1_V2O5_CN_CaRoasting!A46 -> V2O5 production in China through Ca-roasting (V content) | B26: =PR1_V2O5_CN_CaRoasting!B46 -> V2O5 (V content) | C26: =PR1_V2O5_CN_CaRoasting!C46 -> CN | D26: 0.014647021 | E26: =PR1_V2O5_CN_CaRoasting!E46 -> kilogram | F26: =PR1_V2O5_CN_CaRoasting!F46 -> Vanadium | G26: technosphere
A27: =PR2_V2O5_CN_SubMolten!A47 -> V2O5 production in China through Sub-Molten Salt Process (V content) | B27: =PR2_V2O5_CN_SubMolten!B47 -> V2O5 (V content) | C27: =PR2_V2O5_CN_SubMolten!C47 -> CN | D27: 0.073235105 | E27: =PR2_V2O5_CN_SubMolten!E47 -> kilogram | F27: =PR2_V2O5_CN_SubMolten!F47 -> Vanadium | G27: technosphere
A28: =PR3_V2O5_CN_PanSteel!A139 -> VTM ore mining and V2O5 production in China (V content) | B28: =PR3_V2O5_CN_PanSteel!B139 -> V2O5 (V content) | C28: =PR3_V2O5_CN_PanSteel!C139 -> CN | D28: 0.79093914 | E28: =PR3_V2O5_CN_PanSteel!E139 -> kilogram | F28: =PR3_V2O5_CN_PanSteel!F139 -> Vanadium | G28: technosphere
A29: =PR4_V2O5_ZA_Mapochs!A202 -> VTM ore mining and V2O5 production in South Africa/Mapochs Mine (V content) | B29: =PR4_V2O5_ZA_Mapochs!B202 -> V2O5 (V content) | C29: =PR4_V2O5_ZA_Mapochs!C202 -> ZA | D29: 0.12117874 | E29: =PR4_V2O5_ZA_Mapochs!E202 -> kilogram | F29: =PR4_V2O5_ZA_Mapochs!F202 -> Vanadium | G29: technosphere

Sheet PR1_V2O5_CN_CaRoasting
A1: Activity | B1: [P] Vanadium pentoxide (V2O5) production (Calcium Roasting process)
A2: reference product | B2: V2O5
A3: location | B3: CN
A4: amount | B4: 1
A5: unit | B5: kilogram
A6: comment | B6: n/a
A7: Exchanges
A8: name | B8: reference product | C8: location | D8: amount | E8: unit | F8: database | G8: type | H8: categories | I8: uncertainty type | J8: pedigree | K8: loc | L8: scale | M8: minimum | N8: maximum
A9: =B1 -> [P] Vanadium pentoxide (V2O5) production (Calcium Roasting process) | B9: =B2 -> V2O5 | C9: =B3 -> CN | D9: 1 | E9: kilogram | F9: =V_Market_GLO!B1 -> Vanadium | G9: production
A10: market group for electricity, medium voltage | B10: electricity, medium voltage | C10: CN | D10: 0.91511 | E10: kilowatt hour | F10: ecoinvent 3.10 cutoff | G10: technosphere | J10: (1,1,1,1,1)
A11: market for limestone, crushed, washed | B11: limestone, crushed, washed | C11: RoW | D11: 1.4 | E11: kilogram | F11: ecoinvent 3.10 cutoff | G11: technosphere | J11: (1,1,1,1,1)
A12: market for sulfuric acid | B12: sulfuric acid | C12: RoW | D12: 0.78 | E12: kilogram | F12: ecoinvent 3.10 cutoff | G12: technosphere | J12: (1,1,1,1,1)
A13: market for tap water | B13: tap water | C13: RoW | D13: 15.49 | E13: kilogram | F13: ecoinvent 3.10 cutoff | G13: technosphere | J13: (1,1,1,1,1)
A14: market group for electricity, medium voltage | B14: electricity, medium voltage | C14: CN | D14: 0.72941 | E14: kilowatt hour | F14: ecoinvent 3.10 cutoff | G14: technosphere | J14: (1,1,1,1,1)
A15: market for natural gas, high pressure | B15: natural gas, high pressure | C15: CN | D15: 23.0125 | E15: cubic meter | F15: ecoinvent 3.10 cutoff | G15: technosphere | J15: (1,1,1,1,1)
A16: market for sulfidic tailings, from copper mine operation | B16: sulfidic tailings, from copper mine operation | C16: CN | D16: -7.6 | E16: kilogram | F16: ecoinvent 3.10 cutoff | G16: technosphere | J16: (1,1,1,1,1)
A17: market for sulfuric acid | B17: sulfuric acid | C17: RoW | D17: 0.2 | E17: kilogram | F17: ecoinvent 3.10 cutoff | G17: technosphere | J17: (1,1,1,1,1)
A18: market for ammonium sulfate | B18: ammonium sulfate | C18: RoW | D18: 0.62 | E18: kilogram | F18: ecoinvent 3.10 cutoff | G18: technosphere | J18: (1,1,1,1,1)
A19: market for steam, in chemical industry | B19: steam, in chemical industry | C19: RoW | D19: 2.7 | E19: kilogram | F19: ecoinvent 3.10 cutoff | G19: technosphere | J19: (1,1,1,1,1)
A20: market group for electricity, medium voltage | B20: electricity, medium voltage | C20: CN | D20: 0.35882 | E20: kilowatt hour | F20: ecoinvent 3.10 cutoff | G20: technosphere | J20: (1,1,1,1,1)
A21: market for natural gas, high pressure | B21: natural gas, high pressure | C21: CN | D21: 21.3875 | E21: cubic meter | F21: ecoinvent 3.10 cutoff | G21: technosphere | J21: (1,1,1,1,1)
... A23: market for waste refinery gas | B23: waste refinery gas | C23: GLO | D23: -1019.3145 | E23: megajoule | F23: ecoinvent 3.10 cutoff | G23: technosphere | J23: (1,1,1,1,1)
A25: Activity | B25: V2O5 production in China through Ca-roasting
A26: reference product | B26: V2O5
A27: location | B27: CN
A28: amount | B28: 1
A29: unit | B29: kilogram
A30: comment | B30: Applied AF: "Fe concentrate" input = 0.6%.
A31: Exchanges
A32: name | B32: reference product | C32: location | D32: amount | E32: unit | F32: database | G32: type | H32: categories | I32: uncertainty type | J32: pedigree | K32: loc | L32: scale | M32: minimum | N32: maximum
A33: =B25 -> V2O5 production in China through Ca-roasting | B33: =B26 -> V2O5 | C33: =B27 -> CN | D33: 1 | E33: kilogram | F33: =F9 -> Vanadium | G33: production
A34: =A9 -> [P] Vanadium pentoxide (V2O5) production (Calcium Roasting process) | B34: =B9 -> V2O5 | C34: =C9 -> CN | D34: 1 | E34: =E9 -> kilogram | F34: =F9 -> Vanadium | G34: technosphere
A35: =PR3_V2O5_CN_PanSteel_Unallo!A30 -> [P+R] Crude steel production | B35: =PR3_V2O5_CN_PanSteel_Unallo!B30 -> Vanadium (V) slag | C35: =PR3_V2O5_CN_PanSteel_Unallo!C30 -> CN | D35: 7.01 | E35: =PR3_V2O5_CN_PanSteel_Unallo!E30 -> kilogram | F35: =PR3_V2O5_CN_PanSteel_Unallo!F30 -> Vanadium | G35: technosphere
A36: =PR3_V2O5_CN_PanSteel_Unallo!A9 -> [M+C] Iron (Fe) ore mining and concentration | B36: =PR3_V2O5_CN_PanSteel_Unallo!B9 -> Fe concentrate | C36: =PR3_V2O5_CN_PanSteel_Unallo!C9 -> CN | D36: 2.6161021 | E36: =PR3_V2O5_CN_PanSteel_Unallo!E9 -> kilogram | F36: =PR3_V2O5_CN_PanSteel_Unallo!F9 -> Vanadium | G36: technosphere
A38: Activity | B38: V2O5 production in China through Ca-roasting (V content)
A39: reference product | B39: V2O5 (V content)
A40: location | B40: CN
A41: amount | B41: 1
A42: unit | B42: kilogram
A43: comment | B43: Activity expressed for 1 kg V contained Applied AF: "Fe concentrate" input = 0.6%.
A44: Exchanges
A45: name | B45: reference product | C45: location | D45: amount | E45: unit | F45: database | G45: type | H45: categories | I45: uncertainty type | J45: pedigree | K45: loc | L45: scale | M45: minimum | N45: maximum
A46: =B38 -> V2O5 production in China through Ca-roasting (V content) | B46: =B39 -> V2O5 (V content) | C46: =B40 -> CN | D46: 1 | E46: kilogram | F46: =F33 -> Vanadium | G46: production
A47: =A34 -> [P] Vanadium pentoxide (V2O5) production (Calcium Roasting process) | B47: =B34 -> V2O5 | C47: =C34 -> CN | D47: 1.7850768 | E47: =E34 -> kilogram | F47: =F34 -> Vanadium | G47: =G34 -> technosphere
A48: =A35 -> [P+R] Crude steel production | B48: =B35 -> Vanadium (V) slag | C48: =C35 -> CN | D48: 12.513388 | E48: =E35 -> kilogram | F48: =F35 -> Vanadium | G48: =G35 -> technosphere
A49: =A36 -> [M+C] Iron (Fe) ore mining and concentration | B49: =B36 -> Fe concentrate | C49: =C36 -> CN | D49: 4.669943 | E49: =E36 -> kilogram | F49: =F36 -> Vanadium | G49: =G36 -> technosphere

Sheet PR2_V2O5_CN_SubMolten
A1: Activity | B1: [P] Vanadium pentoxide (V2O5) production (Sub-Molten Salt process)
A2: reference product | B2: V2O5
A3: location | B3: CN
A4: amount | B4: 1
A5: unit | B5: kilogram
A6: comment | B6: n/a
A7: Exchanges
A8: name | B8: reference product | C8: location | D8: amount | E8: unit | F8: database | G8: type | H8: categories | I8: uncertainty type | J8: pedigree | K8: loc | L8: scale | M8: minimum | N8: maximum
A9: =B1 -> [P] Vanadium pentoxide (V2O5) production (Sub-Molten Salt process) | B9: =B2 -> V2O5 | C9: =B3 -> CN | D9: 1 | E9: kilogram | F9: =V_Market_GLO!B1 -> Vanadium | G9: production
A10: market group for electricity, medium voltage | B10: electricity, medium voltage | C10: CN | D10: 1.2 | E10: kilowatt hour | F10: ecoinvent 3.10 cutoff | G10: technosphere | J10: (1,1,1,1,1)
A11: market for iron scrap, unsorted | B11: iron scrap, unsorted | C11: GLO | D11: -0.95 | E11: kilogram | F11: ecoinvent 3.10 cutoff | G11: technosphere | J11: (1,1,1,1,1)
A12: market for sodium hydroxide, without water, in 50% solution state | B12: sodium hydroxide, without water, in 50% solution state | C12: RoW | D12: 1.11 | E12: kilogram | F12: ecoinvent 3.10 cutoff | G12: technosphere | J12: (1,1,1,1,1)
A13: market for lime, packed | B13: lime, packed | C13: RoW | D13: 1.61 | E13: kilogram | F13: ecoinvent 3.10 cutoff | G13: technosphere | J13: (1,1,1,1,1)
A14: market for steam, in chemical industry | B14: steam, in chemical industry | C14: RoW | D14: 9.76 | E14: kilogram | F14: ecoinvent 3.10 cutoff | G14: technosphere | J14: (1,1,1,1,1)
A15: market group for electricity, medium voltage | B15: electricity, medium voltage | C15: CN | D15: 0.68293 | E15: kilowatt hour | F15: ecoinvent 3.10 cutoff | G15: technosphere | J15: (1,1,1,1,1)
A16: market for compressed air, 800 kPa gauge | B16: compressed air, 800 kPa gauge | C16: RoW | D16: 3.2 | E16: cubic meter | F16: ecoinvent 3.10 cutoff | G16: technosphere | J16: (1,1,1,1,1)
A17: market for compressed air, 800 kPa gauge | B17: compressed air, 800 kPa gauge | C17: RoW | D17: 0.29111 | E17: cubic meter | F17: ecoinvent 3.10 cutoff | G17: technosphere | J17: (1,1,1,1,1)
A18: market for lime, packed | B18: lime, packed | C18: RoW | D18: 1.2 | E18: kilogram | F18: ecoinvent 3.10 cutoff | G18: technosphere | J18: (1,1,1,1,1)
A19: market for ammonium sulfate | B19: ammonium sulfate | C19: RoW | D19: 2.2 | E19: kilogram | F19: ecoinvent 3.10 cutoff | G19: technosphere | J19: (1,1,1,1,1)
A20: market for chemical, inorganic | B20: chemical, inorganic | C20: GLO | D20: 20.53 | E20: kilogram | F20: ecoinvent 3.10 cutoff | G20: technosphere | J20: (1,1,1,1,1)
A21: market for tap water | B21: tap water | C21: RoW | D21: 5.08 | E21: kilogram | F21: ecoinvent 3.10 cutoff | G21: technosphere | J21: (1,1,1,1,1)
... A24: market for sodium dichromate | B24: sodium dichromate | C24: GLO | D24: -0.84 | E24: kilogram | F24: ecoinvent 3.10 cutoff | G24: technosphere | J24: (1,1,1,1,1)
A26: Activity | B26: V2O5 production in China through Sub-Molten Salt Process
A27: reference product | B27: V2O5
A28: location | B28: CN
A29: amount | B29: 1
A30: unit | B30: kilogram
A31: comment | B31: Applied AF: "Fe concentrate" input = 0.6%.
A32: Exchanges
A33: name | B33: reference product | C33: location | D33: amount | E33: unit | F33: database | G33: type | H33: categories | I33: uncertainty type | J33: pedigree | K33: loc | L33: scale | M33: minimum | N33: maximum
A34: =B26 -> V2O5 production in China through Sub-Molten Salt Process | B34: =B27 -> V2O5 | C34: =B28 -> CN | D34: 1 | E34: kilogram | F34: =F9 -> Vanadium | G34: production
A35: =A9 -> [P] Vanadium pentoxide (V2O5) production (Sub-Molten Salt process) | B35: =B9 -> V2O5 | C35: =C9 -> CN | D35: 1 | E35: =E9 -> kilogram | F35: =F9 -> Vanadium | G35: technosphere
A36: =PR3_V2O5_CN_PanSteel_Unallo!A30 -> [P+R] Crude steel production | B36: =PR3_V2O5_CN_PanSteel_Unallo!B30 -> Vanadium (V) slag | C36: =PR3_V2O5_CN_PanSteel_Unallo!C30 -> CN | D36: 10.95 | E36: =PR3_V2O5_CN_PanSteel_Unallo!E30 -> kilogram | F36: =PR3_V2O5_CN_PanSteel_Unallo!F30 -> Vanadium | G36: technosphere
A37: =PR3_V2O5_CN_PanSteel_Unallo!A9 -> [M+C] Iron (Fe) ore mining and concentration | B37: =PR3_V2O5_CN_PanSteel_Unallo!B9 -> Fe concentrate | C37: =PR3_V2O5_CN_PanSteel_Unallo!C9 -> CN | D37: 4.0864932 | E37: =PR3_V2O5_CN_PanSteel_Unallo!E9 -> kilogram | F37: =PR3_V2O5_CN_PanSteel_Unallo!F9 -> Vanadium | G37: technosphere
A39: Activity | B39: V2O5 production in China through Sub-Molten Salt Process (V content)
A40: reference product | B40: V2O5 (V content)
A41: location | B41: CN
A42: amount | B42: 1
A43: unit | B43: kilogram
A44: comment | B44: Activity expressed for 1 kg V contained Applied AF: "Fe concentrate" input = 0.6%.
A45: Exchanges
A46: name | B46: reference product | C46: location | D46: amount | E46: unit | F46: database | G46: type | H46: categories | I46: uncertainty type | J46: pedigree | K46: loc | L46: scale | M46: minimum | N46: maximum
A47: =B39 -> V2O5 production in China through Sub-Molten Salt Process (V content) | B47: =B40 -> V2O5 (V content) | C47: =B41 -> CN | D47: 1 | E47: kilogram | F47: =F34 -> Vanadium | G47: production
A48: =A35 -> [P] Vanadium pentoxide (V2O5) production (Sub-Molten Salt process) | B48: =B35 -> V2O5 | C48: =C35 -> CN | D48: 1.7850768 | E48: =E35 -> kilogram | F48: =F35 -> Vanadium | G48: =G35 -> technosphere
A49: =A36 -> [P+R] Crude steel production | B49: =B36 -> Vanadium (V) slag | C49: =C36 -> CN | D49: 19.546591 | E49: =E36 -> kilogram | F49: =F36 -> Vanadium | G49: =G36 -> technosphere
A50: =A37 -> [M+C] Iron (Fe) ore mining and concentration | B50: =B37 -> Fe concentrate | C50: =C37 -> CN | D50: 7.2947041 | E50: =E37 -> kilogram | F50: =F37 -> Vanadium | G50: =G37 -> technosphere

Sheet PR3_V2O5_CN_PanSteel
A1: Activity | B1: [M+C] Iron (Fe) ore mining and concentration
A2: reference product | B2: Fe concentrate
A3: location | B3: CN
A4: amount | B4: 1
A5: unit | B5: kilogram
A6: comment | B6: n/a
A7: Exchanges
A8: name | B8: reference product | C8: location | D8: amount | E8: unit | F8: database | G8: type | H8: categories | I8: uncertainty type | J8: pedigree | K8: loc | L8: scale | M8: minimum | N8: maximum
A9: =B1 -> [M+C] Iron (Fe) ore mining and concentration | B9: =B2 -> Fe concentrate | C9: =B3 -> CN | D9: 1 | E9: kilogram | F9: =V_Market_GLO!B1 -> Vanadium | G9: production
A10: market for iron ore, crude ore, 46% Fe | B10: iron ore, crude ore, 46% Fe | C10: GLO | D10: 2.2998478 | E10: kilogram | F10: ecoinvent 3.10 cutoff | G10: technosphere | J10: (1.0,1,5,1,1)
A11: market for steel, low-alloyed | B11: steel, low-alloyed | C11: GLO | D11: 0.0010147133 | E11: kilogram | F11: ecoinvent 3.10 cutoff | G11: technosphere | J11: (1.0,1,5,1,1)
A12: market group for electricity, medium voltage | B12: electricity, medium voltage | C12: CN | D12: 0.037544394 | E12: kilowatt hour | F12: ecoinvent 3.10 cutoff | G12: technosphere | J12: (1.0,1,5,1,1)
A13: market for non-sulfidic tailing, off-site | B13: non-sulfidic tailing, off-site | C13: GLO | D13: -1.072552 | E13: kilogram | F13: ecoinvent 3.10 cutoff | G13: technosphere | J13: (1.0,1,5,1,1)
A14: Carbon dioxide, fossil | D14: 0.18396753 | E14: kilogram | F14: biosphere3 | G14: biosphere | H14: air | J14: (5.0,1,5,1,1)
A15: Sulfur dioxide | D15: 0.015638762 | E15: kilogram | F15: biosphere3 | G15: biosphere | H15: air | J15: (5.0,1,5,1,1)
A16: Carbon monoxide, fossil | D16: 0.11499239 | E16: kilogram | F16: biosphere3 | G16: biosphere | H16: air | J16: (5.0,1,5,1,1)
A17: Nitrogen oxides | D17: 0.0073597159 | E17: kilogram | F17: biosphere3 | G17: biosphere | H17: air | J17: (5.0,1,5,1,1)
A18: Methane, fossil | D18: 0.0052897007 | E18: kilogram | F18: biosphere3 | G18: biosphere | H18: air | J18: (5.0,1,5,1,1)
A19: Particulate Matter, > 2.5 um and < 10um | D19: 0.075895485 | E19: kilogram | F19: biosphere3 | G19: biosphere | H19: air | J19: (5.0,1,5,1,1)
A21: Activity | B21: [P+R] Crude steel production
A22: reference product | B22: Vanadium (V) slag
A23: location | B23: CN
A24: amount | B24: 1
A25: unit | B25: kilogram
A26: comment | B26: Allocated unit process, considering as allocation factors (AF): 0.6% for V (1 kg slag) and 99.4% for Steel (36 kg).
A27: Exchanges
A28: name | B28: reference product | C28: location | D28: amount | E28: unit | F28: database | G28: type | H28: categories | I28: uncertainty type | J28: pedigree | K28: loc | L28: scale | M28: minimum | N28: maximum
A29: =B21 -> [P+R] Crude steel production | B29: =B22 -> Vanadium (V) slag | C29: =B23 -> CN | D29: 1 | E29: kilogram | F29: =F9 -> Vanadium | G29: production
A30: market for hard coal | B30: hard coal | C30: CN | D30: 0.013101552 | E30: kilogram | F30: ecoinvent 3.10 cutoff | G30: technosphere | J30: (1.0,1,5,1,1)
A31: market for limestone, crushed, washed | B31: limestone, crushed, washed | C31: RoW | D31: 0.040870667 | E31: kilogram | F31: ecoinvent 3.10 cutoff | G31: technosphere | J31: (1.0,1,5,1,1)
A32: =A109 -> Quicklime production | B32: =B109 -> Quicklime | C32: =C109 -> CN | D32: 0.021174226 | E32: =E109 -> kilogram | F32: =F109 -> Vanadium | G32: technosphere
A33: =A92 -> Coke production | B33: =B92 -> Coke | C33: =C92 -> CN | D33: 0.018968577 | E33: =E92 -> kilogram | F33: =F92 -> Vanadium | G33: technosphere
A34: =A92 -> Coke production | B34: =B92 -> Coke | C34: =C92 -> CN | D34: 0.0013895586 | E34: =E92 -> kilogram | F34: =F92 -> Vanadium | G34: technosphere
A35: market group for electricity, medium voltage | B35: electricity, medium voltage | C35: CN | D35: 0.020314023 | E35: kilowatt hour | F35: ecoinvent 3.10 cutoff | G35: technosphere | J35: (1.0,1,5,1,1)
A36: market for bentonite | B36: bentonite | C36: GLO | D36: 0.001543954 | E36: kilogram | F36: ecoinvent 3.10 cutoff | G36: technosphere | J36: (1.0,1,5,1,1)
A37: market group for electricity, medium voltage | B37: electricity, medium voltage | C37: CN | D37: 0.0030217385 | E37: kilowatt hour | F37: ecoinvent 3.10 cutoff | G37: technosphere | J37: (1.0,1,5,1,1)
A38: market for iron ore, crude ore, 46% Fe | B38: iron ore, crude ore, 46% Fe | C38: GLO | D38: 0.025144393 | E38: kilogram | F38: ecoinvent 3.10 cutoff | G38: technosphere | J38: (1.0,1,5,1,1)
A39: market for hard coal | B39: hard coal | C39: CN | D39: 0.030437949 | E39: kilogram | F39: ecoinvent 3.10 cutoff | G39: technosphere | J39: (1.0,1,5,1,1)
A40: =A92 -> Coke production | B40: =B92 -> Coke | C40: =C92 -> CN | D40: 0.10763565 | E40: =E92 -> kilogram | F40: =F92 -> Vanadium | G40: technosphere | J40: (1.0,1,5,1,1)
A41: =A92 -> Coke production | B41: =B92 -> Coke | C41: =C92 -> CN | D41: 0.00072786401 | E41: =E92 -> kilogram | F41: =F92 -> Vanadium | G41: technosphere | J41: (1.0,1,5,1,1)
A42: market group for electricity, medium voltage | B42: electricity, medium voltage | C42: CN | D42: 0.0046759748 | E42: kilowatt hour | F42: ecoinvent 3.10 cutoff | G42: technosphere | J42: (1.0,1,5,1,1)
A43: market for blast furnace slag | B43: blast furnace slag | C43: RoW | D43: -0.15483653 | E43: kilogram | F43: ecoinvent 3.10 cutoff | G43: technosphere | J43: (1.0,1,5,1,1)
A44: market for chemical, inorganic | B44: chemical, inorganic | C44: GLO | D44: 0.0033084728 | E44: kilogram | F44: ecoinvent 3.10 cutoff | G44: technosphere | J44: (1.0,1,5,1,1)
A45: market for fluorspar, 97% purity | B45: fluorspar, 97% purity | C45: GLO | D45: 0.0013233891 | E45: kilogram | F45: ecoinvent 3.10 cutoff | G45: technosphere | J45: (1.0,1,5,1,1)
A46: market for limestone, crushed, washed | B46: limestone, crushed, washed | C46: RoW | D46: 0.014336715 | E46: kilogram | F46: ecoinvent 3.10 cutoff | G46: technosphere | J46: (1.0,1,5,1,1)
A47: =A92 -> Coke production | B47: =B92 -> Coke | C47: =C92 -> CN | D47: 3.5290376e-05 | E47: =E92 -> kilogram | F47: =F92 -> Vanadium | G47: technosphere | J47: (1.0,1,5,1,1)
A48: market group for electricity, medium voltage | B48: electricity, medium voltage | C48: CN | D48: 0.004411297 | E48: kilowatt hour | F48: ecoinvent 3.10 cutoff | G48: technosphere | J48: (1.0,1,5,1,1)
A49: market for basic oxygen furnace slag | B49: basic oxygen furnace slag | C49: RoW | D49: -0.026467782 | E49: kilogram | F49: ecoinvent 3.10 cutoff | G49: technosphere | J49: (1.0,1,5,1,1)
A50: Carbon dioxide, fossil | D50: 0.085821784 | E50: kilogram | F50: biosphere3 | G50: biosphere | H50: air | J50: (5.0,1,5,1,1)
A51: Sulfur dioxide | D51: 0.003630718 | E51: kilogram | F51: biosphere3 | G51: biosphere | H51: air | J51: (5.0,1,5,1,1)
A52: Carbon monoxide, fossil | D52: 0.011795808 | E52: kilogram | F52: biosphere3 | G52: biosphere | H52: air | J52: (5.0,1,5,1,1)
A53: Nitrogen oxides | D53: 0.0013480924 | E53: kilogram | F53: biosphere3 | G53: biosphere | H53: air | J53: (5.0,1,5,1,1)
A54: Particulate Matter, > 2.5 um and < 10um | D54: 0.01006658 | E54: kilogram | F54: biosphere3 | G54: biosphere | H54: air | J54: (5.0,1,5,1,1)
A55: Carbon dioxide, fossil | D55: 0.19191348 | E55: kilogram | F55: biosphere3 | G55: biosphere | H55: air | J55: (5.0,1,5,1,1)
A56: Sulfur dioxide | D56: 0.0015046934 | E56: kilogram | F56: biosphere3 | G56: biosphere | H56: air | J56: (5.0,1,5,1,1)
A57: Nitrogen oxides | D57: 0.0013463279 | E57: kilogram | F57: biosphere3 | G57: biosphere | H57: air | J57: (5.0,1,5,1,1)
A58: Particulate Matter, > 2.5 um and < 10um | D58: 0.0024041569 | E58: kilogram | F58: biosphere3 | G58: biosphere | H58: air | J58: (5.0,1,5,1,1)
A59: Carbon dioxide, fossil | D59: 0.036613765 | E59: kilogram | F59: biosphere3 | G59: biosphere | H59: air | J59: (5.0,1,5,1,1)
A60: Sulfur dioxide | D60: 0.00022762293 | E60: kilogram | F60: biosphere3 | G60: biosphere | H60: air | J60: (5.0,1,5,1,1)
A61: Carbon monoxide, fossil | D61: 0.0017671656 | E61: kilogram | F61: biosphere3 | G61: biosphere | H61: air | J61: (5.0,1,5,1,1)
A62: Particulate Matter, > 2.5 um and < 10um | D62: 0.0057810047 | E62: kilogram | F62: biosphere3 | G62: biosphere | H62: air | J62: (5.0,1,5,1,1)
A64: Activity | B64: [P] Vanadium pentoxide (V2O5) production
A65: reference product | B65: V2O5
A66: location | B66: CN
A67: amount | B67: 1
A68: unit | B68: kilogram
A69: comment | B69: Allocated unit process, considering as allocation factors (AF): 48% for V (1 kg V2O5) and 52% for Fe (1.2 kg).
A70: Exchanges
A71: name | B71: reference product | C71: location | D71: amount | E71: unit | F71: database | G71: type | H71: categories | I71: uncertainty type | J71: pedigree | K71: loc | L71: scale | M71: minimum | N71: maximum
A72: =B64 -> [P] Vanadium pentoxide (V2O5) production | B72: =B65 -> V2O5 | C72: =B66 -> CN | D72: 1 | E72: kilogram | F72: =F29 -> Vanadium | G72: production
A73: =A92 -> Coke production | B73: =B92 -> Coke | C73: =C92 -> CN | D73: 0.76718171 | E73: =E92 -> kilogram | F73: =F92 -> Vanadium | G73: technosphere | J73: (1.0,1,5,1,1)
A74: market for ammonium sulfate | B74: ammonium sulfate | C74: RoW | D74: 0.37713038 | E74: kilogram | F74: ecoinvent 3.10 cutoff | G74: technosphere | J74: (1.0,1,5,1,1)
A75: market for salt | B75: salt | C75: GLO | D75: 0.28042511 | E75: kilogram | F75: ecoinvent 3.10 cutoff | G75: technosphere | J75: (1.0,1,5,1,1)
A76: market for sulfuric acid | B76: sulfuric acid | C76: RoW | D76: 0.33372405 | E76: kilogram | F76: ecoinvent 3.10 cutoff | G76: technosphere | J76: (1.0,1,5,1,1)
A77: market for sodium hydroxide, without water, in 50% solution state | B77: sodium hydroxide, without water, in 50% solution state | C77: RoW | D77: 0.72054514 | E77: kilogram | F77: ecoinvent 3.10 cutoff | G77: technosphere | J77: (1.0,1,5,1,1)
A78: market group for electricity, medium voltage | B78: electricity, medium voltage | C78: CN | D78: 1.2517175 | E78: kilowatt hour | F78: ecoinvent 3.10 cutoff | G78: technosphere | J78: (1.0,1,5,1,1)
A79: market for basic oxygen furnace slag | B79: basic oxygen furnace slag | C79: RoW | D79: -5.1360797 | E79: kilogram | F79: ecoinvent 3.10 cutoff | G79: technosphere | J79: (1.0,1,5,1,1)
A80: Carbon dioxide, fossil | D80: 2.4630571 | E80: kilogram | F80: biosphere3 | G80: biosphere | H80: air | J80: (5.0,1,5,1,1)
A81: Sulfur dioxide | D81: 0.010296386 | E81: kilogram | F81: biosphere3 | G81: biosphere | H81: air | J81: (5.0,1,5,1,1)
A82: Particulate Matter, > 2.5 um and < 10um | D82: 0.18977653 | E82: kilogram | F82: biosphere3 | G82: biosphere | H82: air | J82: (5.0,1,5,1,1)
A84: Activity | B84: Coke production
A85: reference product | B85: Coke
A86: location | B86: CN
A87: amount | B87: 1
A88: unit | B88: kilogram
A89: comment | B89: n/a
A90: Exchanges
A91: name | B91: reference product | C91: location | D91: amount | E91: unit | F91: database | G91: type | H91: categories | I91: uncertainty type | J91: pedigree | K91: loc | L91: scale | M91: minimum | N91: maximum
A92: =B84 -> Coke production | B92: =B85 -> Coke | C92: =B86 -> CN | D92: 1 | E92: kilogram | F92: =F72 -> Vanadium | G92: production
A93: market for hard coal | B93: hard coal | C93: CN | D93: 1.4795222 | E93: kilogram | F93: ecoinvent 3.10 cutoff | G93: technosphere | J93: (1.0,1,5,1,1)
A94: market group for electricity, medium voltage | B94: electricity, medium voltage | C94: CN | D94: 0.034982935 | E94: kilowatt hour | F94: ecoinvent 3.10 cutoff | G94: technosphere | J94: (1.0,1,5,1,1)
A95: Carbon dioxide, fossil | D95: 0.42116041 | E95: kilogram | F95: biosphere3 | G95: biosphere | H95: air | J95: (5.0,1,5,1,1)
A96: Sulfur dioxide | D96: 0.0021313993 | E96: kilogram | F96: biosphere3 | G96: biosphere | H96: air | J96: (5.0,1,5,1,1)
A97: Carbon monoxide, fossil | D97: 0.0003003413 | E97: kilogram | F97: biosphere3 | G97: biosphere | H97: air | J97: (5.0,1,5,1,1)
A98: Nitrogen oxides | D98: 0.00037030717 | E98: kilogram | F98: biosphere3 | G98: biosphere | H98: air | J98: (5.0,1,5,1,1)
A99: Particulate Matter, > 2.5 um and < 10um | D99: 0.00064846416 | E99: kilogram | F99: biosphere3 | G99: biosphere | H99: air | J99: (5.0,1,5,1,1)
A101: Activity | B101: Quicklime production
A102: reference product | B102: Quicklime
A103: location | B103: CN
A104: amount | B104: 1
...

Sheet PR3_V2O5_CN_PanSteel_Unallo
A1: Activity | B1: [M+C] Iron (Fe) ore mining and concentration
A2: reference product | B2: Fe concentrate
A3: location | B3: CN
A4: amount | B4: 1
A5: unit | B5: kilogram
A6: comment | B6: n/a
A7: Exchanges
A8: name | B8: reference product | C8: location | D8: amount | E8: unit | F8: database | G8: type | H8: categories | I8: uncertainty type | J8: pedigree | K8: loc | L8: scale | M8: minimum | N8: maximum
A9: =B1 -> [M+C] Iron (Fe) ore mining and concentration | B9: =B2 -> Fe concentrate | C9: =B3 -> CN | D9: 1 | E9: kilogram | F9: =V_Market_GLO!B1 -> Vanadium | G9: production
A10: market for iron ore, crude ore, 46% Fe | B10: iron ore, crude ore, 46% Fe | C10: GLO | D10: 2.2998478 | E10: kilogram | F10: ecoinvent 3.10 cutoff | G10: technosphere | J10: (1.0,1,5,1,1)
A11: market for steel, low-alloyed | B11: steel, low-alloyed | C11: GLO | D11: 0.0010147133 | E11: kilogram | F11: ecoinvent 3.10 cutoff | G11: technosphere | J11: (1.0,1,5,1,1)
A12: market group for electricity, medium voltage | B12: electricity, medium voltage | C12: CN | D12: 0.037544394 | E12: kilowatt hour | F12: ecoinvent 3.10 cutoff | G12: technosphere | J12: (1.0,1,5,1,1)
A13: n/a (Concentrate) | D13: 1 | E13: kilogram | F13: ecoinvent 3.10 cutoff | G13: technosphere | J13: (1.0,1,5,1,1)
A14: market for non-sulfidic tailing, off-site | B14: non-sulfidic tailing, off-site | C14: GLO | D14: -1.072552 | E14: kilogram | F14: ecoinvent 3.10 cutoff | G14: technosphere | J14: (1.0,1,5,1,1)
A15: Carbon dioxide, fossil | D15: 0.18396753 | E15: kilogram | F15: biosphere3 | G15: biosphere | H15: air | J15: (5.0,1,5,1,1)
A16: Sulfur dioxide | D16: 0.015638762 | E16: kilogram | F16: biosphere3 | G16: biosphere | H16: air | J16: (5.0,1,5,1,1)
A17: Carbon monoxide, fossil | D17: 0.11499239 | E17: kilogram | F17: biosphere3 | G17: biosphere | H17: air | J17: (5.0,1,5,1,1)
A18: Nitrogen oxides | D18: 0.0073597159 | E18: kilogram | F18: biosphere3 | G18: biosphere | H18: air | J18: (5.0,1,5,1,1)
A19: Methane, fossil | D19: 0.0052897007 | E19: kilogram | F19: biosphere3 | G19: biosphere | H19: air | J19: (5.0,1,5,1,1)
A20: Particulate Matter, > 2.5 um and < 10um | D20: 0.075895485 | E20: kilogram | F20: biosphere3 | G20: biosphere | H20: air | J20: (5.0,1,5,1,1)
A22: Activity | B22: [P+R] Crude steel production
A23: reference product | B23: Vanadium (V) slag
A24: location | B24: CN
A25: amount | B25: 1
A26: unit | B26: kilogram
A27: comment | B27: Unallocated LCI
A28: Exchanges
A29: name | B29: reference product | C29: location | D29: amount | E29: unit | F29: database | G29: type | H29: categories | I29: uncertainty type | J29: pedigree | K29: loc | L29: scale | M29: minimum | N29: maximum
A30: =B22 -> [P+R] Crude steel production | B30: =B23 -> Vanadium (V) slag | C30: =B24 -> CN | D30: 1 | E30: kilogram | F30: =F9 -> Vanadium | G30: production
A31: market for hard coal | B31: hard coal | C31: CN | D31: 0.0594 | E31: kilogram | F31: ecoinvent 3.10 cutoff | G31: technosphere | J31: (1.0,1,5,1,1)
A32: n/a (Common concentrate) | D32: 0.279 | E32: kilogram | F32: ecoinvent 3.10 cutoff | G32: technosphere | J32: (1.0,1,5,1,1)
A33: n/a (VTMC) | D33: 1.241 | E33: kilogram | F33: ecoinvent 3.10 cutoff | G33: technosphere | J33: (1.0,1,5,1,1)
A34: market for limestone, crushed, washed | B34: limestone, crushed, washed | C34: RoW | D34: 0.1853 | E34: kilogram | F34: ecoinvent 3.10 cutoff | G34: technosphere | J34: (1.0,1,5,1,1)
A35: =A132 -> Quicklime production | B35: =B132 -> Quicklime | C35: =C132 -> CN | D35: 0.096 | E35: =E132 -> kilogram | F35: =F132 -> Vanadium | G35: technosphere
A36: =A111 -> Coke production | B36: =B111 -> Coke | C36: =C111 -> CN | D36: 0.086 | E36: =E111 -> kilogram | F36: =F111 -> Vanadium | G36: technosphere
A37: =A111 -> Coke production | B37: =B111 -> Coke | C37: =C111 -> CN | D37: 0.0063 | E37: =E111 -> kilogram | F37: =F111 -> Vanadium | G37: technosphere
A38: market group for electricity, medium voltage | B38: electricity, medium voltage | C38: CN | D38: 0.0921 | E38: kilowatt hour | F38: ecoinvent 3.10 cutoff | G38: technosphere | J38: (1.0,1,5,1,1)
A39: n/a (Sinter ores) | D39: 1.718 | E39: kilogram | F39: ecoinvent 3.10 cutoff | G39: technosphere | J39: (1.0,1,5,1,1)
A40: n/a (VTMC) | D40: 0.451 | E40: kilogram | F40: ecoinvent 3.10 cutoff | G40: technosphere | J40: (1.0,1,5,1,1)
A41: market for bentonite | B41: bentonite | C41: GLO | D41: 0.007 | E41: kilogram | F41: ecoinvent 3.10 cutoff | G41: technosphere | J41: (1.0,1,5,1,1)
A42: market group for electricity, medium voltage | B42: electricity, medium voltage | C42: CN | D42: 0.0137 | E42: kilowatt hour | F42: ecoinvent 3.10 cutoff | G42: technosphere | J42: (1.0,1,5,1,1)
A43: n/a (Pellet ores) | D43: 0.458 | E43: kilogram | F43: ecoinvent 3.10 cutoff | G43: technosphere | J43: (1.0,1,5,1,1)
A44: market for iron ore, crude ore, 46% Fe | B44: iron ore, crude ore, 46% Fe | C44: GLO | D44: 0.114 | E44: kilogram | F44: ecoinvent 3.10 cutoff | G44: technosphere | J44: (1.0,1,5,1,1)
A45: n/a (Sinter ores) | D45: 1.718 | E45: kilogram | F45: ecoinvent 3.10 cutoff | G45: technosphere | J45: (1.0,1,5,1,1)
A46: n/a (Pellet ores) | D46: 0.458 | E46: kilogram | F46: ecoinvent 3.10 cutoff | G46: technosphere | J46: (1.0,1,5,1,1)
A47: market for hard coal | B47: hard coal | C47: CN | D47: 0.138 | E47: kilogram | F47: ecoinvent 3.10 cutoff | G47: technosphere | J47: (1.0,1,5,1,1)
A48: =A111 -> Coke production | B48: =B111 -> Coke | C48: =C111 -> CN | D48: 0.488 | E48: =E111 -> kilogram | F48: =F111 -> Vanadium | G48: technosphere | J48: (1.0,1,5,1,1)
A49: =A111 -> Coke production | B49: =B111 -> Coke | C49: =C111 -> CN | D49: 0.0033 | E49: =E111 -> kilogram | F49: =F111 -> Vanadium | G49: technosphere | J49: (1.0,1,5,1,1)
A50: n/a (BFG) | D50: 1.061 | E50: kilogram | F50: ecoinvent 3.10 cutoff | G50: technosphere | J50: (1.0,1,5,1,1)
A51: market group for electricity, medium voltage | B51: electricity, medium voltage | C51: CN | D51: 0.0212 | E51: kilowatt hour | F51: ecoinvent 3.10 cutoff | G51: technosphere | J51: (1.0,1,5,1,1)
A52: n/a (Pig iron) | D52: 1.08 | E52: kilogram | F52: ecoinvent 3.10 cutoff | G52: technosphere | J52: (1.0,1,5,1,1)
A53: market for blast furnace slag | B53: blast furnace slag | C53: RoW | D53: -0.702 | E53: kilogram | F53: ecoinvent 3.10 cutoff | G53: technosphere | J53: (1.0,1,5,1,1)
A54: n/a (BFG) | D54: 2.91 | E54: kilogram | F54: ecoinvent 3.10 cutoff | G54: technosphere | J54: (nan,1,5,1,1)
A55: market for chemical, inorganic | B55: chemical, inorganic | C55: GLO | D55: 0.015 | E55: kilogram | F55: ecoinvent 3.10 cutoff | G55: technosphere | J55: (1.0,1,5,1,1)
A56: market for fluorspar, 97% purity | B56: fluorspar, 97% purity | C56: GLO | D56: 0.006 | E56: kilogram | F56: ecoinvent 3.10 cutoff | G56: technosphere | J56: (1.0,1,5,1,1)
A57: n/a (Pig iron) | D57: 1.08 | E57: kilogram | F57: ecoinvent 3.10 cutoff | G57: technosphere | J57: (1.0,1,5,1,1)
A58: market for limestone, crushed, washed | B58: limestone, crushed, washed | C58: RoW | D58: 0.065 | E58: kilogram | F58: ecoinvent 3.10 cutoff | G58: technosphere | J58: (1.0,1,5,1,1)
A59: =A111 -> Coke production | B59: =B111 -> Coke | C59: =C111 -> CN | D59: 0.00016 | E59: =E111 -> kilogram | F59: =F111 -> Vanadium | G59: technosphere | J59: (1.0,1,5,1,1)
A60: n/a (BFG) | D60: 0.002 | E60: kilogram | F60: ecoinvent 3.10 cutoff | G60: technosphere | J60: (1.0,1,5,1,1)
A61: market group for electricity, medium voltage | B61: electricity, medium voltage | C61: CN | D61: 0.02 | E61: kilowatt hour | F61: ecoinvent 3.10 cutoff | G61: technosphere | J61: (1.0,1,5,1,1)
A62: n/a (Vanadium-bearing slag) | D62: 0.028 | E62: kilogram | F62: ecoinvent 3.10 cutoff | G62: technosphere | J62: (1.0,1,5,1,1)
A63: n/a (Crude steel) | D63: 1 | E63: kilogram | F63: ecoinvent 3.10 cutoff | G63: technosphere | J63: (1.0,1,5,1,1)
A64: market for basic oxygen furnace slag | B64: basic oxygen furnace slag | C64: RoW | D64: -0.12 | E64: kilogram | F64: ecoinvent 3.10 cutoff | G64: technosphere | J64: (1.0,1,5,1,1)
A65: Carbon dioxide, fossil | D65: 0.3891 | E65: kilogram | F65: biosphere3 | G65: biosphere | H65: air | J65: (5.0,1,5,1,1)
A66: Sulfur dioxide | D66: 0.016461 | E66: kilogram | F66: biosphere3 | G66: biosphere | H66: air | J66: (5.0,1,5,1,1)
A67: Carbon monoxide, fossil | D67: 0.05348 | E67: kilogram | F67: biosphere3 | G67: biosphere | H67: air | J67: (5.0,1,5,1,1)
A68: Nitrogen oxides | D68: 0.006112 | E68: kilogram | F68: biosphere3 | G68: biosphere | H68: air | J68: (5.0,1,5,1,1)
A69: Particulate Matter, > 2.5 um and < 10um | D69: 0.04564 | E69: kilogram | F69: biosphere3 | G69: biosphere | H69: air | J69: (5.0,1,5,1,1)
A70: Carbon dioxide, fossil | D70: 0.8701 | E70: kilogram | F70: biosphere3 | G70: biosphere | H70: air | J70: (5.0,1,5,1,1)
A71: Sulfur dioxide | D71: 0.006822 | E71: kilogram | F71: biosphere3 | G71: biosphere | H71: air | J71: (5.0,1,5,1,1)
A72: Nitrogen oxides | D72: 0.006104 | E72: kilogram | F72: biosphere3 | G72: biosphere | H72: air | J72: (5.0,1,5,1,1)
A73: Particulate Matter, > 2.5 um and < 10um | D73: 0.0109 | E73: kilogram | F73: biosphere3 | G73: biosphere | H73: air | J73: (5.0,1,5,1,1)
A74: Carbon dioxide, fossil | D74: 0.166 | E74: kilogram | F74: biosphere3 | G74: biosphere | H74: air | J74: (5.0,1,5,1,1)
A75: Sulfur dioxide | D75: 0.001032 | E75: kilogram | F75: biosphere3 | G75: biosphere | H75: air | J75: (5.0,1,5,1,1)
A76: Carbon monoxide, fossil | D76: 0.008012 | E76: kilogram | F76: biosphere3 | G76: biosphere | H76: air | J76: (5.0,1,5,1,1)
A77: Particulate Matter, > 2.5 um and < 10um | D77: 0.02621 | E77: kilogram | F77: biosphere3 | G77: biosphere | H77: air | J77: (5.0,1,5,1,1)
A79: Activity | B79: [P] Vanadium pentoxide (V2O5) production
A80: reference product | B80: V2O5
A81: location | B81: CN
A82: amount | B82: 1
A83: unit | B83: kilogram
A84: comment | B84: Unallocated LCI
A85: Exchanges
A86: name | B86: reference product | C86: location | D86: amount | E86: unit | F86: database | G86: type | H86: categories | I86: uncertainty type | J86: pedigree | K86: loc | L86: scale | M86: minimum | N86: maximum
A87: =B79 -> [P] Vanadium pentoxide (V2O5) production | B87: =B80 -> V2O5 | C87: =B81 -> CN | D87: 1 | E87: kilogram | F87: =F30 -> Vanadium | G87: production
A88: n/a (Vanadium-bearing slag) | D88: 11.691023 | E88: kilogram | F88: ecoinvent 3.10 cutoff | G88: technosphere | J88: (1.0,1,5,1,1)
A89: =A111 -> Coke production | B89: =B111 -> Coke | C89: =C111 -> CN | D89: 1.5866388 | E89: =E111 -> kilogram | F89: =F111 -> Vanadium | G89: technosphere | J89: (1.0,1,5,1,1)
A90: market for ammonium sulfate | B90: ammonium sulfate | C90: RoW | D90: 0.77995825 | E90: kilogram | F90: ecoinvent 3.10 cutoff | G90: technosphere | J90: (1.0,1,5,1,1)
A91: market for salt | B91: salt | C91: GLO | D91: 0.57995825 | E91: kilogram | F91: ecoinvent 3.10 cutoff | G91: technosphere | J91: (1.0,1,5,1,1)
A92: market for sulfuric acid | B92: sulfuric acid | C92: RoW | D92: 0.69018789 | E92: kilogram | F92: ecoinvent 3.10 cutoff | G92: technosphere | J92: (1.0,1,5,1,1)
A93: n/a (BFG) | D93: 7.473904 | E93: kilogram | F93: ecoinvent 3.10 cutoff | G93: technosphere | J93: (1.0,1,5,1,1)
A94: market for sodium hydroxide, without water, in 50% solution state | B94: sodium hydroxide, without water, in 50% solution state | C94: RoW | D94: 1.4901879 | E94: kilogram | F94: ecoinvent 3.10 cutoff | G94: technosphere | J94: (1.0,1,5,1,1)
A95: market group for electricity, medium voltage | B95: electricity, medium voltage | C95: CN | D95: 2.5887265 | E95: kilowatt hour | F95: ecoinvent 3.10 cutoff | G95: technosphere | J95: (1.0,1,5,1,1)
A96: n/a (V2O5) | D96: 1 | E96: kilogram | F96: ecoinvent 3.10 cutoff | G96: technosphere | J96: (1.0,1,5,1,1)
A97: n/a (Iron) | D97: 1.2 | E97: kilogram | F97: ecoinvent 3.10 cutoff | G97: technosphere | J97: (1.0,1,5,1,1)
A98: market for basic oxygen furnace slag | B98: basic oxygen furnace slag | C98: RoW | D98: -10.622129 | E98: kilogram | F98: ecoinvent 3.10 cutoff | G98: technosphere | J98: (1.0,1,5,1,1)
A99: Carbon dioxide, fossil | D99: 5.0939457 | E99: kilogram | F99: biosphere3 | G99: biosphere | H99: air | J99: (5.0,1,5,1,1)
A100: Sulfur dioxide | D100: 0.021294363 | E100: kilogram | F100: biosphere3 | G100: biosphere | H100: air | J100: (5.0,1,5,1,1)
A101: Particulate Matter, > 2.5 um and < 10um | D101: 0.39248434 | E101: kilogram | F101: biosphere3 | G101: biosphere | H101: air | J101: (5.0,1,5,1,1)
A103: Activity | B103: Coke production
...

Sheet PR4_V2O5_ZA_Mapochs
A1: Activity | B1: [M+C+P] Iron (Fe) production
A2: reference product | B2: Fe
A3: location | B3: ZA
A4: amount | B4: 1
A5: unit | B5: kilogram
A6: comment | B6: n/a
A7: Exchanges
A8: name | B8: reference product | C8: location | D8: amount | E8: unit | F8: database | G8: type | H8: categories | I8: uncertainty type | J8: pedigree | K8: loc | L8: scale | M8: minimum | N8: maximum
A9: =B1 -> [M+C+P] Iron (Fe) production | B9: =B2 -> Fe | C9: =B3 -> ZA | D9: 1 | E9: kilogram | F9: =V_Market_GLO!B1 -> Vanadium | G9: production
A10: market for rock crushing | B10: rock crushing | C10: GLO | D10: 1.8248175 | E10: kilogram | F10: ecoinvent 3.10 cutoff | G10: technosphere | J10: (2,5,3,5,5)
A11: market for electricity, medium voltage | B11: electricity, medium voltage | C11: ZA | D11: 1.6476575 | E11: kilowatt hour | F11: ecoinvent 3.10 cutoff | G11: technosphere | J11: (2,5,3,5,5)
A12: market for hard coal | B12: hard coal | C12: ZA | D12: 0.80291971 | E12: kilogram | F12: ecoinvent 3.10 cutoff | G12: technosphere | J12: (2,5,3,5,5)
A13: market for dolomite | B13: dolomite | C13: RoW | D13: 0.40145985 | E13: kilogram | F13: ecoinvent 3.10 cutoff | G13: technosphere | J13: (2,5,3,5,5)
A14: market for transport, freight train | B14: transport, freight train | C14: ZA | D14: 0.20072993 | E14: ton kilometer | F14: ecoinvent 3.10 cutoff | G14: technosphere | J14: (2,5,3,5,5)
A15: market for silica sand | B15: silica sand | C15: GLO | D15: 0.027372263 | E15: kilogram | F15: ecoinvent 3.10 cutoff | G15: technosphere | J15: (2,5,3,5,5)
A16: market for anode, for metal electrolysis | B16: anode, for metal electrolysis | C16: GLO | D16: 0.0054744526 | E16: kilogram | F16: ecoinvent 3.10 cutoff | G16: technosphere | J16: (2,5,3,5,5)
A17: market for electric arc furnace converter | B17: electric arc furnace converter | C17: GLO | D17: 7.2992701e-11 | E17: unit | F17: ecoinvent 3.10 cutoff | G17: technosphere | J17: (2,5,3,5,5)
A18: market for iron ore, crude ore, 46% Fe | B18: iron ore, crude ore, 46% Fe | C18: GLO | D18: 1.8248175 | E18: kilogram | F18: ecoinvent 3.10 cutoff | G18: technosphere | J18: (2,5,3,5,5)
A19: market for titania slag, 85% titanium dioxide | B19: titania slag, 85% titanium dioxide | C19: GLO | D19: -0.81751825 | E19: kilogram | F19: ecoinvent 3.10 cutoff | G19: technosphere | J19: (2,5,3,5,5)
A20: market for hard coal ash | B20: hard coal ash | C20: RoW | D20: -0.80291971 | E20: kilogram | F20: ecoinvent 3.10 cutoff | G20: technosphere | J20: (2,5,3,5,5)
A21: treatment of electric arc furnace slag, residual material landfill | B21: electric arc furnace slag | C21: RoW | D21: -0.43613139 | E21: kilogram | F21: ecoinvent 3.10 cutoff | G21: technosphere | J21: (2,5,3,5,5)
A22: Carbon dioxide, fossil | D22: 1.4071326 | E22: kilogram | F22: biosphere3 | G22: biosphere | H22: air::non-urban air or from high stacks | J22: (2,5,3,5,5)
A23: Sulfur dioxide | D23: 0.01171278 | E23: kilogram | F23: biosphere3 | G23: biosphere | H23: air::non-urban air or from high stacks | J23: (2,5,3,5,5)
A24: Radon-220 | D24: 0.0076722423 | E24: kilo Becquerel | F24: biosphere3 | G24: biosphere | H24: air::non-urban air or from high stacks | J24: (2,5,3,5,5)
A25: Radon-222 | D25: 0.0075360486 | E25: kilo Becquerel | F25: biosphere3 | G25: biosphere | H25: air::non-urban air or from high stacks | J25: (2,5,3,5,5)
A26: Nitrogen oxides | D26: 0.0058763777 | E26: kilogram | F26: biosphere3 | G26: biosphere | H26: air::non-urban air or from high stacks | J26: (2,5,3,5,5)
A27: Water | D27: 0.0019091304 | E27: cubic meter | F27: biosphere3 | G27: biosphere | H27: air | J27: (2,5,3,5,5)
A28: Polonium-210 | D28: 0.0018613132 | E28: kilo Becquerel | F28: biosphere3 | G28: biosphere | H28: air::non-urban air or from high stacks | J28: (2,5,3,5,5)
A29: Lead-210 | D29: 0.0010486911 | E29: kilo Becquerel | F29: biosphere3 | G29: biosphere | H29: air::non-urban air or from high stacks | J29: (2,5,3,5,5)
A30: Hydrochloric acid | D30: 0.00040101464 | E30: kilogram | F30: biosphere3 | G30: biosphere | H30: air::non-urban air or from high stacks | J30: (2,5,3,5,5)
A31: Potassium-40 | D31: 0.00034805044 | E31: kilo Becquerel | F31: biosphere3 | G31: biosphere | H31: air::non-urban air or from high stacks | J31: (2,5,3,5,5)
A32: Particulate Matter, > 10 um | D32: 0.00031180779 | E32: kilogram | F32: biosphere3 | G32: biosphere | H32: air::non-urban air or from high stacks | J32: (2,5,3,5,5)
A33: Radium-226 | D33: 0.00027692709 | E33: kilo Becquerel | F33: biosphere3 | G33: biosphere | H33: air::non-urban air or from high stacks | J33: (2,5,3,5,5)
... A105: Dioxins, measured as 2,3,7,8-tetrachlorodibenzo-p-dioxin | D105: 1.6040585e-13 | E105: kilogram | F105: biosphere3 | G105: biosphere | H105: air::non-urban air or from high stacks | J105: (2,5,3,5,5)
A107: Activity | B107: [R] Steel production
A108: reference product | B108: Vanadium (V) slag
A109: location | B109: ZA
A110: amount | B110: 1
A111: unit | B111: kilogram
A112: comment | B112: Allocated unit process, considering as allocation factors (AF): 1.7% for V (1 kg slag) and 98.3% for Steel (13 kg).
A113: Exchanges
A114: name | B114: reference product | C114: location | D114: amount | E114: unit | F114: database | G114: type | H114: categories | I114: uncertainty type | J114: pedigree | K114: loc | L114: scale | M114: minimum | N114: maximum
A115: =B107 -> [R] Steel production | B115: =B108 -> Vanadium (V) slag | C115: =B109 -> ZA | D115: 1 | E115: kilogram | F115: =F9 -> Vanadium | G115: production
A116: market for iron scrap, sorted, pressed | B116: iron scrap, sorted, pressed | C116: RoW | D116: 0.04637805 | E116: kilogram | F116: ecoinvent 3.10 cutoff | G116: technosphere | J116: (2,5,3,5,5)
A117: market for compressed air, 800 kPa gauge | B117: compressed air, 800 kPa gauge | C117: RoW | D117: 0.0016414671 | E117: cubic meter | F117: ecoinvent 3.10 cutoff | G117: technosphere | J117: (2,5,3,5,5)
A118: market for quicklime, milled, packed | B118: quicklime, milled, packed | C118: RoW | D118: 0.00927561 | E118: kilogram | F118: ecoinvent 3.10 cutoff | G118: technosphere | J118: (2,5,3,5,5)
A119: market for iron ore, crude ore, 46% Fe | B119: iron ore, crude ore, 46% Fe | C119: GLO | D119: 0.0048014924 | E119: kilogram | F119: ecoinvent 3.10 cutoff | G119: technosphere | J119: (2,5,3,5,5)
A120: market for electricity, medium voltage | B120: electricity, medium voltage | C120: ZA | D120: 0.0047892703 | E120: kilowatt hour | F120: ecoinvent 3.10 cutoff | G120: technosphere | J120: (2,5,3,5,5)
A121: market for ferronickel | B121: ferronickel | C121: GLO | D121: 0.0013094978 | E121: kilogram | F121: ecoinvent 3.10 cutoff | G121: technosphere | J121: (2,5,3,5,5)
A122: market for dolomite | B122: dolomite | C122: RoW | D122: 0.00060018637 | E122: kilogram | F122: ecoinvent 3.10 cutoff | G122: technosphere | J122: (2,5,3,5,5)
A123: market for natural gas, high pressure | B123: natural gas, high pressure | C123: RoW | D123: 0.0002098554 | E123: cubic meter | F123: ecoinvent 3.10 cutoff | G123: technosphere | J123: (2,5,3,5,5)
A124: market for coke | B124: coke | C124: RoW | D124: 5.4562332e-05 | E124: megajoule | F124: ecoinvent 3.10 cutoff | G124: technosphere | J124: (2,5,3,5,5)
A125: market for blast oxygen furnace converter | B125: blast oxygen furnace converter | C125: GLO | D125: 2.9099241e-12 | E125: unit | F125: ecoinvent 3.10 cutoff | G125: technosphere | J125: (2,5,3,5,5)
A126: market for basic oxygen furnace waste | B126: basic oxygen furnace waste | C126: RoW | D126: -0.0070007939 | E126: kilogram | F126: ecoinvent 3.10 cutoff | G126: technosphere | J126: (2,5,3,5,5)
A127: market for inert waste, for final disposal | B127: inert waste, for final disposal | C127: RoW | D127: -0.00063292405 | E127: kilogram | F127: ecoinvent 3.10 cutoff | G127: technosphere | J127: (2,5,3,5,5)
A128: market for electric arc furnace dust | B128: electric arc furnace dust | C128: RoW | D128: -0.00023189009 | E128: kilogram | F128: ecoinvent 3.10 cutoff | G128: technosphere | J128: (2,5,3,5,5)
A129: Water, cooling, unspecified natural origin | D129: 0.0022948844 | E129: cubic meter | F129: biosphere3 | G129: biosphere | H129: natural resource::in water | J129: (2,5,3,5,5)
A130: Water, unspecified natural origin | D130: 0.00052847738 | E130: cubic meter | F130: biosphere3 | G130: biosphere | H130: natural resource::in water | J130: (2,5,3,5,5)
A131: Carbon dioxide, fossil | D131: 0.016499673 | E131: kilogram | F131: biosphere3 | G131: biosphere | H131: air | J131: (2,5,3,5,5)
A132: Water | D132: 0.0014880209 | E132: cubic meter | F132: biosphere3 | G132: biosphere | H132: water | J132: (2,5,3,5,5)
A133: Water | D133: 0.0013353405 | E133: cubic meter | F133: biosphere3 | G133: biosphere | H133: air | J133: (2,5,3,5,5)
A134: Carbon monoxide, fossil | D134: 0.0010323207 | E134: kilogram | F134: biosphere3 | G134: biosphere | H134: air | J134: (2,5,3,5,5)
A135: Nitrogen oxides | D135: 2.7241379e-05 | E135: kilogram | F135: biosphere3 | G135: biosphere | H135: air | J135: (2,5,3,5,5)
A136: Manganese II | D136: 1.3192355e-05 | E136: kilogram | F136: biosphere3 | G136: biosphere | H136: air | J136: (2,5,3,5,5)
A137: Particulate Matter, < 2.5 um | D137: 1.0358893e-05 | E137: kilogram | F137: biosphere3 | G137: biosphere | H137: air | J137: (2,5,3,5,5)
A138: Lead II | D138: 1.1219147e-07 | E138: kilogram | F138: biosphere3 | G138: biosphere | H138: air | J138: (2,5,3,5,5)
A139: Chromium III | D139: 4.0376025e-08 | E139: kilogram | F139: biosphere3 | G139: biosphere | H139: air | J139: (2,5,3,5,5)
A140: Copper ion | D140: 5.4562332e-09 | E140: kilogram | F140: biosphere3 | G140: biosphere | H140: air | J140: (2,5,3,5,5)
... A142: Dioxins, measured as 2,3,7,8-tetrachlorodibenzo-p-dioxin | D142: 6.6566102e-15 | E142: kilogram | F142: biosphere3 | G142: biosphere | H142: air | J142: (2,5,3,5,5)
A144: Activity | B144: [P] Vanadium pentoxide (V2O5) production
A145: reference product | B145: V2O5
A146: location | B146: ZA
A147: amount | B147: 1
A148: unit | B148: kilogram
A149: comment | B149: n/a
A150: Exchanges
A151: name | B151: reference product | C151: location | D151: amount | E151: unit | F151: database | G151: type | H151: categories | I151: uncertainty type | J151: pedigree | K151: loc | L151: scale | M151: minimum | N151: maximum
A152: =B144 -> [P] Vanadium pentoxide (V2O5) production | B152: =B145 -> V2O5 | C152: =B146 -> ZA | D152: 1 | E152: kilogram | F152: =F115 -> Vanadium | G152: production
A153: market for rock crushing | B153: rock crushing | C153: GLO | D153: 4.7621141 | E153: kilogram | F153: ecoinvent 3.10 cutoff | G153: technosphere | J153: (2,5,3,5,5)
A154: market for coke | B154: coke | C154: RoW | D154: 5.5401456 | E154: megajoule | F154: ecoinvent 3.10 cutoff | G154: technosphere | J154: (2,1,3,1,4)
A155: market for heat, district or industrial, natural gas | B155: heat, district or industrial, natural gas | C155: RoW | D155: 0.21226502 | E155: megajoule | F155: ecoinvent 3.10 cutoff | G155: technosphere | J155: (2,1,3,1,4)
A156: market for electricity, medium voltage | B156: electricity, medium voltage | C156: ZA | D156: 0.18731924 | E156: kilowatt hour | F156: ecoinvent 3.10 cutoff | G156: technosphere | J156: (2,1,3,1,4)
A157: market for hard coal | B157: hard coal | C157: ZA | D157: 0.050293628 | E157: kilogram | F157: ecoinvent 3.10 cutoff | G157: technosphere | J157: (2,1,3,1,4)
A158: market for compressed air, 800 kPa gauge | B158: compressed air, 800 kPa gauge | C158: RoW | D158: 0.0092855269 | E158: cubic meter | F158: ecoinvent 3.10 cutoff | G158: technosphere | J158: (2,1,3,1,4)
A159: market for diesel, burned in building machine | B159: diesel, burned in building machine | C159: GLO | D159: 0.00033391669 | E159: megajoule | F159: ecoinvent 3.10 cutoff | G159: technosphere | J159: (2,1,3,1,4)
A160: market for aluminium oxide factory | B160: aluminium oxide factory | C160: GLO | D160: 1.2568371e-10 | E160: unit | F160: ecoinvent 3.10 cutoff | G160: technosphere | J160: (2,1,3,1,4)
A161: market for soda ash, dense | B161: soda ash, dense | C161: GLO | D161: 0.69538781 | E161: kilogram | F161: ecoinvent 3.10 cutoff | G161: technosphere | J161: (1,1,3,1,1)
A162: market for water, deionised | B162: water, deionised | C162: RoW | D162: 0.23641184 | E162: kilogram | F162: ecoinvent 3.10 cutoff | G162: technosphere | J162: (1,1,3,1,1)
A163: market for inert waste, for final disposal | B163: inert waste, for final disposal | C163: RoW | D163: -0.21486929 | E163: kilogram | F163: ecoinvent 3.10 cutoff | G163: technosphere | J163: (1,1,3,1,1)
A164: market for ammonium nitrate | B164: ammonium nitrate | C164: RoW | D164: 0.20357546 | E164: kilogram | F164: ecoinvent 3.10 cutoff | G164: technosphere | J164: (1,1,3,1,1)
... A166: treatment of waste aluminium, sanitary landfill | B166: waste aluminium | C166: RoW | D166: -1.7060029 | E166: kilogram | F166: ecoinvent 3.10 cutoff | G166: technosphere | J166: (1,1,3,1,1)
A167: Carbon dioxide, fossil | D167: 0.76415797 | E167: kilogram | F167: biosphere3 | G167: biosphere | H167: air | J167: (2,1,3,1,4)
A168: Carbon monoxide, fossil | D168: 0.12909742 | E168: kilogram | F168: biosphere3 | G168: biosphere | H168: air | J168: (2,1,3,1,4)
A169: Sulfur dioxide | D169: 0.0063407397 | E169: kilogram | F169: biosphere3 | G169: biosphere | H169: air | J169: (2,1,3,1,4)
A170: Nitrogen oxides | D170: 0.0026510799 | E170: kilogram | F170: biosphere3 | G170: biosphere | H170: air | J170: (2,1,3,1,4)
A171: Particulate Matter, < 2.5 um | D171: 0.0010373929 | E171: kilogram | F171: biosphere3 | G171: biosphere | H171: air | J171: (2,1,3,1,4)
A172: Oxygen | D172: 0.20994036 | E172: kilogram | F172: biosphere3 | G172: biosphere | H172: natural resource::in air | J172: (1,1,3,1,1)
A173: Carbon dioxide, fossil | D173: 0.28861814 | E173: kilogram | F173: biosphere3 | G173: biosphere | H173: air | J173: (1,1,3,1,1)
A174: Titanium ion | D174: 0.4474849 | E174: kilogram | F174: biosphere3 | G174: biosphere | H174: air | J174: (1,1,3,1,1)
A175: Iron ion | D175: 1.4418958 | E175: kilogram | F175: biosphere3 | G175: biosphere | H175: air | J175: (1,1,3,1,1)
...

Sheet PR4_V2O5_ZA_Mapochs_Unallo
A1: Activity | B1: [M+C+P] Iron (Fe) production
A2: reference product | B2: Fe
A3: location | B3: ZA
A4: amount | B4: 1
A5: unit | B5: kilogram
A6: comment | B6: n/a
A7: Exchanges
A8: name | B8: reference product | C8: location | D8: amount | E8: unit | F8: database | G8: type | H8: categories | I8: uncertainty type | J8: pedigree | K8: loc | L8: scale | M8: minimum | N8: maximum
A9: =B1 -> [M+C+P] Iron (Fe) production | B9: =B2 -> Fe | C9: =B3 -> ZA | D9: 1 | E9: kilogram | F9: =V_Market_GLO!B1 -> Vanadium | G9: production
A10: market for rock crushing | B10: rock crushing | C10: GLO | D10: 1.8248175 | E10: kilogram | F10: ecoinvent 3.10 cutoff | G10: technosphere | J10: (2,5,3,5,5)
A11: market for electricity, medium voltage | B11: electricity, medium voltage | C11: ZA | D11: 1.6476575 | E11: kilowatt hour | F11: ecoinvent 3.10 cutoff | G11: technosphere | J11: (2,5,3,5,5)
A12: market for hard coal | B12: hard coal | C12: ZA | D12: 0.80291971 | E12: kilogram | F12: ecoinvent 3.10 cutoff | G12: technosphere | J12: (2,5,3,5,5)
A13: market for dolomite | B13: dolomite | C13: RoW | D13: 0.40145985 | E13: kilogram | F13: ecoinvent 3.10 cutoff | G13: technosphere | J13: (2,5,3,5,5)
A14: market for transport, freight train | B14: transport, freight train | C14: ZA | D14: 0.20072993 | E14: ton kilometer | F14: ecoinvent 3.10 cutoff | G14: technosphere | J14: (2,5,3,5,5)
A15: market for silica sand | B15: silica sand | C15: GLO | D15: 0.027372263 | E15: kilogram | F15: ecoinvent 3.10 cutoff | G15: technosphere | J15: (2,5,3,5,5)
A16: market for anode, for metal electrolysis | B16: anode, for metal electrolysis | C16: GLO | D16: 0.0054744526 | E16: kilogram | F16: ecoinvent 3.10 cutoff | G16: technosphere | J16: (2,5,3,5,5)
A17: market for electric arc furnace converter | B17: electric arc furnace converter | C17: GLO | D17: 7.2992701e-11 | E17: unit | F17: ecoinvent 3.10 cutoff | G17: technosphere | J17: (2,5,3,5,5)
A18: market for iron ore, crude ore, 46% Fe | B18: iron ore, crude ore, 46% Fe | C18: GLO | D18: 1.8248175 | E18: kilogram | F18: ecoinvent 3.10 cutoff | G18: technosphere | J18: (2,5,3,5,5)
A19: n/a (Iron and Vanadium) | D19: 1 | E19: kilogram | F19: ecoinvent 3.10 cutoff | G19: technosphere | J19: (2,5,3,5,5)
A20: market for titania slag, 85% titanium dioxide | B20: titania slag, 85% titanium dioxide | C20: GLO | D20: -0.81751825 | E20: kilogram | F20: ecoinvent 3.10 cutoff | G20: technosphere | J20: (2,5,3,5,5)
A21: market for hard coal ash | B21: hard coal ash | C21: RoW | D21: -0.80291971 | E21: kilogram | F21: ecoinvent 3.10 cutoff | G21: technosphere | J21: (2,5,3,5,5)
A22: n/a (Waste) | D22: -0.43613139 | F22: ecoinvent 3.10 cutoff | G22: technosphere | J22: (2,5,3,5,5)
A23: treatment of electric arc furnace slag, residual material landfill | B23: electric arc furnace slag | C23: RoW | D23: -0.43613139 | E23: kilogram | F23: ecoinvent 3.10 cutoff | G23: technosphere | J23: (2,5,3,5,5)
A24: Carbon dioxide, fossil | D24: 1.4071326 | E24: kilogram | F24: biosphere3 | G24: biosphere | H24: air::non-urban air or from high stacks | J24: (2,5,3,5,5)
A25: Sulfur dioxide | D25: 0.01171278 | E25: kilogram | F25: biosphere3 | G25: biosphere | H25: air::non-urban air or from high stacks | J25: (2,5,3,5,5)
A26: Radon-220 | D26: 0.0076722423 | E26: kilo Becquerel | F26: biosphere3 | G26: biosphere | H26: air::non-urban air or from high stacks | J26: (2,5,3,5,5)
A27: Radon-222 | D27: 0.0075360486 | E27: kilo Becquerel | F27: biosphere3 | G27: biosphere | H27: air::non-urban air or from high stacks | J27: (2,5,3,5,5)
A28: Nitrogen oxides | D28: 0.0058763777 | E28: kilogram | F28: biosphere3 | G28: biosphere | H28: air::non-urban air or from high stacks | J28: (2,5,3,5,5)
A29: Water | D29: 0.0019091304 | E29: cubic meter | F29: biosphere3 | G29: biosphere | H29: air | J29: (2,5,3,5,5)
A30: Polonium-210 | D30: 0.0018613132 | E30: kilo Becquerel | F30: biosphere3 | G30: biosphere | H30: air::non-urban air or from high stacks | J30: (2,5,3,5,5)
A31: Lead-210 | D31: 0.0010486911 | E31: kilo Becquerel | F31: biosphere3 | G31: biosphere | H31: air::non-urban air or from high stacks | J31: (2,5,3,5,5)
A32: Hydrochloric acid | D32: 0.00040101464 | E32: kilogram | F32: biosphere3 | G32: biosphere | H32: air::non-urban air or from high stacks | J32: (2,5,3,5,5)
A33: Potassium-40 | D33: 0.00034805044 | E33: kilo Becquerel | F33: biosphere3 | G33: biosphere | H33: air::non-urban air or from high stacks | J33: (2,5,3,5,5)
A34: Particulate Matter, > 10 um | D34: 0.00031180779 | E34: kilogram | F34: biosphere3 | G34: biosphere | H34: air::non-urban air or from high stacks | J34: (2,5,3,5,5)
A35: Radium-226 | D35: 0.00027692709 | E35: kilo Becquerel | F35: biosphere3 | G35: biosphere | H35: air::non-urban air or from high stacks | J35: (2,5,3,5,5)
... A107: Dioxins, measured as 2,3,7,8-tetrachlorodibenzo-p-dioxin | D107: 1.6040585e-13 | E107: kilogram | F107: biosphere3 | G107: biosphere | H107: air::non-urban air or from high stacks | J107: (2,5,3,5,5)
A109: Activity | B109: [R] Steel production
A110: reference product | B110: Vanadium (V) slag
A111: location | B111: ZA
A112: amount | B112: 1
A113: unit | B113: kilogram
A114: comment | B114: Unallocated LCI
A115: Exchanges
A116: name | B116: reference product | C116: location | D116: amount | E116: unit | F116: database | G116: type | H116: categories | I116: uncertainty type | J116: pedigree | K116: loc | L116: scale | M116: minimum | N116: maximum
A117: =B109 -> [R] Steel production | B117: =B110 -> Vanadium (V) slag | C117: =B111 -> ZA | D117: 1 | E117: kilogram | F117: =F9 -> Vanadium | G117: production
A118: n/a (Iron and Vanadium) | D118: 0.9 | E118: kilogram | F118: ecoinvent 3.10 cutoff | G118: technosphere | J118: (2,5,3,5,5)
A119: market for iron scrap, sorted, pressed | B119: iron scrap, sorted, pressed | C119: RoW | D119: 0.2125 | E119: kilogram | F119: ecoinvent 3.10 cutoff | G119: technosphere | J119: (2,5,3,5,5)
A120: market for compressed air, 800 kPa gauge | B120: compressed air, 800 kPa gauge | C120: RoW | D120: 0.0075210526 | E120: cubic meter | F120: ecoinvent 3.10 cutoff | G120: technosphere | J120: (2,5,3,5,5)
A121: market for quicklime, milled, packed | B121: quicklime, milled, packed | C121: RoW | D121: 0.0425 | E121: kilogram | F121: ecoinvent 3.10 cutoff | G121: technosphere | J121: (2,5,3,5,5)
A122: market for iron ore, crude ore, 46% Fe | B122: iron ore, crude ore, 46% Fe | C122: GLO | D122: 0.022000001 | E122: kilogram | F122: ecoinvent 3.10 cutoff | G122: technosphere | J122: (2,5,3,5,5)
A123: market for electricity, medium voltage | B123: electricity, medium voltage | C123: ZA | D123: 0.021944 | E123: kilowatt hour | F123: ecoinvent 3.10 cutoff | G123: technosphere | J123: (2,5,3,5,5)
A124: market for ferronickel | B124: ferronickel | C124: GLO | D124: 0.0059999995 | E124: kilogram | F124: ecoinvent 3.10 cutoff | G124: technosphere | J124: (2,5,3,5,5)
A125: market for dolomite | B125: dolomite | C125: RoW | D125: 0.0027499993 | E125: kilogram | F125: ecoinvent 3.10 cutoff | G125: technosphere | J125: (2,5,3,5,5)
A126: market for natural gas, high pressure | B126: natural gas, high pressure | C126: RoW | D126: 0.00096153832 | E126: cubic meter | F126: ecoinvent 3.10 cutoff | G126: technosphere | J126: (2,5,3,5,5)
A127: market for coke | B127: coke | C127: RoW | D127: 0.00024999963 | E127: megajoule | F127: ecoinvent 3.10 cutoff | G127: technosphere | J127: (2,5,3,5,5)
A128: market for blast oxygen furnace converter | B128: blast oxygen furnace converter | C128: GLO | D128: 1.3333007e-11 | E128: unit | F128: ecoinvent 3.10 cutoff | G128: technosphere | J128: (2,5,3,5,5)
A129: n/a (Steel) | D129: 1 | E129: kilogram | F129: ecoinvent 3.10 cutoff | G129: technosphere | J129: (2,5,3,5,5)
A130: n/a (Vanadium slag, 24 wt%) | D130: 0.015713231 | E130: kilogram | F130: ecoinvent 3.10 cutoff | G130: technosphere | J130: (2,5,3,5,5)
A131: n/a (Vanadium slag, 24 wt%) | D131: 0.060381739 | E131: kilogram | F131: ecoinvent 3.10 cutoff | G131: technosphere | J131: (2,5,3,5,5)
A132: market for basic oxygen furnace waste | B132: basic oxygen furnace waste | C132: RoW | D132: -0.032077 | E132: kilogram | F132: ecoinvent 3.10 cutoff | G132: technosphere | J132: (2,5,3,5,5)
A133: market for inert waste, for final disposal | B133: inert waste, for final disposal | C133: RoW | D133: -0.0029000004 | E133: kilogram | F133: ecoinvent 3.10 cutoff | G133: technosphere | J133: (2,5,3,5,5)
A134: market for electric arc furnace dust | B134: electric arc furnace dust | C134: RoW | D134: -0.0010624993 | E134: kilogram | F134: ecoinvent 3.10 cutoff | G134: technosphere | J134: (2,5,3,5,5)
A135: Water, cooling, unspecified natural origin | D135: 0.010514951 | E135: cubic meter | F135: biosphere3 | G135: biosphere | H135: natural resource::in water | J135: (2,5,3,5,5)
A136: Water, unspecified natural origin | D136: 0.0024214352 | E136: cubic meter | F136: biosphere3 | G136: biosphere | H136: natural resource::in water | J136: (2,5,3,5,5)
A137: Carbon dioxide, fossil | D137: 0.0756 | E137: kilogram | F137: biosphere3 | G137: biosphere | H137: air | J137: (2,5,3,5,5)
A138: Water | D138: 0.0068179763 | E138: cubic meter | F138: biosphere3 | G138: biosphere | H138: water | J138: (2,5,3,5,5)
A139: Water | D139: 0.0061184086 | E139: cubic meter | F139: biosphere3 | G139: biosphere | H139: air | J139: (2,5,3,5,5)
A140: Carbon monoxide, fossil | D140: 0.0047299993 | E140: kilogram | F140: biosphere3 | G140: biosphere | H140: air | J140: (2,5,3,5,5)
A141: Nitrogen oxides | D141: 0.00012481752 | E141: kilogram | F141: biosphere3 | G141: biosphere | H141: air | J141: (2,5,3,5,5)
A142: Manganese II | D142: 6.0446168e-05 | E142: kilogram | F142: biosphere3 | G142: biosphere | H142: air | J142: (2,5,3,5,5)
A143: Particulate Matter, < 2.5 um | D143: 4.7463504e-05 | E143: kilogram | F143: biosphere3 | G143: biosphere | H143: air | J143: (2,5,3,5,5)
A144: Lead II | D144: 5.1405109e-07 | E144: kilogram | F144: biosphere3 | G144: biosphere | H144: air | J144: (2,5,3,5,5)
A145: Chromium III | D145: 1.8499927e-07 | E145: kilogram | F145: biosphere3 | G145: biosphere | H145: air | J145: (2,5,3,5,5)
A146: Copper ion | D146: 2.4999963e-08 | E146: kilogram | F146: biosphere3 | G146: biosphere | H146: air | J146: (2,5,3,5,5)
... A148: Dioxins, measured as 2,3,7,8-tetrachlorodibenzo-p-dioxin | D148: 3.0499982e-14 | E148: kilogram | F148: biosphere3 | G148: biosphere | H148: air | J148: (2,5,3,5,5)
A150: Activity | B150: [P] Vanadium pentoxide (V2O5) production
A151: reference product | B151: V2O5
A152: location | B152: ZA
A153: amount | B153: 1
A154: unit | B154: kilogram
A155: comment | B155: n/a
A156: Exchanges
A157: name | B157: reference product | C157: location | D157: amount | E157: unit | F157: database | G157: type | H157: categories | I157: uncertainty type | J157: pedigree | K157: loc | L157: scale | M157: minimum | N157: maximum
A158: =B150 -> [P] Vanadium pentoxide (V2O5) production | B158: =B151 -> V2O5 | C158: =B152 -> ZA | D158: 1 | E158: kilogram | F158: =F117 -> Vanadium | G158: production
A159: n/a (Vanadium slag, 24 wt%) | D159: 0.98335274 | E159: kilogram | F159: ecoinvent 3.10 cutoff | G159: technosphere | J159: (2,5,3,5,5)
A160: n/a (Vanadium slag, 24 wt%) | D160: 3.7787614 | E160: kilogram | F160: ecoinvent 3.10 cutoff | G160: technosphere | J160: (2,5,3,5,5)
A161: market for rock crushing | B161: rock crushing | C161: GLO | D161: 4.7621141 | E161: kilogram | F161: ecoinvent 3.10 cutoff | G161: technosphere | J161: (2,5,3,5,5)
A162: n/a (Vanadium slag, 24 wt%) | D162: 0.98335274 | E162: kilogram | F162: ecoinvent 3.10 cutoff | G162: technosphere | J162: (2,5,3,5,5)
A163: n/a (Vanadium slag, 24 wt%) | D163: 3.7787614 | E163: kilogram | F163: ecoinvent 3.10 cutoff | G163: technosphere | J163: (2,5,3,5,5)
A164: n/a (Vanadium slag, 24 wt%) | D164: 0.98335274 | E164: kilogram | F164: ecoinvent 3.10 cutoff | G164: technosphere | J164: (2,1,3,1,4)
A165: n/a (Vanadium slag, 24 wt%) | D165: 3.7787614 | E165: kilogram | F165: ecoinvent 3.10 cutoff | G165: technosphere | J165: (2,1,3,1,4)
A166: market for coke | B166: coke | C166: RoW | D166: 5.5401456 | E166: megajoule | F166: ecoinvent 3.10 cutoff | G166: technosphere | J166: (2,1,3,1,4)
A167: market for heat, district or industrial, natural gas | B167: heat, district or industrial, natural gas | C167: RoW | D167: 0.21226502 | E167: megajoule | F167: ecoinvent 3.10 cutoff | G167: technosphere | J167: (2,1,3,1,4)
A168: market for electricity, medium voltage | B168: electricity, medium voltage | C168: ZA | D168: 0.18731924 | E168: kilowatt hour | F168: ecoinvent 3.10 cutoff | G168: technosphere | J168: (2,1,3,1,4)
A169: market for hard coal | B169: hard coal | C169: ZA | D169: 0.050293628 | E169: kilogram | F169: ecoinvent 3.10 cutoff | G169: technosphere | J169: (2,1,3,1,4)
A170: market for compressed air, 800 kPa gauge | B170: compressed air, 800 kPa gauge | C170: RoW | D170: 0.0092855269 | E170: cubic meter | F170: ecoinvent 3.10 cutoff | G170: technosphere | J170: (2,1,3,1,4)
A171: market for diesel, burned in building machine | B171: diesel, burned in building machine | C171: GLO | D171: 0.00033391669 | E171: megajoule | F171: ecoinvent 3.10 cutoff | G171: technosphere | J171: (2,1,3,1,4)
A172: market for aluminium oxide factory | B172: aluminium oxide factory | C172: GLO | D172: 1.2568371e-10 | E172: unit | F172: ecoinvent 3.10 cutoff | G172: technosphere | J172: (2,1,3,1,4)
A173: n/a (Vanadium slag, 24 wt%) | D173: 0.98335274 | E173: kilogram | F173: ecoinvent 3.10 cutoff | G173: technosphere | J173: (2,1,3,1,4)
A174: n/a (Vanadium slag, 24 wt%) | D174: 3.7787614 | E174: kilogram | F174: ecoinvent 3.10 cutoff | G174: technosphere | J174: (2,1,3,1,4)
...
