Workbook

Sheet Note
A1: skip
B2: Life cycle inventories of global metal and mineral supply chains: a comprehensive data review, analysis and processing Frédéric Laia*, Stéphanie Mullera, Audrey Philippea, Robert Istrateb, Brenda Miranda Xicotencatlb, Afsoon Mansouri Askic, Aina Mas Fonsd,a, Juliana Segura-Salazare, Jair Santillán Saldivara, Alexander Cimprichf, Stephen Northeyg, Lígia da Silva Limah, Lieselot Booneh, Ryosuke Yokoii, Kamrul Islami, Ioanna Paschalidouj, Felipe Cerdask,l, Victor Balboa-Espinozae, Anish Koyamparambathd, Diae Henniouia, Victoire Collignona, Aurélien Reysa, Gyslain Ngadi Sakatadim, Jo Dewulfh, Bernhard Steubingb, Christoph Helbigc, Gaétan Lefebvrea, Gian Andrea Blenginin,m, Valeria Supertio, Masaharu Motoshitai, Guido Sonnemannd, Kwame Awuah-Offeij, Steven B. Youngf, Shinsuke Murakamip, Antoine Beylota aBRGM, F-45060 Orléans, France bInstitute of Environmental Sciences (CML), Leiden University, Einsteinweg 2, 2333 CC Leiden, NL cEcological Resource Technology, University of Bayreuth, Universitätstr. 30, 95447 Bayreuth, Germany dUniv. Bordeaux, CNRS, Bordeaux INP, ISM, UMR 5255, F-33400 Talence, France eSustainable Minerals Institute, The University of Queensland, QLD, 4072, Australia fSchool of Environment, Enterprise and Development, University of Waterloo, 200 University Avenue West, Waterloo, Ontario N2L 3G1, Canada gUniversity of Technology Sydney, Institute for Sustainable Futures, Australia hSustainable Systems Engineering (STEN), Department of Green Chemistry and Technology, Faculty of Bioscience Engineering, Ghent University, Coupure Links 653, 9000 Ghent, Belgium iAIST, 305-8569 Tsukuba, Japan jMining & Explosives Engineering, Missouri University of Science & Technology, Rolla, MO, USA 65409 kInstitute for Sustainable Energy Systems (INSYS), Technical University of Applied Sciences Würzburg-Schweinfurt (THWS), Ignaz-Schön-Straße 11, Schweinfurt, Germany lFraunhofer Institute for Surface Engineering and Thin Films IST, Riedenkamp 2, Braunschweig 38108, Germany mDepartment of Environment, Land and Infrastructure Engineering, Politecnico di Torino, Corso Duca degli Abruzzi, 24, 10129 Torino, Italy nUniversity of Turin, Earth Sciences Department (DST), Via Valperga Caluso, 35 – 10125 Torino, Italy oecoinvent association, Technopark, Technoparkstrasse 1, 8005 Zürich, Switzerland pGraduate School of Engineering, The University of Tokyo, Tokyo 113-8656, Japan *Corresponding author: f.lai@brgm.fr This file provides all LCI datasets developed for Zinc (Zn), with distinguishing its global market and each individual production route.
B33: Sheet | C33: Corresponding route
B34: Zn_Market_GLO | C34: Zn global market
B35: PR1_Zn_CN_Jiangxi_Hydro | C35: Zn ore mining and Zn production in China/Jiangxi through Hydrometallurgy
B36: PR2_Zn_CN_Yangtze_Hydro | C36: Zn ore mining in China/Guangdong and Zn production in China/Yangtze through Hydrometallurgy
B37: PR3_Zn_CN_Smelting | C37: Zn ore mining and Zn production in China through Smelting
B38: PR4_Zn_RoW | C38: Pb/Zn ore mining and Pb/Zn production in Canada/Peru/Chile/the US
B39: PR5_ZnO2_SE_Pyro | C39: ZnO2 recovery from Cu ore mining in Sweden/Aitik and Cu production in Sweden/Rönnskärsverken

Sheet Zn_Market_GLO
A1: database | B1: Zinc
A3: Activity | B3: Zinc (Zn) global market
A4: reference product | B4: Zn commodities
A5: location | B5: GLO
A6: amount | B6: 1
A7: unit | B7: kilogram
A8: comment | B8: n/a
A9: Exchanges
A10: name | B10: reference product | C10: location | D10: amount | E10: unit | F10: database | G10: type | H10: categories | I10: uncertainty type | J10: pedigree | K10: loc | L10: scale | M10: minimum | N10: maximum
A11: =B3 -> Zinc (Zn) global market | B11: =B4 -> Zn commodities | C11: =B5 -> GLO | D11: 1 | E11: =B7 -> kilogram | F11: =B1 -> Zinc | G11: production
A12: =PR1_Zn_CN_Jiangxi_Hydro!A82 -> Zn ore mining and Zn production in China/Jiangxi through Hydrometallurgy | B12: =PR1_Zn_CN_Jiangxi_Hydro!B82 -> Refined Zn | C12: =PR1_Zn_CN_Jiangxi_Hydro!C82 -> CN | D12: 0.018445177 | E12: =PR1_Zn_CN_Jiangxi_Hydro!E82 -> kilogram | F12: =PR1_Zn_CN_Jiangxi_Hydro!F82 -> Zinc | G12: technosphere
A13: =PR2_Zn_CN_Yangtze_Hydro!A178 -> Zn ore mining in China/Guangdong and Zn production in China/Yangtze through Hydrometallurgy | B13: =PR2_Zn_CN_Yangtze_Hydro!B178 -> Refined Zn | C13: =PR2_Zn_CN_Yangtze_Hydro!C178 -> CN | D13: 0.04887972 | E13: =PR2_Zn_CN_Yangtze_Hydro!E178 -> kilogram | F13: =PR2_Zn_CN_Yangtze_Hydro!F178 -> Zinc | G13: technosphere
A14: =PR3_Zn_CN_Smelting!A137 -> Zn ore mining and Zn production in China through Smelting | B14: =PR3_Zn_CN_Smelting!B137 -> Refined Zn | C14: =PR3_Zn_CN_Smelting!C137 -> CN | D14: 0.76547486 | E14: =PR3_Zn_CN_Smelting!E137 -> kilogram | F14: =PR3_Zn_CN_Smelting!F137 -> Zinc | G14: technosphere
A15: =PR4_Zn_RoW!A55 -> Pb/Zn ore mining and Pb/Zn production in Canada/Peru/Chile/the US | B15: =PR4_Zn_RoW!B55 -> Refined Zn | C15: =PR4_Zn_RoW!C55 -> RoW | D15: 0.16395713 | E15: =PR4_Zn_RoW!E55 -> kilogram | F15: =PR4_Zn_RoW!F55 -> Zinc | G15: technosphere
A16: =PR5_ZnO2_SE_Pyro!A142 -> ZnO2 recovery from Cu ore mining in Sweden/Aitik and Cu production in Sweden/Rönnskärsverken | B16: =PR5_ZnO2_SE_Pyro!B142 -> ZnO2 | C16: =PR5_ZnO2_SE_Pyro!C142 -> SE | D16: 0.0032431081 | E16: =PR5_ZnO2_SE_Pyro!E142 -> kilogram | F16: =PR5_ZnO2_SE_Pyro!F142 -> Zinc | G16: technosphere
A18: Activity | B18: Zinc (Zn) global market (Zn content)
A19: reference product | B19: Zn content
A20: location | B20: GLO
A21: amount | B21: 1
A22: unit | B22: kilogram
A23: comment | B23: Activity expressed for 1 kg Zn contained
A24: Exchanges
A25: name | B25: reference product | C25: location | D25: amount | E25: unit | F25: database | G25: type | H25: categories | I25: uncertainty type | J25: pedigree | K25: loc | L25: scale | M25: minimum | N25: maximum
A26: =B18 -> Zinc (Zn) global market (Zn content) | B26: =B19 -> Zn content | C26: =B20 -> GLO | D26: 1 | E26: =B22 -> kilogram | F26: =F11 -> Zinc | G26: production
A27: =PR1_Zn_CN_Jiangxi_Hydro!A82 -> Zn ore mining and Zn production in China/Jiangxi through Hydrometallurgy | B27: =PR1_Zn_CN_Jiangxi_Hydro!B82 -> Refined Zn | C27: =PR1_Zn_CN_Jiangxi_Hydro!C82 -> CN | D27: 0.018445177 | E27: =PR1_Zn_CN_Jiangxi_Hydro!E82 -> kilogram | F27: =PR1_Zn_CN_Jiangxi_Hydro!F82 -> Zinc | G27: technosphere
A28: =PR2_Zn_CN_Yangtze_Hydro!A178 -> Zn ore mining in China/Guangdong and Zn production in China/Yangtze through Hydrometallurgy | B28: =PR2_Zn_CN_Yangtze_Hydro!B178 -> Refined Zn | C28: =PR2_Zn_CN_Yangtze_Hydro!C178 -> CN | D28: 0.04887972 | E28: =PR2_Zn_CN_Yangtze_Hydro!E178 -> kilogram | F28: =PR2_Zn_CN_Yangtze_Hydro!F178 -> Zinc | G28: technosphere
A29: =PR3_Zn_CN_Smelting!A137 -> Zn ore mining and Zn production in China through Smelting | B29: =PR3_Zn_CN_Smelting!B137 -> Refined Zn | C29: =PR3_Zn_CN_Smelting!C137 -> CN | D29: 0.76547486 | E29: =PR3_Zn_CN_Smelting!E137 -> kilogram | F29: =PR3_Zn_CN_Smelting!F137 -> Zinc | G29: technosphere
A30: =PR4_Zn_RoW!A55 -> Pb/Zn ore mining and Pb/Zn production in Canada/Peru/Chile/the US | B30: =PR4_Zn_RoW!B55 -> Refined Zn | C30: =PR4_Zn_RoW!C55 -> RoW | D30: 0.16395713 | E30: =PR4_Zn_RoW!E55 -> kilogram | F30: =PR4_Zn_RoW!F55 -> Zinc | G30: technosphere
A31: =PR5_ZnO2_SE_Pyro!A154 -> ZnO2 recovery from Cu ore mining in Sweden/Aitik and Cu production in Sweden/Rönnskärsverken (Zn content) | B31: =PR5_ZnO2_SE_Pyro!B154 -> ZnO2 (Zn content) | C31: =PR5_ZnO2_SE_Pyro!C154 -> SE | D31: 0.0032431081 | E31: =PR5_ZnO2_SE_Pyro!E154 -> kilogram | F31: =PR5_ZnO2_SE_Pyro!F154 -> Zinc | G31: technosphere

Sheet PR1_Zn_CN_Jiangxi_Hydro
A1: Activity | B1: [M+C] Zinc (Zn) ore mining and concentration (Jiangxi)
A2: reference product | B2: Zn concentrate
A3: location | B3: CN
A4: amount | B4: 1
A5: unit | B5: kilogram
A6: comment | B6: This unit process is allocated, but with unknown allocation factors (not provided in the original data source).
A7: Exchanges
A8: name | B8: reference product | C8: location | D8: amount | E8: unit | F8: database | G8: type | H8: categories | I8: uncertainty type | J8: pedigree | K8: loc | L8: scale | M8: minimum | N8: maximum
A9: [M+C] Zinc (Zn) ore mining and concentration (Jiangxi) | B9: Zn concentrate | C9: CN | D9: 1 | E9: kilogram | F9: Zinc | G9: production
A10: market for explosive, tovex | B10: explosive, tovex | C10: GLO | D10: 0.003212766 | E10: kilogram | F10: ecoinvent 3.10 cutoff | G10: technosphere | J10: (1,1,3,1,1)
A11: market for sodium ethyl xanthate | B11: sodium ethyl xanthate | C11: GLO | D11: 0.00028368794 | E11: kilogram | F11: ecoinvent 3.10 cutoff | G11: technosphere | J11: (1,1,3,1,1)
A12: market for carbon black | B12: carbon black | C12: GLO | D12: 0.00070212766 | E12: kilogram | F12: ecoinvent 3.10 cutoff | G12: technosphere | J12: (1,1,3,1,1)
A13: market for lime, packed | B13: lime, packed | C13: RoW | D13: 0.0081276596 | E13: kilogram | F13: ecoinvent 3.10 cutoff | G13: technosphere | J13: (1,1,3,1,1)
A14: market for light fuel oil | B14: light fuel oil | C14: RoW | D14: 0.00034751773 | E14: kilogram | F14: ecoinvent 3.10 cutoff | G14: technosphere | J14: (1,1,3,1,1)
A15: market for p-phenylene diamine | B15: p-phenylene diamine | C15: GLO | D15: 0.00046099291 | E15: kilogram | F15: ecoinvent 3.10 cutoff | G15: technosphere | J15: (1,1,3,1,1)
A16: market for zinc monosulfate | B16: zinc monosulfate | C16: RoW | D16: 0.0074326241 | E16: kilogram | F16: ecoinvent 3.10 cutoff | G16: technosphere | J16: (1,1,3,1,1)
A17: market for sodium sulfite | B17: sodium sulfite | C17: RoW | D17: 0.0064893617 | E17: kilogram | F17: ecoinvent 3.10 cutoff | G17: technosphere | J17: (1,1,3,1,1)
A18: market for sodium sulfate, anhydrite | B18: sodium sulfate, anhydrite | C18: RoW | D18: 0.00070212766 | E18: kilogram | F18: ecoinvent 3.10 cutoff | G18: technosphere | J18: (1,1,3,1,1)
A19: market for copper sulfate | B19: copper sulfate | C19: GLO | D19: 0.0044397163 | E19: kilogram | F19: ecoinvent 3.10 cutoff | G19: technosphere | J19: (1,1,3,1,1)
A20: market for activated carbon, granular | B20: activated carbon, granular | C20: GLO | D20: 0.00070212766 | E20: kilogram | F20: ecoinvent 3.10 cutoff | G20: technosphere | J20: (1,1,3,1,1)
A21: market for potato starch | B21: potato starch | C21: GLO | D21: 0.058567376 | E21: kilogram | F21: ecoinvent 3.10 cutoff | G21: technosphere | J21: (1,1,3,1,1)
... A26: treatment of inert waste, inert material landfill | B26: inert waste, for final disposal | C26: RoW | D26: -1.7588652 | E26: kilogram | F26: ecoinvent 3.10 cutoff | G26: technosphere | J26: (1,1,3,1,1)
A27: Zinc | D27: 0.0003203 | E27: kilogram | F27: biosphere3 | G27: biosphere | H27: natural resource::in ground | J27: (1,1,3,1,1)
A28: Water, unspecified natural origin | D28: 0.00077304965 | E28: cubic meter | F28: biosphere3 | G28: biosphere | H28: natural resource::in ground | J28: (1,1,3,1,1)
A29: Transformation, from unspecified | D29: 0.07548227 | E29: square meter | F29: biosphere3 | G29: biosphere | H29: natural resource::land | J29: (1,1,3,1,1)
A30: Transformation, to mineral extraction site | D30: 0.07548227 | E30: square meter | F30: biosphere3 | G30: biosphere | H30: natural resource::land | J30: (1,1,3,1,1)
A32: Activity | B32: [P+R] Refined Zn production - Hydrometallurgy
A33: reference product | B33: Refined Zn
A34: location | B34: CN
A35: amount | B35: 1
A36: unit | B36: kilogram
A37: comment | B37: This unit process is allocated, but with unknown allocation factors (not provided in the original data source).
A38: Exchanges
A39: name | B39: reference product | C39: location | D39: amount | E39: unit | F39: database | G39: type | H39: categories | I39: uncertainty type | J39: pedigree | K39: loc | L39: scale | M39: minimum | N39: maximum
A40: [P+R] Refined Zn production - Hydrometallurgy | B40: Refined Zn | C40: CN | D40: 1 | E40: kilogram | F40: Zinc | G40: production
A41: market for magnesium oxide | B41: magnesium oxide | C41: GLO | D41: 4e-05 | E41: kilogram | F41: ecoinvent 3.10 cutoff | G41: technosphere | J41: (1,1,3,1,1)
A42: market group for electricity, medium voltage | B42: electricity, medium voltage | C42: CN | D42: 3.61276 | E42: kilowatt hour | F42: ecoinvent 3.10 cutoff | G42: technosphere | J42: (1,1,3,1,1)
A43: market for natural gas, high pressure | B43: natural gas, high pressure | C43: CN | D43: 2e-05 | E43: cubic meter | F43: ecoinvent 3.10 cutoff | G43: technosphere | J43: (1,1,3,1,1)
A44: market for zinc | B44: zinc | C44: GLO | D44: 0.00014 | E44: kilogram | F44: ecoinvent 3.10 cutoff | G44: technosphere | J44: (1,1,3,1,1)
A45: market for zinc oxide | B45: zinc oxide | C45: GLO | D45: 0.00055 | E45: kilogram | F45: ecoinvent 3.10 cutoff | G45: technosphere | J45: (1,1,3,1,1)
A46: market for transport, freight, lorry, unspecified | B46: transport, freight, lorry, unspecified | C46: RoW | D46: 0.05 | E46: ton kilometer | F46: ecoinvent 3.10 cutoff | G46: technosphere | J46: (1,1,3,1,1)
A47: market for transport, freight train | B47: transport, freight train | C47: CN | D47: 0.1 | E47: ton kilometer | F47: ecoinvent 3.10 cutoff | G47: technosphere | J47: (1,1,3,1,1)
A48: Transformation, from unspecified | D48: 0.0005106383 | E48: square meter | F48: biosphere3 | G48: biosphere | H48: natural resource::land | J48: (1,1,3,1,1)
A49: Transformation, to mineral extraction site | D49: 0.0005106383 | E49: square meter | F49: biosphere3 | G49: biosphere | H49: natural resource::land | J49: (1,1,3,1,1)
A50: Water, unspecified natural origin | D50: 0.01199 | E50: cubic meter | F50: biosphere3 | G50: biosphere | H50: natural resource::in ground | J50: (1,1,3,1,1)
A51: Sulfur dioxide | D51: 0.00022 | E51: kilogram | F51: biosphere3 | G51: biosphere | H51: air | J51: (1,1,3,1,1)
A52: Sulfuric acid | D52: 8e-05 | E52: kilogram | F52: biosphere3 | G52: biosphere | H52: air | J52: (1,1,3,1,1)
A53: Lead II | D53: 3.5e-06 | E53: kilogram | F53: biosphere3 | G53: biosphere | H53: air | J53: (1,1,3,1,1)
A54: Mercury II | D54: 3.17e-11 | E54: kilogram | F54: biosphere3 | G54: biosphere | H54: air | J54: (1,1,3,1,1)
A55: Particulate Matter, > 2.5 um and < 10um | D55: 0.00015 | E55: kilogram | F55: biosphere3 | G55: biosphere | H55: air | J55: (1,1,3,1,1)
A56: COD, Chemical Oxygen Demand | D56: 6.61e-08 | E56: kilogram | F56: biosphere3 | G56: biosphere | H56: water | J56: (1,1,3,1,1)
A57: Suspended solids, unspecified | D57: 4.66e-08 | E57: kilogram | F57: biosphere3 | G57: biosphere | H57: water | J57: (1,1,3,1,1)
A58: Nitrogen | D58: 2.55e-09 | E58: kilogram | F58: biosphere3 | G58: biosphere | H58: water | J58: (1,1,3,1,1)
A59: Phosphorus | D59: 1.26e-10 | E59: kilogram | F59: biosphere3 | G59: biosphere | H59: water | J59: (1,1,3,1,1)
... A72: Surfactant blend | D72: 1.79e-10 | E72: kilogram | F72: biosphere3 | G72: biosphere | H72: water::surface water | J72: (1,1,3,1,1)
A74: Activity | B74: Zn ore mining and Zn production in China/Jiangxi through Hydrometallurgy
A75: reference product | B75: Refined Zn
A76: location | B76: CN
A77: amount | B77: 1
A78: unit | B78: kilogram
A79: comment | B79: n/a
A80: Exchanges
A81: name | B81: reference product | C81: location | D81: amount | E81: unit | F81: database | G81: type | H81: categories | I81: uncertainty type | J81: pedigree | K81: loc | L81: scale | M81: minimum | N81: maximum
A82: Zn ore mining and Zn production in China/Jiangxi through Hydrometallurgy | B82: Refined Zn | C82: CN | D82: 1 | E82: kilogram | F82: Zinc | G82: production
A83: [P+R] Refined Zn production - Hydrometallurgy | B83: Refined Zn | C83: CN | D83: 1 | E83: kilogram | F83: Zinc | G83: technosphere
A84: [M+C] Zinc (Zn) ore mining and concentration (Jiangxi) | B84: Zn concentrate | C84: CN | D84: 1.41 | E84: kilogram | F84: Zinc | G84: technosphere

Sheet PR2_Zn_CN_Yangtze_Hydro
A1: Activity | B1: [M+C] Zinc (Zn) ore mining and concentration (Guangdong)
A2: reference product | B2: Zn concentrate
A3: location | B3: CN
A4: amount | B4: 1
A5: unit | B5: kilogram
A6: comment | B6: Allocated unit process, considering as allocation factors: 56% for Zn (1 kg concentrate), 21% for Pb (0.4 kg concentrate) and 23% for Pb-Zn (0.6 kg bulk concentrate). The co-produced sulfur concentrate is dealt through substitution.
A7: Exchanges
A8: name | B8: reference product | C8: location | D8: amount | E8: unit | F8: database | G8: type | H8: categories | I8: uncertainty type | J8: pedigree | K8: loc | L8: scale | M8: minimum | N8: maximum
A9: =B1 -> [M+C] Zinc (Zn) ore mining and concentration (Guangdong) | B9: =B2 -> Zn concentrate | C9: =B3 -> CN | D9: 1 | E9: kilogram | F9: Zinc | G9: production
A10: market for diesel, burned in building machine | B10: diesel, burned in building machine | C10: GLO | D10: 0.12919384 | E10: megajoule | F10: ecoinvent 3.10 cutoff | G10: technosphere | J10: (1,1,2,1,1)
A11: market group for electricity, medium voltage | B11: electricity, medium voltage | C11: CN | D11: 0.54694873 | E11: kilowatt hour | F11: ecoinvent 3.10 cutoff | G11: technosphere | J11: (1,1,2,1,1)
A12: market for heat, district or industrial, other than natural gas | B12: heat, district or industrial, other than natural gas | C12: RoW | D12: 0.00047129011 | E12: megajoule | F12: ecoinvent 3.10 cutoff | G12: technosphere | J12: (1,1,2,1,1)
A13: market for polymer foaming | B13: polymer foaming | C13: GLO | D13: 1.9421296e-05 | E13: kilogram | F13: ecoinvent 3.10 cutoff | G13: technosphere | J13: (1,1,2,1,1)
A14: market for explosive, tovex | B14: explosive, tovex | C14: GLO | D14: 0.0029272678 | E14: kilogram | F14: ecoinvent 3.10 cutoff | G14: technosphere | J14: (1,1,2,1,1)
A15: market for steel, low-alloyed | B15: steel, low-alloyed | C15: GLO | D15: 0.0024769189 | E15: kilogram | F15: ecoinvent 3.10 cutoff | G15: technosphere | J15: (1,1,2,1,1)
A16: market for synthetic rubber | B16: synthetic rubber | C16: GLO | D16: 0.00027809044 | E16: kilogram | F16: ecoinvent 3.10 cutoff | G16: technosphere | J16: (1,1,2,1,1)
A17: market for particleboard, uncoated | B17: particleboard, uncoated | C17: RoW | D17: 6.2485908e-06 | E17: cubic meter | F17: ecoinvent 3.10 cutoff | G17: technosphere | J17: (1,1,2,1,1)
A18: market for lime, packed | B18: lime, packed | C18: RoW | D18: 0.057700951 | E18: kilogram | F18: ecoinvent 3.10 cutoff | G18: technosphere | J18: (1,1,2,1,1)
A19: market for copper sulfate | B19: copper sulfate | C19: GLO | D19: 0.0035183507 | E19: kilogram | F19: ecoinvent 3.10 cutoff | G19: technosphere | J19: (1,1,2,1,1)
A20: market for sodium ethyl xanthate | B20: sodium ethyl xanthate | C20: GLO | D20: 0.0036196792 | E20: kilogram | F20: ecoinvent 3.10 cutoff | G20: technosphere | J20: (1,1,2,1,1)
A21: market for [thio]carbamate-compound | B21: [thio]carbamate-compound | C21: GLO | D21: 0.00064737653 | E21: kilogram | F21: ecoinvent 3.10 cutoff | G21: technosphere | J21: (1,1,2,1,1)
... A30: market for sulfur trioxide | B30: sulfur trioxide | C30: RoW | D30: -2.02657 | E30: kilogram | F30: ecoinvent 3.10 cutoff | G30: technosphere | J30: (1,1,2,1,1)
A31: Lead | D31: 0.23924785 | E31: kilogram | F31: biosphere3 | G31: biosphere | H31: natural resource::in ground | J31: (1,1,2,1,1)
A32: Zinc | D32: 0.43458668 | E32: kilogram | F32: biosphere3 | G32: biosphere | H32: natural resource::in ground | J32: (1,1,2,1,1)
A33: Sulfur | D33: 1.3876375 | E33: kilogram | F33: biosphere3 | G33: biosphere | H33: natural resource::in ground | J33: (1,1,2,1,1)
A34: Iron | D34: 0.25106951 | E34: kilogram | F34: biosphere3 | G34: biosphere | H34: natural resource::in ground | J34: (1,1,2,1,1)
A35: Silver | D35: 0.00047793276 | E35: kilogram | F35: biosphere3 | G35: biosphere | H35: natural resource::in ground | J35: (1,1,2,1,1)
A36: Gold | D36: 4.5034889e-07 | E36: kilogram | F36: biosphere3 | G36: biosphere | H36: natural resource::in ground | J36: (1,1,2,1,1)
A37: Carbon dioxide, non-fossil | D37: 0.009119565 | E37: kilogram | F37: biosphere3 | G37: biosphere | H37: air | J37: (1,1,2,1,1)
A38: Carbon monoxide, non-fossil | D38: 0.00030832011 | E38: kilogram | F38: biosphere3 | G38: biosphere | H38: air | J38: (1,1,2,1,1)
A39: Nitrogen oxides | D39: 0.001093053 | E39: kilogram | F39: biosphere3 | G39: biosphere | H39: air | J39: (1,1,2,1,1)
A40: Sulfur dioxide | D40: 4.4303072e-05 | E40: kilogram | F40: biosphere3 | G40: biosphere | H40: air | J40: (1,1,2,1,1)
A41: Hydrocarbons, aromatic | D41: 2.6007648e-05 | E41: kilogram | F41: biosphere3 | G41: biosphere | H41: air | J41: (1,1,2,1,1)
A42: Particulate Matter, > 2.5 um and < 10um | D42: 0.00029160091 | E42: kilogram | F42: biosphere3 | G42: biosphere | H42: air | J42: (1,1,2,1,1)
... A46: Arsenic ion | D46: 0.0012947531 | E46: kilogram | F46: biosphere3 | G46: biosphere | H46: water | J46: (1,1,2,1,1)
A48: Activity | B48: [P+R] Refined Zn production - Hydrometallurgy (Yangtze)
A49: reference product | B49: Refined Zn
A50: location | B50: CN
A51: amount | B51: 1
A52: unit | B52: kilogram
A53: comment | B53: Allocated unit process, considering as allocation factors: 97.2% for Zn (1 kg refined), 0.6% for Cd (0.006 kg refined) and 2.2% for In (0.0002 kg refined).
A54: Exchanges
A55: name | B55: reference product | C55: location | D55: amount | E55: unit | F55: database | G55: type | H55: categories | I55: uncertainty type | J55: pedigree | K55: loc | L55: scale | M55: minimum | N55: maximum
A56: =B48 -> [P+R] Refined Zn production - Hydrometallurgy (Yangtze) | B56: =B49 -> Refined Zn | C56: =B50 -> CN | D56: 1 | E56: kilogram | F56: Zinc | G56: production
A57: Refining material production - Volatilization kiln and multi chamber furnace | B57: Refining material | C57: CN | D57: 0.27961285 | E57: kilogram | F57: Zinc | G57: technosphere
A58: market for diesel, burned in building machine | B58: diesel, burned in building machine | C58: GLO | D58: 0.11898101 | E58: megajoule | F58: ecoinvent 3.10 cutoff | G58: technosphere | J58: (1,1,1,1,1)
A59: market for natural gas, high pressure | B59: natural gas, high pressure | C59: CN | D59: 2.1488617e-05 | E59: cubic meter | F59: ecoinvent 3.10 cutoff | G59: technosphere | J59: (1,1,1,1,1)
A60: market for hard coal | B60: hard coal | C60: CN | D60: 0.014358216 | E60: kilogram | F60: ecoinvent 3.10 cutoff | G60: technosphere | J60: (1,1,1,1,1)
A61: market for steel, low-alloyed | B61: steel, low-alloyed | C61: GLO | D61: 0.27961285 | E61: kilogram | F61: ecoinvent 3.10 cutoff | G61: technosphere | J61: (1,1,1,1,1)
A62: market for chemical, inorganic | B62: chemical, inorganic | C62: GLO | D62: 0.039593378 | E62: kilogram | F62: ecoinvent 3.10 cutoff | G62: technosphere | J62: (1,1,1,1,1)
A63: market for hard coal | B63: hard coal | C63: CN | D63: 0.40235324 | E63: kilogram | F63: ecoinvent 3.10 cutoff | G63: technosphere | J63: (1,1,1,1,1)
A64: Water, unspecified natural origin | D64: 0.00044012602 | E64: cubic meter | F64: biosphere3 | G64: biosphere | H64: natural resource::in ground | J64: (1,1,1,1,1)
A65: Particulate Matter, > 2.5 um and < 10um | D65: 4.8358518e-05 | E65: kilogram | F65: biosphere3 | G65: biosphere | H65: air | J65: (1,1,1,1,1)
A66: Sulfur dioxide | D66: 6.3510249e-06 | E66: kilogram | F66: biosphere3 | G66: biosphere | H66: air | J66: (1,1,1,1,1)
A67: Fluorine | D67: 1.5121488e-08 | E67: kilogram | F67: biosphere3 | G67: biosphere | H67: air | J67: (1,1,1,1,1)
A68: Lead II | D68: 6.9558844e-07 | E68: kilogram | F68: biosphere3 | G68: biosphere | H68: air | J68: (1,1,1,1,1)
A69: Arsenic ion | D69: 6.0485951e-08 | E69: kilogram | F69: biosphere3 | G69: biosphere | H69: air | J69: (1,1,1,1,1)
A70: Cadmium II | D70: 1.5121488e-07 | E70: kilogram | F70: biosphere3 | G70: biosphere | H70: air | J70: (1,1,1,1,1)
A71: Mercury II | D71: 6.0485951e-11 | E71: kilogram | F71: biosphere3 | G71: biosphere | H71: air | J71: (1,1,1,1,1)
A72: Water, unspecified natural origin | D72: 0.00033733015 | E72: cubic meter | F72: biosphere3 | G72: biosphere | H72: natural resource::in ground | J72: (1,1,1,1,1)
A73: Sulfuric acid | D73: 3.1936582e-05 | E73: kilogram | F73: biosphere3 | G73: biosphere | H73: water | J73: (1,1,1,1,1)
A74: Chlorine | D74: 0.0038323899 | E74: kilogram | F74: biosphere3 | G74: biosphere | H74: water | J74: (1,1,1,1,1)
A75: Particulate Matter, > 2.5 um and < 10um | D75: 0.0001689675 | E75: kilogram | F75: biosphere3 | G75: biosphere | H75: air | J75: (1,1,1,1,1)
... A77: Sulfuric acid | D77: 2.9759088e-05 | E77: kilogram | F77: biosphere3 | G77: biosphere | H77: air | J77: (1,1,1,1,1)
A79: Activity | B79: Refining material production - Volatilization kiln and multi chamber furnace
A80: reference product | B80: Refining material
A81: location | B81: CN
A82: amount | B82: 1
A83: unit | B83: kilogram
A84: comment | B84: n/a
A85: Exchanges
A86: name | B86: reference product | C86: location | D86: amount | E86: unit | F86: database | G86: type | H86: categories | I86: uncertainty type | J86: pedigree | K86: loc | L86: scale | M86: minimum | N86: maximum
A87: =B79 -> Refining material production - Volatilization kiln and multi chamber furnace | B87: =B80 -> Refining material | C87: =B81 -> CN | D87: 1 | E87: kilogram | F87: Zinc | G87: production
A88: Zn and Copper (Cu) waste treatment | B88: Zn material | C88: CN | D88: 0.0034505321 | E88: kilogram | F88: Zinc | G88: technosphere | J88: (1,1,1,1,1)
A89: Zn and Lead (Pb) waste treatment | B89: Zn material | C89: CN | D89: 0.052433851 | E89: kilogram | F89: Zinc | G89: technosphere | J89: (1,1,1,1,1)
A90: market for natural gas, high pressure | B90: natural gas, high pressure | C90: CN | D90: 1.9678942e-05 | E90: cubic meter | F90: ecoinvent 3.10 cutoff | G90: technosphere | J90: (1,1,1,1,1)
A91: market for hard coal | B91: hard coal | C91: CN | D91: 0.011895668 | E91: kilogram | F91: ecoinvent 3.10 cutoff | G91: technosphere | J91: (1,1,1,1,1)
A92: market for coke | B92: coke | C92: CN | D92: 11.040816 | E92: megajoule | F92: ecoinvent 3.10 cutoff | G92: technosphere | J92: (1,1,1,1,1)
A93: market for zinc slag | B93: zinc slag | C93: GLO | D93: -0.70771095 | E93: kilogram | F93: ecoinvent 3.10 cutoff | G93: technosphere | J93: (1,1,1,1,1)
A94: market for hazardous waste, for underground deposit | B94: hazardous waste, for underground deposit | C94: RoW | D94: -0.0072427014 | E94: kilogram | F94: ecoinvent 3.10 cutoff | G94: technosphere | J94: (1,1,1,1,1)
A95: Water, unspecified natural origin | D95: 0.0016652828 | E95: cubic meter | F95: biosphere3 | G95: biosphere | H95: natural resource::in ground | J95: (1,1,1,1,1)
A96: Particulate Matter, > 2.5 um and < 10um | D96: 5.5129863e-05 | E96: kilogram | F96: biosphere3 | G96: biosphere | H96: air | J96: (1,1,1,1,1)
A97: Sulfur dioxide | D97: 6.8445654e-07 | E97: kilogram | F97: biosphere3 | G97: biosphere | H97: air | J97: (1,1,1,1,1)
A98: Fluorine | D98: 1.2444664e-06 | E98: kilogram | F98: biosphere3 | G98: biosphere | H98: air | J98: (1,1,1,1,1)
A99: Lead II | D99: 2.2089279e-06 | E99: kilogram | F99: biosphere3 | G99: biosphere | H99: air | J99: (1,1,1,1,1)
A100: Arsenic ion | D100: 6.5334488e-07 | E100: kilogram | F100: biosphere3 | G100: biosphere | H100: air | J100: (1,1,1,1,1)
A101: Cadmium II | D101: 2.1778163e-07 | E101: kilogram | F101: biosphere3 | G101: biosphere | H101: air | J101: (1,1,1,1,1)
A102: Sulfur dioxide | D102: 0.00052930269 | E102: kilogram | F102: biosphere3 | G102: biosphere | H102: air | J102: (1,1,1,1,1)
A103: Nitrogen oxides | D103: 0.00044275005 | E103: kilogram | F103: biosphere3 | G103: biosphere | H103: air | J103: (1,1,1,1,1)
A105: Activity | B105: Zn and Copper (Cu) waste treatment
A106: reference product | B106: Zn material
A107: location | B107: CN
A108: amount | B108: 1
A109: unit | B109: kilogram
A110: comment | B110: The co-produced sulfuric acid is dealt through substitution.
A111: Exchanges
A112: name | B112: reference product | C112: location | D112: amount | E112: unit | F112: database | G112: type | H112: categories | I112: uncertainty type | J112: pedigree | K112: loc | L112: scale | M112: minimum | N112: maximum
A113: =B105 -> Zn and Copper (Cu) waste treatment | B113: =B106 -> Zn material | C113: =B107 -> CN | D113: 1 | E113: kilogram | F113: Zinc | G113: production
A114: market for chemical, inorganic | B114: chemical, inorganic | C114: GLO | D114: 0.0023821577 | E114: kilogram | F114: ecoinvent 3.10 cutoff | G114: technosphere | J114: (1,1,1,1,1)
A115: market for natural gas, high pressure | B115: natural gas, high pressure | C115: CN | D115: 3.2916137e-07 | E115: cubic meter | F115: ecoinvent 3.10 cutoff | G115: technosphere | J115: (1,1,1,1,1)
...

Sheet PR3_Zn_CN_Smelting
A1: Activity | B1: [M+C] Zinc (Zn) ore mining and concentration (for Smelting)
A2: reference product | B2: Zn concentrate
A3: location | B3: CN
A4: amount | B4: 1
A5: unit | B5: kilogram
A6: comment | B6: In the absence of detailed mass balance for this intermediary product, the reference flow of this unit process is set by default at 1 kg, while the input and ouput flows of the inventory are actually scaled to 1 kg of refined Zn.
A7: Exchanges
A8: name | B8: reference product | C8: location | D8: amount | E8: unit | F8: database | G8: type | H8: categories | I8: uncertainty type | J8: pedigree | K8: loc | L8: scale | M8: minimum | N8: maximum
A9: [M+C] Zinc (Zn) ore mining and concentration (for Smelting) | B9: Zn concentrate | C9: CN | D9: 1 | E9: kilogram | F9: Zinc | G9: production
A10: market for explosive, tovex | B10: explosive, tovex | C10: GLO | D10: 0.0020259343 | E10: kilogram | F10: ecoinvent 3.10 cutoff | G10: technosphere | J10: (2,1,2,2,2)
A11: market for chemical, inorganic | B11: chemical, inorganic | C11: GLO | D11: 0.01205726 | E11: kilogram | F11: ecoinvent 3.10 cutoff | G11: technosphere | J11: (2,1,2,2,2)
A12: market for chemical, organic | B12: chemical, organic | C12: GLO | D12: 0.00096182707 | E12: kilogram | F12: ecoinvent 3.10 cutoff | G12: technosphere | J12: (2,1,2,2,2)
A13: market for charcoal | B13: charcoal | C13: GLO | D13: 0.00044452539 | E13: kilogram | F13: ecoinvent 3.10 cutoff | G13: technosphere | J13: (2,1,2,2,2)
A14: market for limestone, crushed, washed | B14: limestone, crushed, washed | C14: RoW | D14: 0.0051533475 | E14: kilogram | F14: ecoinvent 3.10 cutoff | G14: technosphere | J14: (2,1,2,2,2)
A15: market for transport, freight, conveyor belt | B15: transport, freight, conveyor belt | C15: GLO | D15: 2.1742656e-09 | E15: ton kilometer | F15: ecoinvent 3.10 cutoff | G15: technosphere | J15: (2,1,2,2,2)
A16: market for transport, freight, lorry, unspecified | B16: transport, freight, lorry, unspecified | C16: RoW | D16: 0.073366359 | E16: ton kilometer | F16: ecoinvent 3.10 cutoff | G16: technosphere | J16: (2,1,2,2,2)
A17: market group for electricity, medium voltage | B17: electricity, medium voltage | C17: CN | D17: 0.2222627 | E17: kilowatt hour | F17: ecoinvent 3.10 cutoff | G17: technosphere | J17: (2,1,2,2,2)
A18: market for diesel, burned in building machine | B18: diesel, burned in building machine | C18: GLO | D18: 0.20456036 | E18: megajoule | F18: ecoinvent 3.10 cutoff | G18: technosphere | J18: (2,1,2,2,2)
A19: market for municipal solid waste | B19: municipal solid waste | C19: RoW | D19: -0.00073956437 | E19: kilogram | F19: ecoinvent 3.10 cutoff | G19: technosphere | J19: (3,1,2,1,1)
A20: market for hazardous waste, for underground deposit | B20: hazardous waste, for underground deposit | C20: RoW | D20: -20.849421 | E20: kilogram | F20: ecoinvent 3.10 cutoff | G20: technosphere | J20: (3,1,2,1,1)
A21: Occupation, mineral extraction site | D21: 0.047796315 | E21: square meter-year | F21: biosphere3 | G21: biosphere | H21: natural resource::land | J21: (2,1,2,2,2)
A22: Water, unspecified natural origin | D22: 0.0020652729 | E22: cubic meter | F22: biosphere3 | G22: biosphere | H22: natural resource::in ground | J22: (2,1,2,2,2)
A23: Particulate Matter, > 2.5 um and < 10um | D23: 4.0440009e-06 | E23: kilogram | F23: biosphere3 | G23: biosphere | H23: air | J23: (3,1,2,1,1)
A24: Sulfur dioxide | D24: 5.192686e-07 | E24: kilogram | F24: biosphere3 | G24: biosphere | H24: air | J24: (3,1,2,1,1)
A25: Lead II | D25: 1.0729584e-05 | E25: kilogram | F25: biosphere3 | G25: biosphere | H25: air | J25: (3,1,2,1,1)
A26: Cadmium II | D26: 1.5342027e-07 | E26: kilogram | F26: biosphere3 | G26: biosphere | H26: air | J26: (3,1,2,1,1)
A27: Arsenic ion | D27: 2.7143586e-07 | E27: kilogram | F27: biosphere3 | G27: biosphere | H27: air | J27: (3,1,2,1,1)
A28: Mercury II | D28: 2.0062651e-07 | E28: kilogram | F28: biosphere3 | G28: biosphere | H28: air | J28: (3,1,2,1,1)
A29: Nitrogen oxides | D29: 4.4649232e-07 | E29: kilogram | F29: biosphere3 | G29: biosphere | H29: air | J29: (3,1,2,1,1)
A30: Particulate Matter, > 2.5 um and < 10um | D30: 3.8571429e-06 | E30: kilogram | F30: biosphere3 | G30: biosphere | H30: air | J30: (3,1,2,1,1)
A31: Ammonia | D31: 4.7717637e-06 | E31: kilogram | F31: biosphere3 | G31: biosphere | H31: air | J31: (3,1,2,1,1)
A32: Hydrogen sulfide | D32: 7.2776281e-08 | E32: kilogram | F32: biosphere3 | G32: biosphere | H32: air | J32: (3,1,2,1,1)
... A62: Mineral oil | D62: 4.3272384e-08 | E62: kilogram | F62: biosphere3 | G62: biosphere | H62: soil::agricultural | J62: (3,1,2,1,1)
A64: Activity | B64: [P+R] Refined Zn production - Smelting
A65: reference product | B65: Refined Zn
A66: location | B66: CN
A67: amount | B67: 1
A68: unit | B68: kilogram
A69: comment | B69: Allocated unit process, considering as allocation factors: 54% for Zn (1 kg refined) and 46% for Pb (1.04 kg refined).
A70: Exchanges
A71: name | B71: reference product | C71: location | D71: amount | E71: unit | F71: database | G71: type | H71: categories | I71: uncertainty type | J71: pedigree | K71: loc | L71: scale | M71: minimum | N71: maximum
A72: [P+R] Refined Zn production - Smelting | B72: Refined Zn | C72: CN | D72: 1 | E72: kilogram | F72: Zinc | G72: production
A73: market for limestone, crushed, washed | B73: limestone, crushed, washed | C73: RoW | D73: 0.15935698 | E73: kilogram | F73: ecoinvent 3.10 cutoff | G73: technosphere | J73: (2,1,2,1,1)
A74: market for coke | B74: coke | C74: CN | D74: 1.9592887 | E74: megajoule | F74: ecoinvent 3.10 cutoff | G74: technosphere | J74: (2,1,2,1,1)
A75: market for oxygen, liquid | B75: oxygen, liquid | C75: RoW | D75: 0.62050184 | E75: kilogram | F75: ecoinvent 3.10 cutoff | G75: technosphere | J75: (2,1,2,1,1)
A76: market for silica sand | B76: silica sand | C76: GLO | D76: 0.074223988 | E76: kilogram | F76: ecoinvent 3.10 cutoff | G76: technosphere | J76: (2,1,2,1,1)
A77: market for sulfur | B77: sulfur | C77: GLO | D77: 0.00053047691 | E77: kilogram | F77: ecoinvent 3.10 cutoff | G77: technosphere | J77: (2,1,2,1,1)
A78: market for fluosilicic acid, without water, in 22% solution state | B78: fluosilicic acid, without water, in 22% solution state | C78: GLO | D78: 0.0019999835 | E78: kilogram | F78: ecoinvent 3.10 cutoff | G78: technosphere | J78: (2,1,2,1,1)
A79: market for zinc | B79: zinc | C79: GLO | D79: 0.074010086 | E79: kilogram | F79: ecoinvent 3.10 cutoff | G79: technosphere | J79: (2,1,2,1,1)
A80: market for zinc oxide | B80: zinc oxide | C80: GLO | D80: 0.29946277 | E80: kilogram | F80: ecoinvent 3.10 cutoff | G80: technosphere | J80: (2,1,2,1,1)
A81: market for transport, freight, lorry, unspecified | B81: transport, freight, lorry, unspecified | C81: RoW | D81: 0.46202828 | E81: ton kilometer | F81: ecoinvent 3.10 cutoff | G81: technosphere | J81: (2,1,2,1,1)
A82: market group for electricity, medium voltage | B82: electricity, medium voltage | C82: CN | D82: 2.4063973 | E82: kilowatt hour | F82: ecoinvent 3.10 cutoff | G82: technosphere | J82: (2,1,2,1,1)
A83: market for natural gas, high pressure | B83: natural gas, high pressure | C83: CN | D83: 1.1229854e-05 | E83: cubic meter | F83: ecoinvent 3.10 cutoff | G83: technosphere | J83: (2,1,2,1,1)
A84: market for municipal solid waste | B84: municipal solid waste | C84: RoW | D84: -0.00095293333 | E84: kilogram | F84: ecoinvent 3.10 cutoff | G84: technosphere | J84: (3,1,2,1,1)
A85: Occupation, mineral extraction site | D85: 0.00098822715 | E85: square meter-year | F85: biosphere3 | G85: biosphere | H85: natural resource::land | J85: (2,1,2,1,1)
A86: Water, unspecified natural origin | D86: 0.007882288 | E86: cubic meter | F86: biosphere3 | G86: biosphere | H86: natural resource::in ground | J86: (2,1,2,1,1)
A87: Particulate Matter, > 2.5 um and < 10um | D87: 0.010909001 | E87: kilogram | F87: biosphere3 | G87: biosphere | H87: air | J87: (1,1,2,1,1)
A88: Sulfur dioxide | D88: 0.0036256386 | E88: kilogram | F88: biosphere3 | G88: biosphere | H88: air | J88: (1,1,2,1,1)
A89: Nitrogen oxides | D89: 0.0014759237 | E89: kilogram | F89: biosphere3 | G89: biosphere | H89: air | J89: (1,1,2,1,1)
A90: Lead II | D90: 0.00018716423 | E90: kilogram | F90: biosphere3 | G90: biosphere | H90: air | J90: (1,1,2,1,1)
A91: Cadmium II | D91: 1.4536779e-05 | E91: kilogram | F91: biosphere3 | G91: biosphere | H91: air | J91: (1,1,2,1,1)
A92: Arsenic ion | D92: 1.61496e-05 | E92: kilogram | F92: biosphere3 | G92: biosphere | H92: air | J92: (1,1,2,1,1)
A93: Mercury II | D93: 5.0053064e-07 | E93: kilogram | F93: biosphere3 | G93: biosphere | H93: air | J93: (1,1,2,1,1)
A94: Chromium III | D94: 8.6523352e-07 | E94: kilogram | F94: biosphere3 | G94: biosphere | H94: air | J94: (1,1,2,1,1)
A95: Sulfuric acid | D95: 7.9883834e-05 | E95: kilogram | F95: biosphere3 | G95: biosphere | H95: air | J95: (1,1,2,1,1)
A96: Antimony ion | D96: 6.2031575e-07 | E96: kilogram | F96: biosphere3 | G96: biosphere | H96: air | J96: (1,1,2,1,1)
... A127: Calcium cyanamide | D127: 1.0695099e-09 | E127: kilogram | F127: biosphere3 | G127: biosphere | H127: soil::agricultural | J127: (3,1,2,1,1)
A129: Activity | B129: Zn ore mining and Zn production in China through Smelting
A130: reference product | B130: Refined Zn
A131: location | B131: CN
A132: amount | B132: 1
A133: unit | B133: kilogram
A134: comment | B134: Applied AF: "Zn concentrate" input = 54%.
A135: Exchanges
A136: name | B136: reference product | C136: location | D136: amount | E136: unit | F136: database | G136: type | H136: categories | I136: uncertainty type | J136: pedigree | K136: loc | L136: scale | M136: minimum | N136: maximum
A137: Zn ore mining and Zn production in China through Smelting | B137: Refined Zn | C137: CN | D137: 1 | E137: kilogram | F137: Zinc | G137: production
A138: [P+R] Refined Zn production - Smelting | B138: Refined Zn | C138: CN | D138: 1 | E138: kilogram | F138: Zinc | G138: technosphere
A139: [M+C] Zinc (Zn) ore mining and concentration (for Smelting) | B139: Zn concentrate | C139: CN | D139: 0.54374675 | E139: kilogram | F139: Zinc | G139: technosphere

Sheet PR4_Zn_RoW
A1: Activity | B1: [M+C] Zinc (Zn) ore mining and concentration
A2: reference product | B2: Zn concentrate
A3: location | B3: RoW
A4: amount | B4: 1
A5: unit | B5: kilogram
A6: comment | B6: n/a
A7: Exchanges
A8: name | B8: reference product | C8: location | D8: amount | E8: unit | F8: database | G8: type | H8: categories | I8: uncertainty type | J8: pedigree | K8: loc | L8: scale | M8: minimum | N8: maximum
A9: [M+C] Zinc (Zn) ore mining and concentration | B9: Zn concentrate | C9: RoW | D9: 1 | E9: kilogram | F9: Zinc | G9: production
A10: heat production, heavy fuel oil, at industrial furnace 1MW | B10: heat, district or industrial, other than natural gas | C10: RoW | D10: 4.0502431 | E10: megajoule | F10: ecoinvent 3.10 cutoff | G10: technosphere | J10: (1,1,5,1,1)
A11: market for sulfidic tailings, from zinc-lead mine operation | B11: sulfidic tailings, from zinc-lead mine operation | C11: RoW | D11: -170.07293 | E11: kilogram | F11: ecoinvent 3.10 cutoff | G11: technosphere | J11: (1,1,5,1,1)
A12: Zinc II | D12: 1.7828201e-05 | E12: kilogram | F12: biosphere3 | G12: biosphere | H12: air | J12: (1,1,5,1,1)
A13: Lead II | D13: 1.0048622e-06 | E13: kilogram | F13: biosphere3 | G13: biosphere | H13: air | J13: (1,1,5,1,1)
A14: Cadmium II | D14: 1.9448947e-07 | E14: kilogram | F14: biosphere3 | G14: biosphere | H14: air | J14: (1,1,5,1,1)
A15: Carbon dioxide, fossil | D15: 0.29011345 | E15: kilogram | F15: biosphere3 | G15: biosphere | H15: air | J15: (1,1,5,1,1)
A16: Particulate Matter, > 10 um | D16: 0.00037212318 | E16: kilogram | F16: biosphere3 | G16: biosphere | H16: air | J16: (1,1,5,1,1)
A17: Sulfur oxides | D17: 0.00023387358 | E17: kilogram | F17: biosphere3 | G17: biosphere | H17: air | J17: (1,1,5,1,1)
A18: Nitrogen oxides | D18: 0.0046139384 | E18: kilogram | F18: biosphere3 | G18: biosphere | H18: air | J18: (1,1,5,1,1)
A19: Lead II | D19: 4.8622366e-09 | E19: kilogram | F19: biosphere3 | G19: biosphere | H19: water | J19: (1,1,5,1,1)
A20: Zinc II | D20: 3.6466775e-07 | E20: kilogram | F20: biosphere3 | G20: biosphere | H20: water | J20: (1,1,5,1,1)
A21: Cadmium II | D21: 3.2414911e-09 | E21: kilogram | F21: biosphere3 | G21: biosphere | H21: water | J21: (1,1,5,1,1)
A23: Activity | B23: [P+R] Refined Zn production
A24: reference product | B24: Refined Zn
A25: location | B25: RoW
A26: amount | B26: 1
A27: unit | B27: kilogram
A28: comment | B28: Allocated unit process, considering as allocation factors (AF): 55.37% for Zn (1 kg refined), 12.61% for Pb (0.28 kg refined), 28.81% for Ag (0.002 kg refined), 0.01% for Bi (0.00006 kg refined), 0.62% for In (0.0001 kg refined) and 2.57% for Ge (0.00009 kg refined).
A29: Exchanges
A30: name | B30: reference product | C30: location | D30: amount | E30: unit | F30: database | G30: type | H30: categories | I30: uncertainty type | J30: pedigree | K30: loc | L30: scale | M30: minimum | N30: maximum
A31: [P+R] Refined Zn production | B31: Refined Zn | C31: RoW | D31: 1 | E31: kilogram | F31: Zinc | G31: production
A32: market group for electricity, medium voltage | B32: electricity, medium voltage | C32: GLO | D32: 5.4583468 | E32: kilowatt hour | F32: ecoinvent 3.10 cutoff | G32: technosphere | J32: (1,1,5,1,1)
A33: heat production, heavy fuel oil, at industrial furnace 1MW | B33: heat, district or industrial, other than natural gas | C33: RoW | D33: 8.5640901 | E33: megajoule | F33: ecoinvent 3.10 cutoff | G33: technosphere | J33: (1,1,5,1,1)
A34: Zinc II | D34: 8.6052456e-06 | E34: kilogram | F34: biosphere3 | G34: biosphere | H34: air | J34: (1,1,5,1,1)
A35: Lead II | D35: 7.1086812e-06 | E35: kilogram | F35: biosphere3 | G35: biosphere | H35: air | J35: (1,1,5,1,1)
A36: Cadmium II | D36: 1.683635e-07 | E36: kilogram | F36: biosphere3 | G36: biosphere | H36: air | J36: (1,1,5,1,1)
A37: Mercury II | D37: 1.7397562e-07 | E37: kilogram | F37: biosphere3 | G37: biosphere | H37: air | J37: (1,1,5,1,1)
A38: Sulfur dioxide | D38: 0.0066129442 | E38: kilogram | F38: biosphere3 | G38: biosphere | H38: air | J38: (1,1,5,1,1)
A39: Carbon dioxide, fossil | D39: 0.66222977 | E39: kilogram | F39: biosphere3 | G39: biosphere | H39: air | J39: (1,1,5,1,1)
A40: Particulate Matter, > 10 um | D40: 0.00021513114 | E40: kilogram | F40: biosphere3 | G40: biosphere | H40: air | J40: (1,1,5,1,1)
A41: Particulate Matter, < 2.5 um | D41: 0.00013656151 | E41: kilogram | F41: biosphere3 | G41: biosphere | H41: air | J41: (1,1,5,1,1)
A42: Lead II | D42: 3.7227041e-06 | E42: kilogram | F42: biosphere3 | G42: biosphere | H42: water | J42: (1,1,5,1,1)
A43: Zinc II | D43: 4.5645216e-05 | E43: kilogram | F43: biosphere3 | G43: biosphere | H43: water | J43: (1,1,5,1,1)
A44: Cadmium II | D44: 2.8247654e-07 | E44: kilogram | F44: biosphere3 | G44: biosphere | H44: water | J44: (1,1,5,1,1)
A45: Mercury II | D45: 2.4319172e-08 | E45: kilogram | F45: biosphere3 | G45: biosphere | H45: water | J45: (1,1,5,1,1)
A47: Activity | B47: Pb/Zn ore mining and Pb/Zn production in Canada/Peru/Chile/the US
A48: reference product | B48: Refined Zn
A49: location | B49: RoW
A50: amount | B50: 1
A51: unit | B51: kilogram
A52: comment | B52: Applied AF: "Zn concentrate" input = 55.37%.
A53: Exchanges
A54: name | B54: reference product | C54: location | D54: amount | E54: unit | F54: database | G54: type | H54: categories | I54: uncertainty type | J54: pedigree | K54: loc | L54: scale | M54: minimum | N54: maximum
A55: Pb/Zn ore mining and Pb/Zn production in Canada/Peru/Chile/the US | B55: Refined Zn | C55: RoW | D55: 1 | E55: kilogram | F55: Zinc | G55: production
A56: [P+R] Refined Zn production | B56: Refined Zn | C56: RoW | D56: 1 | E56: kilogram | F56: Zinc | G56: technosphere
A57: [M+C] Zinc (Zn) ore mining and concentration | B57: Zn concentrate | C57: RoW | D57: 0.71320089 | E57: kilogram | F57: Zinc | G57: technosphere

Sheet PR5_ZnO2_SE_Pyro
A1: Activity | B1: [M+C] Copper (Cu) ore mining and concentration (Sweden)
A2: reference product | B2: Cu concentrate
A3: location | B3: SE
A4: amount | B4: 1
A5: unit | B5: kilogram
A6: comment | B6: n/a
A7: Exchanges
A8: name | B8: reference product | C8: location | D8: amount | E8: unit | F8: database | G8: type | H8: categories | I8: uncertainty type | J8: pedigree | K8: loc | L8: scale | M8: minimum | N8: maximum
A9: =B1 -> [M+C] Copper (Cu) ore mining and concentration (Sweden) | B9: =B2 -> Cu concentrate | C9: SE | D9: 1 | E9: kilogram | F9: =Zn_Market_GLO!B1 -> Zinc | G9: production
A10: market for diesel, burned in building machine | B10: diesel, burned in building machine | C10: GLO | D10: 4.0289823 | E10: megajoule | F10: ecoinvent 3.10 cutoff | G10: technosphere | J10: (1,1,3,1,1)
A11: market for electricity, high voltage | B11: electricity, high voltage | C11: SE | D11: 0.24177706 | E11: kilowatt hour | F11: ecoinvent 3.10 cutoff | G11: technosphere | J11: (1,1,3,1,1)
A12: heat production, wood pellet, at furnace 25kW, state-of-the-art 2014 | B12: heat, central or small-scale, other than natural gas | C12: RoW | D12: 0.025828164 | E12: megajoule | F12: ecoinvent 3.10 cutoff | G12: technosphere | J12: (1,1,3,1,1)
A13: market for explosive, tovex | B13: explosive, tovex | C13: GLO | D13: 0.082326296 | E13: kilogram | F13: ecoinvent 3.10 cutoff | G13: technosphere | J13: (1,1,3,1,1)
A14: market for lime, packed | B14: lime, packed | C14: Europe without Switzerland | D14: 0.025824903 | E14: kilogram | F14: ecoinvent 3.10 cutoff | G14: technosphere | J14: (1,1,3,1,1)
A15: market for sodium chloride, powder | B15: sodium chloride, powder | C15: GLO | D15: 0.0045916737 | E15: kilogram | F15: ecoinvent 3.10 cutoff | G15: technosphere | J15: (1,1,3,1,1)
A16: market for sodium chloride, brine solution | B16: sodium chloride, brine solution | C16: GLO | D16: 0.00019155889 | E16: kilogram | F16: ecoinvent 3.10 cutoff | G16: technosphere | J16: (1,1,3,1,1)
A17: market for electricity, high voltage | B17: electricity, high voltage | C17: SE | D17: 2.2461111 | E17: kilowatt hour | F17: ecoinvent 3.10 cutoff | G17: technosphere | J17: (1,1,3,1,1)
A18: heat production, wood pellet, at furnace 25kW, state-of-the-art 2014 | B18: heat, central or small-scale, other than natural gas | C18: RoW | D18: 0.028657522 | E18: megajoule | F18: ecoinvent 3.10 cutoff | G18: technosphere | J18: (1,1,3,1,1)
A19: market for aluminium hydroxide | B19: aluminium hydroxide | C19: GLO | D19: 2.2827923e-05 | E19: kilogram | F19: ecoinvent 3.10 cutoff | G19: technosphere | J19: (1,1,3,1,1)
A20: market for chemical, inorganic | B20: chemical, inorganic | C20: GLO | D20: 0.0018001448 | E20: kilogram | F20: ecoinvent 3.10 cutoff | G20: technosphere | J20: (1,1,3,1,1)
A21: market for light fuel oil | B21: light fuel oil | C21: Europe without Switzerland | D21: 2.5436829e-06 | E21: kilogram | F21: ecoinvent 3.10 cutoff | G21: technosphere | J21: (1,1,3,1,1)
... A32: treatment of hazardous waste, hazardous waste incineration | B32: hazardous waste, for incineration | C32: Europe without Switzerland | D32: -1.8197116e-05 | E32: kilogram | F32: ecoinvent 3.10 cutoff | G32: technosphere | J32: (1,1,3,1,1)
A33: Occupation, mineral extraction site | D33: 0.081528297 | E33: square meter-year | F33: biosphere3 | G33: biosphere | H33: natural resource::land | J33: (1,1,3,1,1)
A34: Copper | D34: 0.21319389 | E34: kilogram | F34: biosphere3 | G34: biosphere | H34: natural resource::in ground | J34: (1,1,3,1,1)
A35: Water, river | D35: 0.0019566791 | E35: cubic meter | F35: biosphere3 | G35: biosphere | H35: natural resource::in water | J35: (1,1,3,1,1)
A36: Water, well, in ground | D36: 0.00032611319 | E36: cubic meter | F36: biosphere3 | G36: biosphere | H36: natural resource::in water | J36: (1,1,3,1,1)
A37: Nitrogen oxides | D37: 0.00011692462 | E37: kilogram | F37: biosphere3 | G37: biosphere | H37: air | J37: (1,1,3,1,1)
A38: Carbon dioxide, fossil | D38: 0.0012392301 | E38: kilogram | F38: biosphere3 | G38: biosphere | H38: air | J38: (1,1,3,1,1)
A39: Copper ion | D39: 2.8404459e-07 | E39: kilogram | F39: biosphere3 | G39: biosphere | H39: water | J39: (1,1,3,1,1)
A40: Aluminium III | D40: 7.5593037e-06 | E40: kilogram | F40: biosphere3 | G40: biosphere | H40: water | J40: (1,1,3,1,1)
A41: Arsenic ion | D41: 2.5436829e-09 | E41: kilogram | F41: biosphere3 | G41: biosphere | H41: water | J41: (1,1,3,1,1)
A42: Lead II | D42: 9.7833956e-09 | E42: kilogram | F42: biosphere3 | G42: biosphere | H42: water | J42: (1,1,3,1,1)
A43: Cadmium II | D43: 3.2611319e-09 | E43: kilogram | F43: biosphere3 | G43: biosphere | H43: water | J43: (1,1,3,1,1)
A44: Copper ion | D44: 2.4621546e-07 | E44: kilogram | F44: biosphere3 | G44: biosphere | H44: water | J44: (1,1,3,1,1)
... A50: Nitrogen | D50: 0.00016461868 | E50: kilogram | F50: biosphere3 | G50: biosphere | H50: water | J50: (1,1,3,1,1)
A52: Activity | B52: [P+R] Zn dioxide (ZnO2) production - Pyrometallurgy (Sweden)
A53: reference product | B53: ZnO2
A54: location | B54: SE
A55: amount | B55: 1
A56: unit | B56: kilogram
A57: comment | B57: Allocated unit process, considering as allocation factors (AF): 45.7% for Cu (1 kg cathode), 0.02% for Cu (0.002 kg CuSO4), 0.5% for Ni (0.02 kg NiSO4), 30.6% for Au (0.00009 kg), 16.2% for Ag (0.004 kg), 0.03% for Te (0.0002 kg CuTe), 0.07% for Se (0.0004 kg), 4.3% for Zn (0.2 kg ZnO2), 2.4% for Pb (0.2 kg) and 0.06% for Fe (1.8 kg sand). The co-produced sulfuric acid, sulfur dioxide, electricity and heat are dealt through substitution.
A58: Exchanges
A59: name | B59: reference product | C59: location | D59: amount | E59: unit | F59: database | G59: type | H59: categories | I59: uncertainty type | J59: pedigree | K59: loc | L59: scale | M59: minimum | N59: maximum
A60: =B52 -> [P+R] Zn dioxide (ZnO2) production - Pyrometallurgy (Sweden) | B60: =B53 -> ZnO2 | C60: SE | D60: 1 | E60: kilogram | F60: =F9 -> Zinc | G60: production
A61: market for diesel, burned in building machine | B61: diesel, burned in building machine | C61: GLO | D61: 0.057469664 | E61: megajoule | F61: ecoinvent 3.10 cutoff | G61: technosphere | J61: (1,1,3,1,1)
A62: market for light fuel oil | B62: light fuel oil | C62: Europe without Switzerland | D62: 3.820496e-05 | E62: kilogram | F62: ecoinvent 3.10 cutoff | G62: technosphere | J62: (1,1,3,1,1)
A63: market for heavy fuel oil | B63: heavy fuel oil | C63: Europe without Switzerland | D63: 0.01890999 | E63: kilogram | F63: ecoinvent 3.10 cutoff | G63: technosphere | J63: (1,1,3,1,1)
A64: market for liquefied petroleum gas | B64: liquefied petroleum gas | C64: Europe without Switzerland | D64: 0.00084000651 | E64: kilogram | F64: ecoinvent 3.10 cutoff | G64: technosphere | J64: (1,1,3,1,1)
A65: market for electricity, high voltage | B65: electricity, high voltage | C65: SE | D65: 1.1313416 | E65: kilowatt hour | F65: ecoinvent 3.10 cutoff | G65: technosphere | J65: (1,1,3,1,1)
A66: market for tap water | B66: tap water | C66: Europe without Switzerland | D66: 4.6714862 | E66: kilogram | F66: ecoinvent 3.10 cutoff | G66: technosphere | J66: (1,1,3,1,1)
A67: market for silica sand | B67: silica sand | C67: GLO | D67: 0.25863538 | E67: kilogram | F67: ecoinvent 3.10 cutoff | G67: technosphere | J67: (1,1,3,1,1)
A68: market for lime | B68: lime | C68: RER | D68: 0.0084970646 | E68: kilogram | F68: ecoinvent 3.10 cutoff | G68: technosphere | J68: (1,1,3,1,1)
A69: market for limestone, crushed, washed | B69: limestone, crushed, washed | C69: RoW | D69: 0.016071861 | E69: kilogram | F69: ecoinvent 3.10 cutoff | G69: technosphere | J69: (1,1,3,1,1)
A70: market for compressed air, 800 kPa gauge | B70: compressed air, 800 kPa gauge | C70: RER | D70: 0.075058047 | E70: cubic meter | F70: ecoinvent 3.10 cutoff | G70: technosphere | J70: (1,1,3,1,1)
A71: market for soda ash, dense | B71: soda ash, dense | C71: GLO | D71: 0.00044376358 | E71: kilogram | F71: ecoinvent 3.10 cutoff | G71: technosphere | J71: (1,1,3,1,1)
A72: market for borax, anhydrous, powder | B72: borax, anhydrous, powder | C72: GLO | D72: 6.1486963e-07 | E72: kilogram | F72: ecoinvent 3.10 cutoff | G72: technosphere | J72: (1,1,3,1,1)
... A112: market for hazardous waste, for underground deposit | B112: hazardous waste, for underground deposit | C112: RER | D112: -2.1000163e-09 | E112: kilogram | F112: ecoinvent 3.10 cutoff | G112: technosphere | J112: (1,1,3,1,1)
A113: market for sulfuric acid | B113: sulfuric acid | C113: RER | D113: -0.45627506 | E113: kilogram | F113: ecoinvent 3.10 cutoff | G113: technosphere
A114: market for sulfur dioxide, liquid | B114: sulfur dioxide, liquid | C114: RER | D114: -0.031461632 | E114: kilogram | F114: ecoinvent 3.10 cutoff | G114: technosphere
A115: market for electricity, high voltage | B115: electricity, high voltage | C115: SE | D115: -0.045400883 | E115: kilowatt hour | F115: ecoinvent 3.10 cutoff | G115: technosphere
A116: heat production, wood pellet, at furnace 25kW, state-of-the-art 2014 | B116: heat, central or small-scale, other than natural gas | C116: RoW | D116: -0.03394035 | E116: megajoule | F116: ecoinvent 3.10 cutoff | G116: technosphere | J116: (1,1,3,1,1)
A117: Water, salt, ocean | D117: 0.19014597 | E117: cubic meter | F117: biosphere3 | G117: biosphere | H117: natural resource::in water | J117: (1,1,3,1,1)
A118: Copper ion | D118: 2.262744e-06 | E118: kilogram | F118: biosphere3 | G118: biosphere | H118: water | J118: (1,1,3,1,1)
A119: Arsenic ion | D119: 4.8825379e-07 | E119: kilogram | F119: biosphere3 | G119: biosphere | H119: water | J119: (1,1,3,1,1)
A120: Lead II | D120: 1.5874871e-07 | E120: kilogram | F120: biosphere3 | G120: biosphere | H120: water | J120: (1,1,3,1,1)
A121: Cadmium II | D121: 1.8892471e-08 | E121: kilogram | F121: biosphere3 | G121: biosphere | H121: water | J121: (1,1,3,1,1)
A122: Mercury II | D122: 2.3625183e-08 | E122: kilogram | F122: biosphere3 | G122: biosphere | H122: water | J122: (1,1,3,1,1)
A123: Nickel II | D123: 1.4146071e-07 | E123: kilogram | F123: biosphere3 | G123: biosphere | H123: water | J123: (1,1,3,1,1)
A124: Zinc II | D124: 4.9375225e-06 | E124: kilogram | F124: biosphere3 | G124: biosphere | H124: water | J124: (1,1,3,1,1)
A125: Dioxins, measured as 2,3,7,8-tetrachlorodibenzo-p-dioxin | D125: 6.1687978e-13 | E125: kilogram | F125: biosphere3 | G125: biosphere | H125: air | J125: (1,1,3,1,1)
A126: Sulfur dioxide | D126: 0.0075763422 | E126: kilogram | F126: biosphere3 | G126: biosphere | H126: air | J126: (1,1,3,1,1)
A127: Copper ion | D127: 1.8903459e-06 | E127: kilogram | F127: biosphere3 | G127: biosphere | H127: air | J127: (1,1,3,1,1)
A128: Zinc II | D128: 3.7287772e-06 | E128: kilogram | F128: biosphere3 | G128: biosphere | H128: air | J128: (1,1,3,1,1)
... A132: Lead II | D132: 1.0066991e-06 | E132: kilogram | F132: biosphere3 | G132: biosphere | H132: air | J132: (1,1,3,1,1)
A134: Activity | B134: ZnO2 recovery from Cu ore mining in Sweden/Aitik and Cu production in Sweden/Rönnskärsverken
A135: reference product | B135: ZnO2
A136: location | B136: SE
A137: amount | B137: 1
A138: unit | B138: kilogram
A139: comment | B139: Applied AF: "Cu concentrate" input = 4.3%.
A140: Exchanges
A141: name | B141: reference product | C141: location | D141: amount | E141: unit | F141: database | G141: type | H141: categories | I141: uncertainty type | J141: pedigree | K141: loc | L141: scale | M141: minimum | N141: maximum
A142: =B134 -> ZnO2 recovery from Cu ore mining in Sweden/Aitik and Cu production in Sweden/Rönnskärsverken | B142: =B135 -> ZnO2 | C142: SE | D142: 1 | E142: kilogram | F142: =F60 -> Zinc | G142: production
A143: =A60 -> [P+R] Zn dioxide (ZnO2) production - Pyrometallurgy (Sweden) | B143: =B60 -> ZnO2 | C143: =C60 -> SE | D143: 1 | E143: =E60 -> kilogram | F143: =F60 -> Zinc | G143: technosphere
A144: =A9 -> [M+C] Copper (Cu) ore mining and concentration (Sweden) | B144: =B9 -> Cu concentrate | C144: =C9 -> SE | D144: 0.80494149 | E144: =E9 -> kilogram | F144: =F9 -> Zinc | G144: technosphere
A146: Activity | B146: ZnO2 recovery from Cu ore mining in Sweden/Aitik and Cu production in Sweden/Rönnskärsverken (Zn content)
A147: reference product | B147: ZnO2 (Zn content)
A148: location | B148: SE
A149: amount | B149: 1
A150: unit | B150: kilogram
A151: comment | B151: Applied AF: "Cu concentrate" input = 4.3%.
A152: Exchanges
A153: name | B153: reference product | C153: location | D153: amount | E153: unit | F153: database | G153: type | H153: categories | I153: uncertainty type | J153: pedigree | K153: loc | L153: scale | M153: minimum | N153: maximum
A154: =B146 -> ZnO2 recovery from Cu ore mining in Sweden/Aitik and Cu production in Sweden/Rönnskärsverken (Zn content) | B154: =B147 -> ZnO2 (Zn content) | C154: SE | D154: 1 | E154: kilogram | F154: =F142 -> Zinc | G154: production
A155: =A60 -> [P+R] Zn dioxide (ZnO2) production - Pyrometallurgy (Sweden) | B155: =B60 -> ZnO2 | C155: =C60 -> SE | D155: =D143/(67.16/100) -> 1.4889815 | E155: =E60 -> kilogram | F155: =F60 -> Zinc | G155: technosphere
A156: =A9 -> [M+C] Copper (Cu) ore mining and concentration (Sweden) | B156: =B9 -> Cu concentrate | C156: =C9 -> SE | D156: =D144/(67.16/100) -> 1.198543 | E156: =E9 -> kilogram | F156: =F9 -> Zinc | G156: technosphere
