Workbook

Sheet README
A1: Title of the article | B1: Supplementary Information for ''
A2: Authors | B2: Marin Pellan, Guillaume Majeau-Bettez, Titouan Greffe, Anne de Bortoli
A3: Affiliations
A4: Contact | B4: marin.pellan@polymlt.ca; pellan.marin@gmail.com

Sheet ARCHETYPES
A1: Type | B1: Metal(s) | C1: Created_LCI | D1: Ex_sites | E1: Nb_of_sites | F1: Archetype_name | G1: Description | H1: Flowsheet
A2: Refinery | B2: Co-Ni | C2: Yes | D2: The Cobalt Refinery Company Inc. | E2: 1 | F2: Co hydrometallurgical refinery | G2: Extraction and refining of cobalt from Cu–Ni circuits or dedicated feed; typical for battery-grade Co. | H2: Leaching → Impurity removal → Solvent extraction → Crystallization/precipitation → Calcination → Co metal or sulfate
A3: Smelter | B3: Cu-Ni | C3: Yes | D3: Sudbury INO | E3: 1 | F3: Cu-Ni smelter | G3: Smelting of mixed Cu–Ni concentrates to matte using flash or electric furnaces; matte converting. | H3: Concentrate drying → Smelting (flash/electric furnace) → Matte tapping → Converting (oxygen blowing) → Slag cleaning
A4: Mining and beneficiation | B4: Fe | C4: No | F4: Direct Shipping Ore (DSO) | G4: High-grade hematite ores (>55–60 % Fe) requiring minimal beneficiation; processed mainly by crushing and screening. Very low energy and infrastructure footprint. | H4: Primary/secondary crushing → Screening → Blending → Loading/shipping
A5: Concentrator | B5: Fe | C5: No | F5: Fe concentrator | G5: Iron ore processing plants treating hematite, magnetite, or mixed ores using gravity and magnetic separation; often producing sinter feed or concentrate. | H5: Crushing → Screening → Grinding → Gravity/magnetic separation → Thickening → Filtration
A6: Concentrator | B6: Fe | C6: No | F6: Fe concentrator + pellet plant | G6: Integrated iron ore sites producing both concentrate and fired pellets for steelmaking; pelletizing adds significant energy use (induration furnace). | H6: Fe concentrator steps → Mixing → Balling → Induration (firing at 1200–1350 °C) → Pellet cooling → Shipping
A7: Mining and beneficiation | B7: Au-Ag | C7: Yes | D7: Elk, Brucejack, Meliadine, Rainy River, Macassa, Fox Complex, Island, Hemlo Williams, Young Davidson, Magino, Detour Lake, Eagle River, Sugar Zone, Musselwhite, Westwood-Doyon, Eleonore, Kiena, Casa Berardi, Lamaque, Meadowbank Complex, Porcupine Complex, Timmins Operation, Seabee Gold Operation, Canadian Malartic | E7: 24 | F7: Au-Ag free-milling | G7: This archetype covers gold–silver mines where the ore is “free-milling,” meaning gold can be readily extracted by cyanide leaching after conventional grinding. | H7: Crush → Grind → (Gravity, optional) → Cyanide leach → CIP/CIL → Carbon stripping → Electrowinning → Doré
A8: Mining and beneficiation | B8: Au-Ag | C8: Yes | D8: Red Lake | E8: 1 | F8: Au-Ag refractory | G8: This archetype is meant for gold deposits that have a mixed free-milling and refractory character, where only part of the gold is easily cyanide-leachable and a significant portion is locked with sulfide or carbonaceous minerals. | H8: Crush → Grind → CIP (free gold) → Flotation (sulfide concentrate) → Oxidation (POX/Roast/BIOX) → CIL → Doré
A9: Mining and beneficiation | B9: Au-Ag + Cu, Zn | C9: Yes | D9: Goldex, LaRonde, Snow Lake, Red Chris | E9: 4 | F9: Au-Ag polymetallic | G9: This archetype includes gold mines that co-produce significant base metals (typically copper and/or zinc), requiring an integrated flowsheet to recover multiple products. These operations have gold as a major product and recoverable quantities of Cu/Zn. | H9: Crush → Grind → Cu/Zn flotation → CIP of flotation tails → Doré + Cu/Zn concentrates
A10: Mining and beneficiation | B10: Pb-Zn-Ag | C10: No | F10: High-grade polymetallic Pb–Zn–Ag | G10: Ag-rich lead–zinc deposits with high-grade galena and sphalerite ore; sequential flotation yields Pb–Ag and Zn–Ag concentrates. | H10: Crushing → Grinding → Pb flotation → Zn flotation → Dewatering
A11: Mining and beneficiation | B11: U | C11: Yes | D11: Cigar Lake + McClean Lake, Key Lake + McArthur River | E11: 2 | F11: High-grade U mine + mill | G11: This archetype covers the unique high-grade uranium operations in Saskatchewan’s Athabasca Basin. | H11: Mine → Grind/slurry → Acid leach (+ oxidant) → CCD → Solvent extraction → Precipitation → Calcination → U₃O₈
A12: Concentrator | B12: Fe | C12: No | F12: Magnetite concentrator | G12: High-tonnage magnetite (±hematite) beneficiation plants treating low-to-medium grade banded iron formations or magnetite-rich deposits; designed to produce a high-grade Fe concentrate (65–68 % Fe) before pelletizing or export. | H12: Crushing → Grinding (SAG/ball) → Magnetic separation (LIMS + WHIMS) → Desliming → Concentrate thickening & filtration → (optional) Pelletizing
A13: Refinery | B13: Ni-Cu | C13: Yes | D13: Long Harbour | E13: 1 | F13: Ni hydrometallurgical refinery | G13: Atmospheric or HPAL-based refining for nickel matte or concentrate; used at Long Harbour. | H13: Leaching (ammonia/ammonium sulfate or acid) → Purification → Solvent extraction/ion exchange → Precipitation → Reduction → Ni powder/cathode
A14: Refinery | B14: Zn | C14: No | F14: Zn refinery | G14: Electrolytic zinc refining using roasted ZnS concentrate as feed; may recover silver. | H14: Roasting → Leaching → Purification → Electrolysis → Melting & casting
A15: Mining and beneficiation | B15: Ni-Cu-PGMs | C15: Yes | D15: Raglan, Thompson (T-1 and T-3), Voisey’s Bay, Strathconna, Nunavik Nickel | E15: 5 | F15: Ni-Cu sulfide | G15: This archetype groups large nickel–copper sulfide operations that produce Ni and Cu concentrates via flotation. Some flowsheets produce a single bulk Ni–Cu concentrate (then separated during smelting) while others produce two separate concentrates – but both variants use the same suite of unit operations (grind and float) | H15: Crush → Grind → Ni–Cu flotation → Ni/Cu concentrates
A16: Mining and beneficiation | B16: Cu | C16: Yes | D16: Mount Polley, Copper Mountain, Red Chris, New Afton, Mount Milligan | E16: 5 | F16: Cu Porphyry | G16: This archetype encompasses the typical copper (± gold) mines (especially porphyry copper deposits) that produce a single copper concentrate via flotation. | H16: Crush → Grind → Cu flotation → Cu concentrate
A17: Mining and beneficiation | B17: Cu-Mo-Zn | C17: Yes | D17: Gibraltar and Highland Valley (Mo), Kidd Creek (Zn) | E17: 3 | F17: Cu polymetallic | G17: This archetype includes copper mines that produce multiple concentrates through sequential flotation – typically copper plus molybdenum, or copper plus zinc (and maybe lead in some cases). | H17: Crush → Grind → Cu flotation → Mo or Zn flotation → Cu + Mo/Zn concentrates

Sheet METALLICAN
A1: archetypes | B1: material_category | C1: n_sites | D1: unit | E1: min | F1: mean | G1: max | H1: value_benchmark | I1: reference_benchmark | J1: comment
A2: Au–Ag free-milling | B2: Acids | C2: 2 | D2: kg/t ore processed | E2: 0.0010157678 | F2: 0.012628395 | G2: 0.024241021 | H2: =(98+83)/1000 -> 0.181 | I2: Norgate & Haque (2012)
A3: Au–Ag free-milling | B3: Activated carbon | C3: 1 | D3: kg/t ore processed | E3: 0.058413926 | F3: 0.058413926 | G3: 0.058413926 | H3: =24/1000 -> 0.024 | I3: Norgate & Haque (2012)
A4: Au–Ag free-milling | B4: Alkalis / ph control | C4: 2 | D4: kg/t ore processed | E4: 0.060042218 | F4: 0.071897318 | G4: 0.083752418
A5: Au–Ag free-milling | B5: Anti-scalant | C5: 2 | D5: kg/t ore processed | E5: 0.026385192 | F5: 0.030310584 | G5: 0.034235977
A6: Au–Ag free-milling | B6: Cement | C6: 3 | D6: kg/t ore processed | E6: 4.3208519 | F6: 9.9874583 | G6: 16.480433
A7: Au–Ag free-milling | B7: Consumable | C7: 1 | D7: kg/t ore processed | E7: 0.21538426 | F7: 0.21538426 | G7: 0.21538426
A8: Au–Ag free-milling | B8: Cyanide | C8: 7 | D8: kg/t ore processed | E8: 0.252326 | F8: 0.43134833 | G8: 0.6795233 | H8: 0.64 | I8: Norgate & Haque (2012)
A9: Au–Ag free-milling | B9: Explosives | C9: 13 | D9: kg/t ore processed | E9: 0.63961446 | F9: 5.5810742 | G9: 46.749459 | H9: 1.7 | I9: Norgate & Haque (2012) | J9: Macassa is a big outlier
A10: Au–Ag free-milling | B10: Flocculant | C10: 2 | D10: kg/t ore processed | E10: 0.01701278 | F10: 0.030846815 | G10: 0.044680851
A11: Au–Ag free-milling | B11: Grinding media | C11: 4 | D11: kg/t ore processed | E11: 0.66376572 | F11: 1.0509803 | G11: 1.8301626
A12: Au–Ag free-milling | B12: Hydrochloric acid (HCL) | C12: 1 | D12: kg/t ore processed | E12: 0.066214008 | F12: 0.066214008 | G12: 0.066214008
A13: Au–Ag free-milling | B13: Lime | C13: 5 | D13: kg/t ore processed | E13: 0.72916476 | F13: 1.8731849 | G13: 4.9026112 | H13: 2.2 | I13: Norgate & Haque (2012)
A14: Au–Ag free-milling | B14: Lubricants & oils | C14: 4 | D14: kg/t ore processed | E14: 0.18723534 | F14: 0.22563205 | G14: 0.28807245
A15: Au–Ag free-milling | B15: Sulfur dioxide | C15: 1 | D15: kg/t ore processed | E15: 0.5212766 | F15: 0.5212766 | G15: 0.5212766
A16: Au–Ag free-milling | B16: Tires | C16: 2 | D16: kg/t ore processed | E16: 0.097962396 | F16: 0.12160328 | G16: 0.14524417
A17: Au–Ag free-milling | B17: Water consumption | C17: 15 | D17: m3/t ore processed | F17: =(SUM(H2O_METALLICAN!J2:J17)-H2O_METALLICAN!J8)/15 -> 0.62373693
A18: Au-Ag refractory | B18: Water consumption | C18: 1 | D18: m3/t ore processed | F18: =H2O_METALLICAN!J20 -> 3.0499405
A19: Au–Ag polymetallic | B19: Explosives | C19: 1 | D19: kg/t ore processed | E19: 1.045621 | F19: 1.045621 | G19: 1.045621
A20: Au–Ag polymetallic | B20: Water consumption | C20: 2 | D20: m3/t ore processed | F20: =(H2O_METALLICAN!J18+H2O_METALLICAN!J19)/2 -> 0.46995527
A21: Cu Porphyry | B21: Anti-scalant | C21: 1 | D21: kg/t ore processed | E21: 0.012398042 | F21: 0.012398042 | G21: 0.012398042
A22: Cu Porphyry | B22: Explosives | C22: 2 | D22: kg/t ore processed | E22: 0.029837408 | F22: 0.10017156 | G22: 0.17050571
A23: Cu Porphyry | B23: Flocculant | C23: 1 | D23: kg/t ore processed | E23: 0.062642741 | F23: 0.062642741 | G23: 0.062642741
A24: Cu Porphyry | B24: Frother | C24: 1 | D24: kg/t ore processed | E24: 0.017944535 | F24: 0.017944535 | G24: 0.017944535
A25: Cu Porphyry | B25: Grinding media | C25: 1 | D25: kg/t ore processed | E25: 0.56835237 | F25: 0.56835237 | G25: 0.56835237
A26: Cu Porphyry | B26: Lime | C26: 1 | D26: kg/t ore processed | E26: 0.88874388 | F26: 0.88874388 | G26: 0.88874388
A27: Cu Porphyry | B27: Water consumption | C27: 3 | D27: m3/t ore processed | F27: =(H2O_METALLICAN!J22+H2O_METALLICAN!J23+H2O_METALLICAN!J24)/3 -> 0.92346868
A28: x | B28: Explosives | C28: 1 | D28: kg/t ore processed | E28: 1.8214298 | F28: 1.8214298 | G28: 1.8214298
A29: Cu polymetallic | B29: Water consumption | C29: 1 | D29: m3/t ore processed | F29: =H2O_METALLICAN!J21 -> 0.20466667

Sheet MAT_METALLICAN
A1: site_id | B1: activity_name | C1: mining_processing_type | D1: archetypes | E1: flow_type | F1: subflow_type | G1: material_category | H1: kg_t_ore | I1: value_normalized | J1: value | K1: unit | L1: data_source | M1: value_formula | N1: ore_processed_t | O1: functional_unit | P1: allocation_factor | Q1: normalization_key
A2: BC-MAIN-aa76f6f2 | B2: Underground mining and beneficiation at New Afton | C2: Underground, concentrator | D2: Cu Porphyry | E2: Material use | F2: Anti-scalant | G2: Anti-scalant | H2: =I2*1000 -> 0.012398042 | I2: 1.2398042e-05 | J2: 38 | K2: t | L2: MetalliCan | M2: MetalliCan | N2: 3065000 | O2: Ore processed | P2: 1 | Q2: ore
A3: ON-MAIN-aeafbb59 | B3: Open-pit mining and beneficiation at Detour Lake | C3: Open-pit, concentrator | D3: Au–Ag free-milling | E3: Material use | F3: Explosives | G3: Explosives | H3: =I3*1000 -> 0.63961446 | I3: 0.00063961446 | J3: 16268.5 | K3: t | L3: MetalliCan | M3: MetalliCan | N3: 25434854 | O3: Ore processed | P3: 1 | Q3: ore
A4: BC-MAIN-aa76f6f2 | B4: Underground mining and beneficiation at New Afton | C4: Underground, concentrator | D4: Cu Porphyry | E4: Material use | F4: Flocculant | G4: Flocculant | H4: =I4*1000 -> 0.062642741 | I4: 6.2642741e-05 | J4: 192 | K4: t | L4: MetalliCan | M4: MetalliCan | N4: 3065000 | O4: Ore processed | P4: 1 | Q4: ore
A5: BC-MAIN-aa76f6f2 | B5: Underground mining and beneficiation at New Afton | C5: Underground, concentrator | D5: Cu Porphyry | E5: Material use | F5: Polyfroth h57 | G5: Frother | H5: =I5*1000 -> 0.017944535 | I5: 1.7944535e-05 | J5: 55 | K5: t | L5: MetalliCan | M5: MetalliCan | N5: 3065000 | O5: Ore processed | P5: 1 | Q5: ore
A6: BC-MAIN-aa76f6f2 | B6: Underground mining and beneficiation at New Afton | C6: Underground, concentrator | D6: Cu Porphyry | E6: Material use | F6: 2'' balls | G6: Grinding media | H6: =I6*1000 -> 0.31973899 | I6: 0.00031973899 | J6: 980 | K6: t | L6: MetalliCan | M6: MetalliCan | N6: 3065000 | O6: Ore processed | P6: 1 | Q6: ore
A7: BC-MAIN-aa76f6f2 | B7: Underground mining and beneficiation at New Afton | C7: Underground, concentrator | D7: Cu Porphyry | E7: Material use | F7: 3/4'' balls | G7: Grinding media | H7: =I7*1000 -> 0.058401305 | I7: 5.8401305e-05 | J7: 179 | K7: t | L7: MetalliCan | M7: MetalliCan | N7: 3065000 | O7: Ore processed | P7: 1 | Q7: ore
A8: BC-MAIN-aa76f6f2 | B8: Underground mining and beneficiation at New Afton | C8: Underground, concentrator | D8: Cu Porphyry | E8: Material use | F8: S60 SAG Balls | G8: Grinding media | H8: =I8*1000 -> 0.19021207 | I8: 0.00019021207 | J8: 583 | K8: t | L8: MetalliCan | M8: MetalliCan | N8: 3065000 | O8: Ore processed | P8: 1 | Q8: ore
A9: BC-MAIN-aa76f6f2 | B9: Underground mining and beneficiation at New Afton | C9: Underground, concentrator | D9: Cu Porphyry | E9: Material use | F9: Lime | G9: Lime | H9: =I9*1000 -> 0.88874388 | I9: 0.00088874388 | J9: 2724 | K9: t | L9: MetalliCan | M9: MetalliCan | N9: 3065000 | O9: Ore processed | P9: 1 | Q9: ore
A10: QC-MAIN-9de9bb0d | B10: Open-pit mining and beneficiation at Kiena | C10: Open-pit, concentrator | D10: Au–Ag free-milling | E10: Material use | F10: Explosives | G10: Explosives | H10: =I10*1000 -> 2.6471635 | I10: 0.0026471635 | J10: 506 | K10: t | L10: MetalliCan | M10: MetalliCan | N10: 191148 | O10: Ore processed | P10: 1 | Q10: ore
A11: BC-MAIN-ed23117f | B11: Open-pit mining and beneficiation at Mount Milligan | C11: Open-pit, concentrator | D11: Cu Porphyry | E11: Material use | F11: Explosives | G11: Explosives | H11: =I11*1000 -> 0.029837408 | I11: 2.9837408e-05 | J11: 646.875 | K11: t | L11: MetalliCan | M11: MetalliCan | N11: 21680000 | O11: Ore processed | P11: 1 | Q11: ore
A12: GRP-0d911886 | B12: Open-pit and underground mining at Porcupine complex | C12: Open-pit, underground | D12: Au–Ag free-milling | E12: Material use | F12: Hydrochloric acid (HCL) | G12: Acids | H12: =I12*1000 -> 0.00092183099 | I12: 9.2183099e-07 | J12: 2.68345 | K12: t | L12: MetalliCan | M12: MetalliCan | N12: 2911000 | O12: Ore processed | P12: 1 | Q12: ore
A13: GRP-0d911886 | B13: Open-pit and underground mining at Porcupine complex | C13: Open-pit, underground | D13: Au–Ag free-milling | E13: Material use | F13: Nitric acid (HNO3) | G13: Acids | H13: =I13*1000 -> 9.0776366e-05 | I13: 9.0776366e-08 | J13: 0.26425 | K13: t | L13: MetalliCan | M13: MetalliCan | N13: 2911000 | O13: Ore processed | P13: 1 | Q13: ore
... A74: YT-MAIN-44857446 | B74: Underground mining and beneficiation at Keno Hill Silver District | C74: Underground, concentrator | D74: x | E74: Material use | F74: Surface/underground emulsion & ANFO | G74: Explosives | H74: =I74*1000 -> 1.8214298 | I74: 0.0018214298 | J74: 231.88077 | K74: t | L74: MetalliCan | M74: MetalliCan | N74: 127307 | O74: Ore processed | P74: 1 | Q74: ore

Sheet H2O_METALLICAN
A1: site_id | B1: activity_name | C1: mining_processing_type | D1: archetypes | E1: compartment_name | F1: substance_name | G1: flow_direction | H1: release_pathway | I1: unit | J1: value_normalized | K1: value | L1: data_source | M1: value_formula | N1: ore_processed_t | O1: functional_unit | P1: allocation_factor | Q1: normalization_key
A2: GRP-0a2c0d69 | B2: Open-pit and underground mining at Meadowbank complex | C2: Open-pit, underground | D2: Au–Ag free-milling | E2: Water | F2: Water | G2: Consumption | I2: m3 | J2: 0.3643994 | K2: 1400259 | L2: MetalliCan | M2: MetalliCan | N2: 3842649 | O2: Ore processed | P2: 1 | Q2: ore
A3: GRP-0d911886 | B3: Open-pit and underground mining at Porcupine complex | C3: Open-pit, underground | D3: Au–Ag free-milling | E3: Water | F3: Water | G3: Consumption | I3: m3 | J3: 1.6859563 | K3: 4907818.7 | L3: MetalliCan | M3: MetalliCan | N3: 2911000 | O3: Ore processed | P3: 1 | Q3: ore
A4: GRP-147b3123 | B4: Underground mining and beneficiation at Timmins Operation | C4: Underground, concentrator | D4: Au–Ag free-milling | E4: Water | F4: Water | G4: Consumption | I4: m3 | J4: 0.4762118 | K4: 749557.38 | L4: MetalliCan | M4: MetalliCan | N4: 1574000 | O4: Ore processed | P4: 1 | Q4: ore
A5: GRP-14bfbb82 | B5: Underground mining and beneficiation at Seabee Gold Operation | C5: Underground, concentrator | D5: Au–Ag free-milling | E5: Water | F5: Water | G5: Consumption | I5: m3 | J5: 1.2100328 | K5: 147624 | L5: MetalliCan | M5: MetalliCan | N5: 122000 | O5: Ore processed | P5: 1 | Q5: ore
A6: NU-MAIN-8b0264c9 | B6: Open-pit and underground mining and beneficiation at Meliadine | C6: Open-pit, underground, concentrator | D6: Au–Ag free-milling | E6: Water | F6: Water | G6: Consumption | I6: m3 | J6: 0.23720494 | K6: 454993 | L6: MetalliCan | M6: MetalliCan | N6: 1918143 | O6: Ore processed | P6: 1 | Q6: ore
A7: ON-MAIN-0aadf28f | B7: Open-pit and underground mining and beneficiation at Rainy River | C7: Open-pit, underground, concentrator | D7: Au–Ag free-milling | E7: Water | F7: Water | G7: Consumption | I7: m3 | J7: 0.72303788 | K7: 6336704 | L7: MetalliCan | M7: MetalliCan | N7: 8764000 | O7: Ore processed | P7: 1 | Q7: ore
A8: ON-MAIN-1f126a43 | B8: Underground mining and beneficiation at Macassa | C8: Underground, concentrator | D8: Au–Ag free-milling | E8: Water | F8: Water | G8: Consumption | I8: m3 | J8: 6.950558 | K8: 3069283 | L8: MetalliCan | M8: MetalliCan | N8: 441588 | O8: Ore processed | P8: 1 | Q8: ore
A9: ON-MAIN-6e9be24e | B9: Open-pit and underground mining and beneficiation at Hemlo (Williams) | C9: Open-pit, underground, concentrator | D9: Au–Ag free-milling | E9: Water | F9: Water | G9: Consumption | I9: m3 | J9: 0.031329951 | K9: 39664 | L9: MetalliCan | M9: MetalliCan | N9: 1266009 | O9: Ore processed | P9: 1 | Q9: ore
A10: ON-MAIN-7607a50e | B10: Underground mining and beneficiation at Young-Davidson | C10: Underground, concentrator | D10: Au–Ag free-milling | E10: Water | F10: Water | G10: Consumption | I10: m3 | J10: 0.62223098 | K10: 1790810 | L10: MetalliCan | M10: MetalliCan | N10: 2878047 | O10: Ore processed | P10: 1 | Q10: ore
A11: ON-MAIN-aeafbb59 | B11: Open-pit mining and beneficiation at Detour Lake | C11: Open-pit, concentrator | D11: Au–Ag free-milling | E11: Water | F11: Water | G11: Consumption | I11: m3 | J11: 0.24764479 | K11: 6298809 | L11: MetalliCan | M11: MetalliCan | N11: 25434854 | O11: Ore processed | P11: 1 | Q11: ore
A12: ON-MAIN-cb85213a | B12: Underground mining and beneficiation at Eagle River | C12: Underground, concentrator | D12: Au–Ag free-milling | E12: Water | F12: Water | G12: Consumption | I12: m3 | J12: 0.13183486 | K12: 29350 | L12: MetalliCan | M12: MetalliCan | N12: 222627 | O12: Ore processed | P12: 1 | Q12: ore
A13: ON-MAIN-fefeaee4 | B13: Underground mining and beneficiation at Musselwhite | C13: Underground, concentrator | D13: Au–Ag free-milling | E13: Water | F13: Water | G13: Consumption | I13: m3 | J13: 0.54684745 | K13: 562159.18 | L13: MetalliCan | M13: MetalliCan | N13: 1028000 | O13: Ore processed | P13: 1 | Q13: ore
... A25: ON-MAIN-a3c56a83 | B25: Open-pit and underground mining and beneficiation at Lac des Iles | C25: Open-pit, underground, concentrator | D25: PGMs | E25: Water | F25: Water | G25: Consumption | I25: m3 | J25: 2.3512375 | K25: 8930000 | L25: MetalliCan | M25: MetalliCan | N25: 3798000 | O25: Ore processed | P25: 1 | Q25: ore

Sheet DATA
A1: archetype | B1: flow_type | C1: material_name | D1: ei_activity | E1: role_process_stage | F1: value | G1: unit | H1: reference_flow | I1: distribution | J1: source
A2: Au–Ag free-milling | B2: Materials | C2: Activated carbon | D2: activated carbon, granular | E2: Adsorption of Au from solution (CIP/CIL) | F2: 0.05 | G2: kg | H2: ore_processed_t | J2: 911Metallurgist
A3: Au–Ag polymetallic | B3: Materials | C3: Activated carbon | D3: activated carbon, granular | E3: Gold adsorption | F3: 0.05 | G3: kg | H3: ore_processed_t | J3: 911Metallurgist
A4: Au–Ag refractory | B4: Materials | C4: Activated carbon | D4: activated carbon, granular | E4: Gold adsorption in CIP/CIL | F4: 0.05 | G4: kg | H4: ore_processed_t | J4: 911Metallurgist
A5: High-grade U mine + mill | B5: Materials | C5: Ammonia | D5: market for ammonia, anhydrous, liquid | E5: Yellowcake precipitation (ADU) | F5: 6 | G5: kg | H5: ore_processed_t | J5: Uranium metallurgy handbooks
A6: Ni–Cu sulfide | B6: Materials | C6: Carboxymethyl cellulose | D6: market for carboxymethyl cellulose, powder | E6: Talc/serpentine depression | F6: 0.2 | G6: kg | H6: ore_processed_t | J6: Raglan concentrator
A7: Au–Ag polymetallic | B7: Materials | C7: Copper sulfate | D7: market for copper sulfate | E7: Zn activation | F7: 0.1 | G7: kg | H7: ore_processed_t | J7: Cu–Zn flotation literature
A8: Cu polymetallic | B8: Materials | C8: Copper sulfate | D8: market for copper sulfate | E8: Zn activation | F8: 0.1 | G8: kg | H8: ore_processed_t | J8: Cu–Zn flotation
A9: Ni–Cu sulfide | B9: Materials | C9: Copper sulfate | D9: market for copper sulfate | E9: Pentlandite activation | F9: 0.05 | G9: kg | H9: ore_processed_t | J9: Nickel flotation literature
A10: Cu Porphyry | B10: Materials | C10: Flocculant | D10: market for polyacrylamide | E10: Tailings thickening | F10: 0.005 | G10: kg | H10: ore_processed_t | J10: Thickener design manuals
A11: Au–Ag polymetallic | B11: Materials | C11: Frother | D11: market for chemical, organic | E11: Flotation | F11: 0.02 | G11: kg | H11: ore_processed_t | J11: Wills & Finch
A12: Cu polymetallic | B12: Materials | C12: Frother | D12: market for chemical, organic | E12: Flotation | F12: 0.03 | G12: kg | H12: ore_processed_t | J12: Wills & Finch
A13: Cu Porphyry | B13: Materials | C13: Frother | D13: market for chemical, organic | E13: Flotation | F13: 0.02 | G13: kg | H13: ore_processed_t | J13: Wills & Finch
... A34: High-grade U mine + mill | B34: Materials | C34: Sulfuric acid | D34: market for sulfuric acid | E34: Uranium leaching | F34: 50 | G34: kg | H34: ore_processed_t | J34: Cameco / Orano tech reports
A35: Au–Ag free-milling | B35: Water | C35: Water | F35: =METALLICAN!F17 -> 0.62373693 | G35: m3 | H35: ore_processed_t
A36: Au–Ag polymetallic | B36: Water | C36: Water | F36: =METALLICAN!F20 -> 0.46995527 | G36: m3 | H36: ore_processed_t
A37: Au–Ag refractory | B37: Water | C37: Water | F37: =METALLICAN!F18 -> 3.0499405 | G37: m3 | H37: ore_processed_t
A38: Cu polymetallic | B38: Water | C38: Water | F38: =METALLICAN!F29 -> 0.20466667 | G38: m3 | H38: ore_processed_t
A39: Cu Porphyry | B39: Water | C39: Water | F39: =METALLICAN!F27 -> 0.92346868 | G39: m3 | H39: ore_processed_t
A40: High-grade U mine + mill | B40: Water | C40: Water | G40: m3 | H40: ore_processed_t
A41: Ni–Cu sulfide | B41: Water | C41: Water | G41: m3 | H41: ore_processed_t
A42: Au–Ag polymetallic | B42: Materials | C42: Xanthate collector | D42: market for sodium ethyl xanthate | E42: Cu/Zn flotation | F42: 0.12 | G42: kg | H42: ore_processed_t | J42: Wills & Finch
A43: Au–Ag refractory | B43: Materials | C43: Xanthate collector | D43: market for sodium ethyl xanthate | E43: Sulfide flotation (refractory concentrate) | F43: 0.08 | G43: kg | H43: ore_processed_t | J43: Wills & Finch
A44: Cu polymetallic | B44: Materials | C44: Xanthate collector | D44: market for sodium ethyl xanthate | E44: Cu + Zn/Mo flotation | F44: 0.15 | G44: kg | H44: ore_processed_t | J44: Wills & Finch
A45: Cu Porphyry | B45: Materials | C45: Xanthate collector | D45: market for sodium ethyl xanthate | E45: Cu flotation | F45: 0.07 | G45: kg | H45: ore_processed_t | J45: Wills & Finch
A46: Ni–Cu sulfide | B46: Materials | C46: Xanthate collector | D46: market for sodium ethyl xanthate | E46: Ni–Cu flotation | F46: 0.1 | G46: kg | H46: ore_processed_t | J46: Wills & Finch

Sheet DATA_old
A1: archetype | B1: process | C1: material_name | D1: flow_type | E1: value_formula | F1: unit | G1: reference_flow | H1: comment | I1: source
A2: Free-milling | B2: Comminution | C2: Grinding media | D2: Material | E2: 0.71 * ore_processed_t | F2: kg | G2: t ore processed | I2: Norgate & Haque (2012)
A3: Free-milling | B3: Extraction and recovery - Cyanidation | C3: Lime | D3: Material | E3: 2.2 * ore_processed_t | F3: kg | G3: t ore processed | I3: Norgate & Haque (2012)
A4: Free-milling | B4: Extraction and recovery - Cyanidation | C4: Sodium cyanide | D4: Material | E4: 0.64 * ore_processed_t | F4: kg | G4: t ore processed | I4: Norgate & Haque (2012)
A5: Free-milling | B5: Extraction and recovery - CIP | C5: Activated carbon | D5: Material | E5: 24 * ore_processed_t | F5: g | G5: t ore processed | I5: Norgate & Haque (2012)
A6: Free-milling | B6: Extraction and recovery - CIP | C6: Hydrochloric acid | D6: Material | E6: 83 * ore_processed_t | F6: g | G6: t ore processed | I6: Norgate & Haque (2012)
A7: Free-milling | C7: Water consumption | D7: Material | E7: 0.03-6.95 * ore_processed_t | F7: m3 | G7: t ore processed | H7: Macassa is a big outlier | I7: MetalliCan (20 sites)
A8: Porphyry sulfide, flotation-based | C8: Anti-scalant | D8: Material | E8: 0.012 * ore_processed_t | F8: kg | G8: t ore processed | I8: MetalliCan (1 site)
A9: Porphyry sulfide, flotation-based | C9: Flocculant | D9: Material | E9: 0.063 * ore_processed_t | F9: kg | G9: t ore processed | I9: MetalliCan (1 site)
A10: Porphyry sulfide, flotation-based | C10: Frother | D10: Material | E10: 0.018 * ore_processed_t | F10: kg | G10: t ore processed | I10: MetalliCan (1 site)
A11: Porphyry sulfide, flotation-based | C11: Grinding media | D11: Material | E11: 0.189 * ore_processed_t | F11: kg | G11: t ore processed | I11: MetalliCan (1 site)
A12: Porphyry sulfide, flotation-based | C12: Lime | D12: Material | E12: 0.889 * ore_processed_t | F12: kg | G12: t ore processed | I12: MetalliCan (1 site)
A13: Porphyry sulfide, flotation-based | C13: Water consumption | D13: Material | E13: 0.2-2.3 * ore_processed_t | F13: m3 | H13: LaRonde and most of all Lac des Iles might overestimate? | I13: MetalliCan (6 site)
A14: High-grade polymetallic Pb-Zn-Ag | B14: Flotation | C14: Lime | D14: Material | E14: 1.0-3.0 * ore_processed_t | F14: kg | G14: Pb-Zn ore processed | H14: pH control for differential flotation | I14: Polymetallic flotation practice (NI 43-101s)
A15: High-grade polymetallic Pb-Zn-Ag | B15: Flotation | C15: Collectors | D15: Material | E15: 0.05-0.1 * ore_processed_t | F15: kg | G15: Pb-Zn ore processed | H15: Differential flotation of galena/sphalerite | I15: Pb-Zn flotation best practices
A16: High-grade polymetallic Pb-Zn-Ag | B16: Flotation | C16: Frother | D16: Material | E16: 0.01-0.03 * ore_processed_t | F16: kg | G16: Pb-Zn ore processed | H16: To stabilize froth for selective recovery | I16: Mineral processing design texts
A17: Uranium | C17: Electricity | E17: 22* U_conc | F17: kwh | G17: kg U308 | I17: Parker et al (2016)
A18: Uranium | C18: Propane | E18: 4.76 * U_conc | F18: L | G18: kg U308
A19: Uranium | C19: Diesel | E19: 0.968 * U_conc | F19: L | G19: kg U308
A20: Uranium | B20: Reagant consumption | C20: Ammonia | E20: 0.404 * U_conc | F20: kg | G20: kg U308
A21: Uranium | B21: Reagant consumption | C21: Lime | E21: 2.91 * U_conc | F21: kg | G21: kg U308
A22: Uranium | B22: Reagant consumption | C22: Hydrogen peroxide | E22: 0.202 * U_conc | F22: kg | G22: kg U308
A23: Uranium | C23: Concrete production | E23: 3.75E-03 * U_conc | F23: m3 | G23: kg U308
A24: Uranium | C24: ANFO | E24: 2.76E-02 * U_conc | F24: kg | G24: kg U308
A25: Uranium | C25: ANFO | E25: 2.25E-02 * U_conc | F25: kg | G25: kg U308
A26: Uranium | C26: Emulsions | E26: 4.11E-02 * U_conc | F26: kg | G26: kg U308
A27: Uranium

Sheet Param
A1: Metal | B1: mining_processing_type | C1: Archetype | D1: Parametrization_rationale | E1: Parametrization_type | F1: Flow | G1: Flow_regioinvent | H1: Formula | I1: Parameters | J1: comment
B2: Open-pit | D2: Land occupation <> ore processed | E2: Formula | F2: Land occupation
B3: Underground | D3: Land occupation <> ore processed | E3: Min-max | F3: Land occupation
B4: Open-pit | D4: Land occupation <> ore processed | E4: Formula | F4: Land transformation
B5: Underground | D5: Land occupation <> ore processed | E5: Min-max | F5: Land transformation
D6: Amortization period | E6: Min-max | F6: Land occupation | H6: 40-80
D7: Amortization period | E7: Min-max | F7: Land transformation | H7: 40-80
A8: Au | C8: Free-milling | D8: Total energy consumption <> ore grade | E8: Formula | F8: Energy
A9: Cu | D9: Total energy consumption <> ore grade | E9: Formula | F9: Energy
A10: Ni | D10: Total energy consumption <> ore grade | E10: Formula | F10: Energy
D11: Scope 1 energy consummption <> Scope 1 GHG | E11: Formula | F11: Diesel|Transportation | H11: CO2_on_site_transportation*EF_CO2_diesel | J11: We can directly put the value, no need to make sensitivity analysis on parameters
D12: Scope 1 energy consummption <> Scope 1 GHG | E12: Formula | F12: Diesel|Combustion | H12: CO2_stationary_combustion*EF_CO2_diesel*diesel_share | J12: We can directly put the value, no need to make sensitivity analysis on parameters
D13: Scope 1 energy consummption <> Scope 1 GHG | E13: Formula | F13: Natural gas | H13: CO2_stationary_combustion*EF_CO2_gas*gas_share | J13: We can directly put the value, no need to make sensitivity analysis on parameters
D14: Scope 1 energy consummption <> Scope 1 GHG | E14: Formula | F14: LPG-Propane | H14: CO2_stationary_combustion*EF_CO2_lpg*lpg_share | J14: We can directly put the value, no need to make sensitivity analysis on parameters
D15: Electricity consumption grid/generated on-site | E15: Share | F15: Electriciy consumption|Grid | H15: share_elec*share_grid
D16: Electricity consumption grid/generated on-site | E16: Share | F16: Electriciy consumption|On-site generation | H16: share_elec*share_generated
D17: Explosives | E17: Formula | F17: Explosives | H17: value*ore_processed*strip_ratio
B18: Open-pit | D18: Cement consumption | E18: Min-max | F18: Cement
B19: Underground | D19: Cement consumption | E19: Min-max | F19: Cement
F20: Flocculant

Sheet Material_categories
A1: Material Category | B1: Purpose / Function | C1: Typical Examples | D1: Influence of mining method | K1: Material Category | L1: Influence of Mining Method
A2: Explosives | B2: Blasting rock to access ore | C2: ANFO, emulsions, boosters, detonators | D2: Higher in OP (larger blasts); UG uses smaller, more frequent blasts or alternative methods (e.g., Cigar Lake jet boring). | K2: Explosives | L2: Higher in OP (larger blasts); UG uses smaller, more frequent blasts or alternative methods (e.g., Cigar Lake jet boring).
A3: Ground support – cementitious | B3: Underground rock stability, backfill binder | C3: Cement, shotcrete, grout, pastefill binder | D3: Huge in UG, close to zero in OP. Cement is one of the biggest differentiators. Backfill cement only UG or hybrid with stoping methods | K3: Cementitious ground support | L3: Huge in UG, close to zero in OP. Cement is one of the biggest differentiators.
A4: Ground support – steel | B4: Structural support in UG mines | C4: Rock bolts, mesh, steel sets | D4: Only UG mines | K4: Steel ground support | L4: Only UG.
A5: Grinding media | B5: Milling / comminution energy transfer | C5: Steel balls, rods | D5: Determined by ore hardness & throughput | K5: Backfill cement | L5: Only UG or combined UG/OP mines with stoping methods.
A6: pH modifiers / alkalis | B6: Controlling flotation & leaching chemistry | C6: Lime, caustic soda (NaOH), soda ash | D6: determined by mineralogy & flowsheet. | K6: Grinding media | L6: Independent of mining method — determined by ore hardness & throughput.
A7: Collectors | B7: Making mineral surfaces hydrophobic in flotation | C7: Xanthates (PAX, SIPX), dithiophosphates | K7: pH modifiers, flotation reagents | L7: Independent of mining method — determined by mineralogy & flowsheet.
A8: Frothers | B8: Creating stable froth for flotation | C8: Polyfroth H57, MIBC, Dowfroth | K8: Cyanide & activated carbon | L8: Independent of mining method — determined by gold recovery process.
A9: Depressants | B9: Preventing unwanted minerals from floating | C9: CMC, starch, guar gum | K9: Acids, SX extractants | L9: Independent of mining method — determined by refinery process.
A10: Flocculants / coagulants | B10: Settling/clarification of tailings & process water | C10: Polyacrylamide (PAM), ferric sulfate
A11: Anti-scalants | B11: Preventing scaling in water circuits & heat exchangers | C11: Phosphonates, polymers
A12: Water treatment chemicals | B12: Treating process water, removing impurities | C12: Coagulants, antifoam, dispersants
A13: Cyanide | B13: Gold leaching (CIP, CIL, Merrill-Crowe) | C13: NaCN | D13: Gold specific
A14: Activated carbon | B14: Gold adsorption | C14: Coconut-shell activated carbon | D14: Gold specific
A15: Cyanide detox reagents | B15: Destroying residual cyanide | C15: SO₂ + air, H₂O₂
A16: Acids | B16: Leaching, SX feed preparation | C16: Sulfuric, hydrochloric, nitric acid
A17: Oxidants / Reductants | B17: Leaching, precipitation | C17: Hydrogen peroxide, sulfur dioxide
A18: SX extractants | B18: Solvent extraction chemistry | C18: D2EHPA, Cyanex 272, LIX 984
A19: Precipitants | B19: Recovering metals from pregnant solutions | C19: Lime, magnesia, sulfide reagents
A20: Electrowinning consumables | B20: Refining metals | C20: Anodes, cathode starter sheets
A21: Refractory materials | B21: Smelting furnaces | C21: Magnesia bricks, alumina refractories
A22: Fluxes | B22: Slag formation in smelters | C22: Silica, limestone, fluorspar
A23: Oxygen | B23: Oxidation in smelters or hydromet | C23: Industrial oxygen
A24: Other organics | B24: Minor reagents | C24: Antifoam, dispersants
A28: Archetypes | B28: Category | C28: Relevant? | D28: Purpose / Notes
A29: Free-milling | B29: Explosives | C29: ✓ | D29: Ore + waste blasting (especially OP but also UG)
A30: Free-milling | B30: Cementitious ground support | C30: ✓ UG / — OP | D30: Depends strongly on mining method
A31: Free-milling | B31: Steel ground support | C31: ✓ UG / — OP | D31: For UG stopes, drifts
A32: Free-milling | B32: Grinding media | C32: ✓ | D32: Ball/rod milling
A33: Free-milling | B33: pH modifiers | C33: ✓ | D33: Lime for cyanide leaching and flotation (if any)
A34: Free-milling | B34: Collectors | C34: optional | D34: If gravity + CIP only, minimal; flotation Au circuits use Xanthates
A35: Free-milling | B35: Frothers | C35: optional | D35: Same as above
A36: Free-milling | B36: Depressants | C36: optional | D36: Depending on mineralogy
A37: Free-milling | B37: Flocculants | C37: ✓ | D37: Thickening, tailings
A38: Free-milling | B38: Anti-scalants | C38: ✓ | D38: Water circuits, CIL/CIP
A39: Free-milling | B39: Cyanide | C39: ✓ | D39: Main leaching agent
... A44: Free-milling | B44: Other reagents | C44: ✓ | D44: Antifoam, dispersants

Sheet lca_alg
A1: metal | B1: parameter_name | C1: description | D1: default | E1: min | F1: max | G1: std | H1: distribution | I1: unit | J1: formula_type | K1: formula | L1: source | M1: comment
A2: Au | B2: ore_grade_energy | C2: Total energy as a function of ore grade | J2: Power law (E = a * G**-b) | K2: E = 4.26E+05*G^-0.43 | L2: MetalliCan | M2: R2 = 0.35
A3: Au | B3: ore_grade_water | C3: Water consumption as a function of ore grade | J3: Power law (E = a * G**-b) | K3: E = 4.98E+05*G^-0.61 | L3: MetalliCan | M3: R2 = 0.25
A4: Ni | B4: ore_grade_energy | C4: Total energy as a function of ore grade | D4: 0.0205 | E4: 0.005 | F4: 0.03 | I4: MJ / t metal | J4: Power law (E = a * G**-b) | K4: E = 106.71 * (G ** -1.032) | L4: Argonne GREET 2022 from Wei et al. 2020
A5: Ni | B5: mining_beneficiation_share | C5: Fraction of total energy from mining vs beneficiation | D5: Mining 0.517 / Benef 0.483 | I5: fraction | K5: E_mining=E*0.517; E_benef=E*0.483 | L5: Argonne GREET 2022 from Wei et al. 2020
A6: Ni | B6: energy_mix_mining | C6: Energy mix mining | D6: Elec 0.696 / Diesel 0.304 | I6: fraction | J6: Power law (E = a * G**-b) | K6: E_elec=E_m*0.696; E_diesel=E_m*0.304 | L6: Argonne GREET 2022 from Wei et al. 2020
A7: Ni | B7: energy_mix_beneficiation | C7: Energy mix beneficiation | D7: Elec: 1 | I7: fraction | L7: Argonne GREET 2022 from Wei et al. 2020
A8: Cu | B8: ore_grade_energy | C8: Total energy as a function of ore grade | D8: 0.0018 | E8: 0.0018 | F8: 0.03 | I8: MJ / t metal | J8: Power law (E = a * G**-b) | K8: E = 15.697 * (G ** -0.573) | L8: Originally from Northey et al (2013), used in Argonne GREET 2022, Kuipers et al. 2018, in Van der Voet. 2019, Harpeccht et al 2021
A9: Cu | B9: mining_beneficiation_share | C9: Fraction of total energy from mining vs beneficiation | D9: Mining: 0.367; Beneficiation: 0.633 | I9: fraction | L9: Argonne GREET 2022 from Sanjuan-Delmás et al., 2022
A10: Cu | B10: energy_mix_mining | C10: Energy mix mining | D10: Diesel: 0.8099; Elec: 0.1846 Natural gas: 0.055 | I10: fraction | L10: Argonne GREET 2022 from Sanjuan-Delmás et al., 2022
A11: Cu | B11: energy_mix_beneficiation | C11: Energy mix beneficiation | D11: Electricity: 0.9965; Natural gas: 0.035 | I11: fraction | L11: Argonne GREET 2022 from Sanjuan-Delmás et al., 2022
A12: Cu | B12: ore_grade_energy | C12: Total energy as a function of ore grade | I12: GJ/t | J12: Power law (E = a * G**-b) | K12: E = 25.65*G^-0.366 | L12: Calvo et al. 2016, extracted from Figure 3
A13: Au | B13: ore_grade_energy | C13: Total energy as a function of ore grade | I13: GJ/t | J13: Power law (E = a * G**-b) | K13: E = 169.63*G^-0.275 | L13: Calvo et al. 2016, extracted from Figure 3
A14: Zn | B14: ore_grade_energy | C14: Total energy as a function of ore grade | I14: GJ/t | J14: Power law (E = a * G**-b) | K14: E = 47.15*G^-0.786 | L14: Calvo et al. 2016, extracted from Figure 3
A15: Cu | B15: ore_grade_energy | C15: Total energy as a function of ore grade | J15: Power law (E = a * G**-b) | K15: E = 15.63*G^-0.53 | L15: VanDerVoet2019
A16: Pb | B16: ore_grade_energy | C16: Total energy as a function of ore grade | J16: Power law (E = a * G**-b) | K16: E=75.42*G^-1 | L16: VanDerVoet2019
A17: Ni | B17: ore_grade_energy | C17: Total energy as a function of ore grade | J17: Power law (E = a * G**-b) | K17: E = 198.22*G^-0.406 (sulfides); E = 194.9*G^-0.494 (laterites) | L17: VanDerVoet2019
A18: Zn | B18: ore_grade_energy | C18: Total energy as a function of ore grade | J18: Power law (E = a * G**-b) | K18: E=77.65*G^-1 | L18: VanDerVoet2019
A19: Au | B19: ore_grade_energy | C19: Total energy as a function of ore grade | D19: 3.5g/t | E19: 0.5g/t | F19: 5g/t | J19: Power law (E = a * G**-b) | K19: Need to extract from figures | L19: Norgate & Haque. 2012
A20: Au | B20: ore_grade_water | C20: Total water consumption as a function of ore grade | D20: 3.5g/t | E20: 0.5g/t | F20: 5g/t | J20: Power law (E = a * G**-b) | K20: Need to extract from figures | L20: Norgate & Haque. 2012
A21: Au | B21: ore_grade_energy | C21: Total energy as a function of ore grade | J21: Power law (E = a * G**-b) | K21: Need to extract from figures | L21: Calvo et al 2022
A22: Au | B22: grind_size_energy | C22: Bond's formula | J22: Power law (E = a * G**-b) | K22: Need to extract from figures | L22: Calvo et al 2022

Sheet Material_MetalliCan
A1: site_id | B1: activity_name | C1: mining_method | D1: archetype | E1: flow_type | F1: subflow_type | G1: associated_material_category | H1: mass_t | I1: ore_processed_t | J1: value_normalized | K1: functional_unit | L1: allocation_factor | M1: normalization_key
A2: BC-MAIN-aa76f6f2 | B2: Au and Cu, Underground mining and beneficiation at New Afton | C2: Underground, concentrator | D2: Cu-Au Porphyry sulfide, flotation-based | E2: Material use | F2: 2'' balls | G2: grinding media | H2: 980 | I2: 3065000 | J2: 0.00031973899 | K2: Ore processed | L2: 1 | M2: ore
A3: BC-MAIN-aa76f6f2 | B3: Au and Cu, Underground mining and beneficiation at New Afton | C3: Underground, concentrator | D3: Cu-Au Porphyry sulfide, flotation-based | E3: Material use | F3: 3/4'' balls | G3: grinding media | H3: 179 | I3: 3065000 | J3: 5.8401305e-05 | K3: Ore processed | L3: 1 | M3: ore
A4: BC-MAIN-aa76f6f2 | B4: Au and Cu, Underground mining and beneficiation at New Afton | C4: Underground, concentrator | D4: Cu-Au Porphyry sulfide, flotation-based | E4: Material use | F4: Anti-scalant | G4: anti scalant | H4: 38 | I4: 3065000 | J4: 1.2398042e-05 | K4: Ore processed | L4: 1 | M4: ore
A5: BC-MAIN-aa76f6f2 | B5: Au and Cu, Underground mining and beneficiation at New Afton | C5: Underground, concentrator | D5: Cu-Au Porphyry sulfide, flotation-based | E5: Material use | F5: Flocculant | G5: floculant | H5: 192 | I5: 3065000 | J5: 6.2642741e-05 | K5: Ore processed | L5: 1 | M5: ore
A6: BC-MAIN-aa76f6f2 | B6: Au and Cu, Underground mining and beneficiation at New Afton | C6: Underground, concentrator | D6: Cu-Au Porphyry sulfide, flotation-based | E6: Material use | F6: Lime | G6: ph modifier | H6: 2724 | I6: 3065000 | J6: 0.00088874388 | K6: Ore processed | L6: 1 | M6: ore
A7: BC-MAIN-aa76f6f2 | B7: Au and Cu, Underground mining and beneficiation at New Afton | C7: Underground, concentrator | D7: Cu-Au Porphyry sulfide, flotation-based | E7: Material use | F7: Polyfroth h57 | G7: frother | H7: 55 | I7: 3065000 | J7: 1.7944535e-05 | K7: Ore processed | L7: 1 | M7: ore
A8: BC-MAIN-aa76f6f2 | B8: Au and Cu, Underground mining and beneficiation at New Afton | C8: Underground, concentrator | D8: Cu-Au Porphyry sulfide, flotation-based | E8: Material use | F8: S60 SAG Balls | G8: grinding media | H8: 583 | I8: 3065000 | J8: 0.00019021207 | K8: Ore processed | L8: 1 | M8: ore
A9: GRP-0d911886 | B9: Au, Open-pit and underground mining at Porcupine complex | C9: Open-pit, underground | D9: Free-milling | E9: Material use | F9: Cement | G9: cement | H9: 12578 | I9: 2911000 | J9: 0.0043208519 | K9: Ore processed | L9: 1 | M9: ore
A10: GRP-0d911886 | B10: Au, Open-pit and underground mining at Porcupine complex | C10: Open-pit, underground | D10: Free-milling | E10: Material use | F10: Grinding media | G10: grinding media | H10: 1932.222 | I10: 2911000 | J10: 0.00066376572 | K10: Ore processed | L10: 1 | M10: ore
A11: GRP-0d911886 | B11: Au, Open-pit and underground mining at Porcupine complex | C11: Open-pit, underground | D11: Free-milling | E11: Material use | F11: Hydrochloric acid (HCL) | G11: acid | H11: 2.68345 | I11: 2911000 | J11: 9.2183099e-07 | K11: Ore processed | L11: 1 | M11: ore
A12: GRP-0d911886 | B12: Au, Open-pit and underground mining at Porcupine complex | C12: Open-pit, underground | D12: Free-milling | E12: Material use | F12: Lime | G12: ph modifier | H12: 4346.921 | I12: 2911000 | J12: 0.0014932741 | K12: Ore processed | L12: 1 | M12: ore
A13: GRP-0d911886 | B13: Au, Open-pit and underground mining at Porcupine complex | C13: Open-pit, underground | D13: Free-milling | E13: Material use | F13: Lubricants | G13: lubricant | H13: 545.04208 | I13: 2911000 | J13: 0.00018723534 | K13: Ore processed | L13: 1 | M13: ore
... A60: ON-MAIN-7607a50e | B60: Au, Underground mining and beneficiation at Young-Davidson | C60: Underground, concentrator | D60: Free-milling | E60: Material use | F60: Total sodium cyanide used | G60: cyanide | H60: 1955.7 | I60: 2878047 | J60: 0.0006795233 | K60: Ore processed | L60: 1 | M60: ore

Sheet Material_Par
A1: Source | B1: nb_of_sites | C1: mining_method | D1: archetype | E1: associated_material_category | F1: min | G1: max | H1: mean | I1: std | J1: min_kg_tore | K1: max_kg_tore | L1: mean_kg_tore | M1: std
A2: MetalliCan | B2: 1 | C2: Underground, concentrator | D2: Cu-Au Porphyry sulfide, flotation-based | E2: anti_scalant | F2: 1.2398042e-05 | G2: 1.2398042e-05 | H2: 1.2398042e-05 | J2: =F2*1000 -> 0.012398042 | K2: =G2*1000 -> 0.012398042 | L2: =H2*1000 -> 0.012398042 | M2: =I2*1000 -> 0
A3: MetalliCan | B3: 1 | C3: Underground, concentrator | D3: Cu-Au Porphyry sulfide, flotation-based | E3: floculant | F3: 6.2642741e-05 | G3: 6.2642741e-05 | H3: 6.2642741e-05 | J3: =F3*1000 -> 0.062642741 | K3: =G3*1000 -> 0.062642741 | L3: =H3*1000 -> 0.062642741 | M3: =I3*1000 -> 0
A4: MetalliCan | B4: 1 | C4: Underground, concentrator | D4: Cu-Au Porphyry sulfide, flotation-based | E4: frother | F4: 1.7944535e-05 | G4: 1.7944535e-05 | H4: 1.7944535e-05 | J4: =F4*1000 -> 0.017944535 | K4: =G4*1000 -> 0.017944535 | L4: =H4*1000 -> 0.017944535 | M4: =I4*1000 -> 0
A5: MetalliCan | B5: 1 | C5: Underground, concentrator | D5: Cu-Au Porphyry sulfide, flotation-based | E5: grinding_media | F5: 5.8401305e-05 | G5: 0.00031973899 | H5: 0.00018945079 | I5: 0.0001306705 | J5: =F5*1000 -> 0.058401305 | K5: =G5*1000 -> 0.31973899 | L5: =H5*1000 -> 0.18945079 | M5: =I5*1000 -> 0.1306705
A6: MetalliCan | B6: 1 | C6: Underground, concentrator | D6: Cu-Au Porphyry sulfide, flotation-based | E6: ph_modifier | F6: 0.00088874388 | G6: 0.00088874388 | H6: 0.00088874388 | J6: =F6*1000 -> 0.88874388 | K6: =G6*1000 -> 0.88874388 | L6: =H6*1000 -> 0.88874388 | M6: =I6*1000 -> 0
A7: MetalliCan | B7: 1 | C7: Open-pit, underground | D7: Free-milling | E7: acid | F7: 3.160426e-09 | G7: 9.2183099e-07 | H7: 3.3858926e-07 | I7: 5.0699835e-07 | J7: =F7*1000 -> 3.160426e-06 | K7: =G7*1000 -> 0.00092183099 | L7: =H7*1000 -> 0.00033858926 | M7: =I7*1000 -> 0.00050699835
A8: MetalliCan | B8: 7 | C8: Underground, concentrator | D8: Free-milling | E8: acid | F8: 8.1930403e-08 | G8: 6.6214008e-05 | H8: 3.0151676e-05 | I8: 3.3470826e-05 | J8: =F8*1000 -> 8.1930403e-05 | K8: =G8*1000 -> 0.066214008 | L8: =H8*1000 -> 0.030151676 | M8: =I8*1000 -> 0.033470826
A9: MetalliCan | C9: Underground | D9: Hybrid | E9: acid | J9: =F9*1000 -> 0 | K9: =G9*1000 -> 0 | L9: =H9*1000 -> 0 | M9: =I9*1000 -> 0
A10: MetalliCan | B10: 7 | C10: Underground, concentrator | D10: Free-milling | E10: activated_carbon | F10: 5.8413926e-05 | G10: 5.8413926e-05 | H10: 5.8413926e-05 | J10: =F10*1000 -> 0.058413926 | K10: =G10*1000 -> 0.058413926 | L10: =H10*1000 -> 0.058413926 | M10: =I10*1000 -> 0
A11: MetalliCan | C11: Underground | D11: Hybrid | E11: activated_carbon | J11: =F11*1000 -> 0 | K11: =G11*1000 -> 0 | L11: =H11*1000 -> 0 | M11: =I11*1000 -> 0
A12: MetalliCan | B12: 1 | C12: Open-pit, underground, concentrator | D12: Free-milling | E12: anti_scalant | F12: 2.6385192e-05 | G12: 2.6385192e-05 | H12: 2.6385192e-05 | J12: =F12*1000 -> 0.026385192 | K12: =G12*1000 -> 0.026385192 | L12: =H12*1000 -> 0.026385192 | M12: =I12*1000 -> 0
A13: MetalliCan | B13: 7 | C13: Underground, concentrator | D13: Free-milling | E13: anti_scalant | F13: 3.4235977e-05 | G13: 3.4235977e-05 | H13: 3.4235977e-05 | J13: =F13*1000 -> 0.034235977 | K13: =G13*1000 -> 0.034235977 | L13: =H13*1000 -> 0.034235977 | M13: =I13*1000 -> 0
A14: MetalliCan | B14: 1 | C14: Open-pit, underground | D14: Free-milling | E14: cement | F14: 0.0043208519 | G14: 0.0043208519 | H14: 0.0043208519 | J14: =F14*1000 -> 4.3208519 | K14: =G14*1000 -> 4.3208519 | L14: =H14*1000 -> 4.3208519 | M14: =I14*1000 -> 0
A15: MetalliCan | B15: 7 | C15: Underground, concentrator | D15: Free-milling | E15: cement | F15: 0.0091610895 | G15: 0.016480433 | H15: 0.012820761 | I15: 0.0051755578 | J15: =F15*1000 -> 9.1610895 | K15: =G15*1000 -> 16.480433 | L15: =H15*1000 -> 12.820761 | M15: =I15*1000 -> 5.1755578
A16: MetalliCan | B16: 1 | C16: Open-pit, underground | D16: Free-milling | E16: consuming_equipment | F16: 0.00021538426 | G16: 0.00021538426 | H16: 0.00021538426 | J16: =F16*1000 -> 0.21538426 | K16: =G16*1000 -> 0.21538426 | L16: =H16*1000 -> 0.21538426 | M16: =I16*1000 -> 0
A17: MetalliCan | B17: 7 | C17: Underground, concentrator | D17: Free-milling | E17: consuming_equipment | F17: 9.7962396e-05 | G17: 0.00014524417 | H17: 0.00012160328 | I17: 3.3433263e-05 | J17: =F17*1000 -> 0.097962396 | K17: =G17*1000 -> 0.14524417 | L17: =H17*1000 -> 0.12160328 | M17: =I17*1000 -> 0.033433263
A18: MetalliCan | B18: 1 | C18: Open-pit, underground | D18: Free-milling | E18: cyanide | F18: 0.000252326 | G18: 0.000252326 | H18: 0.000252326 | J18: =F18*1000 -> 0.252326 | K18: =G18*1000 -> 0.252326 | L18: =H18*1000 -> 0.252326 | M18: =I18*1000 -> 0
A19: MetalliCan | B19: 1 | C19: Open-pit, underground, concentrator | D19: Free-milling | E19: cyanide | F19: 0.00025896508 | G19: 0.00025896508 | H19: 0.00025896508 | J19: =F19*1000 -> 0.25896508 | K19: =G19*1000 -> 0.25896508 | L19: =H19*1000 -> 0.25896508 | M19: =I19*1000 -> 0
A20: MetalliCan | B20: 7 | C20: Underground, concentrator | D20: Free-milling | E20: cyanide | F20: 0.00037938035 | G20: 0.0006795233 | H20: 0.00050490397 | I20: 0.00011264206 | J20: =F20*1000 -> 0.37938035 | K20: =G20*1000 -> 0.6795233 | L20: =H20*1000 -> 0.50490397 | M20: =I20*1000 -> 0.11264206
A21: MetalliCan | C21: Underground | D21: Hybrid | E21: cyanide | J21: =F21*1000 -> 0 | K21: =G21*1000 -> 0 | L21: =H21*1000 -> 0 | M21: =I21*1000 -> 0
A22: MetalliCan | B22: 1 | C22: Open-pit, concentrator | D22: Free-milling | E22: explosives | F22: 0.0026471635 | G22: 0.0026471635 | H22: 0.0026471635 | J22: =F22*1000 -> 2.6471635 | K22: =G22*1000 -> 2.6471635 | L22: =H22*1000 -> 2.6471635 | M22: =I22*1000 -> 0
A23: MetalliCan | B23: 2 | C23: Open-pit, underground, concentrator | D23: Free-milling | E23: explosives | F23: 0.0021801195 | G23: 0.0021801195 | H23: 0.0021801195 | J23: =F23*1000 -> 2.1801195 | K23: =G23*1000 -> 2.1801195 | L23: =H23*1000 -> 2.1801195 | M23: =I23*1000 -> 0
A24: MetalliCan | B24: 7 | C24: Underground, concentrator | D24: Free-milling | E24: explosives | F24: 0.00090321666 | G24: 0.0054395918 | H24: 0.0021413172 | I24: 0.0018762707 | J24: =F24*1000 -> 0.90321666 | K24: =G24*1000 -> 5.4395918 | L24: =H24*1000 -> 2.1413172 | M24: =I24*1000 -> 1.8762707
A25: MetalliCan | C25: Underground | D25: Hybrid | E25: explosives | J25: =F25*1000 -> 0 | K25: =G25*1000 -> 0 | L25: =H25*1000 -> 0 | M25: =I25*1000 -> 0
A26: MetalliCan | B26: 1 | C26: Open-pit, underground, concentrator | D26: Free-milling | E26: floculant | F26: 1.701278e-05 | G26: 1.701278e-05 | H26: 1.701278e-05 | J26: =F26*1000 -> 0.01701278 | K26: =G26*1000 -> 0.01701278 | L26: =H26*1000 -> 0.01701278 | M26: =I26*1000 -> 0
A27: MetalliCan | B27: 7 | C27: Underground, concentrator | D27: Free-milling | E27: floculant | F27: 4.4680851e-05 | G27: 4.4680851e-05 | H27: 4.4680851e-05 | J27: =F27*1000 -> 0.044680851 | K27: =G27*1000 -> 0.044680851 | L27: =H27*1000 -> 0.044680851 | M27: =I27*1000 -> 0
A28: MetalliCan | B28: 1 | C28: Open-pit, underground | D28: Free-milling | E28: grinding_media | F28: 0.00066376572 | G28: 0.00066376572 | H28: 0.00066376572 | J28: =F28*1000 -> 0.66376572 | K28: =G28*1000 -> 0.66376572 | L28: =H28*1000 -> 0.66376572 | M28: =I28*1000 -> 0
A29: MetalliCan | B29: 1 | C29: Open-pit, underground, concentrator | D29: Free-milling | E29: grinding_media | F29: 0.00032170128 | G29: 0.00068199681 | H29: 0.00050184904 | I29: 0.00025476741 | J29: =F29*1000 -> 0.32170128 | K29: =G29*1000 -> 0.68199681 | L29: =H29*1000 -> 0.50184904 | M29: =I29*1000 -> 0.25476741
A30: MetalliCan | B30: 7 | C30: Underground, concentrator | D30: Free-milling | E30: grinding_media | F30: 0.00070629475 | G30: 0.0018301626 | H30: 0.0012682286 | I30: 0.00079469455 | J30: =F30*1000 -> 0.70629475 | K30: =G30*1000 -> 1.8301626 | L30: =H30*1000 -> 1.2682286 | M30: =I30*1000 -> 0.79469455
A31: MetalliCan | C31: Underground | D31: Hybrid | E31: grinding_media | J31: =F31*1000 -> 0 | K31: =G31*1000 -> 0 | L31: =H31*1000 -> 0 | M31: =I31*1000 -> 0
A32: Norgate and Haque | B32: 1 | C32: Open-pit, underground | D32: Free-milling | E32: lubricant | F32: 0.00018723534 | G32: 0.00018723534 | H32: 0.00018723534 | L32: =H32*1000 -> 0.18723534
A33: Norgate and Haque | B33: 7 | C33: Underground, concentrator | D33: Free-milling | E33: lubricant | F33: 1.450677e-06 | G33: 0.00028807245 | H33: 0.00010218469 | I33: 0.00012143315 | L33: =H33*1000 -> 0.10218469
A34: Norgate and Haque | B34: 1 | C34: Open-pit, underground | D34: Free-milling | E34: ph_modifier | F34: 0.0014932741 | G34: 0.0014932741 | H34: 0.0014932741 | L34: =H34*1000 -> 1.4932741
A35: Norgate and Haque | B35: 1 | C35: Open-pit, underground, concentrator | D35: Free-milling | E35: ph_modifier | F35: 6.0042218e-05 | G35: 0.00072916476 | H35: 0.00039460349 | I35: 0.00047314109 | L35: =H35*1000 -> 0.39460349
A36: Norgate and Haque | B36: 7 | C36: Underground, concentrator | D36: Free-milling | E36: ph_modifier | F36: 8.3752418e-05 | G36: 0.0049026112 | H36: 0.0018068094 | I36: 0.0021286361 | L36: =H36*1000 -> 1.8068094
A37: Norgate and Haque | C37: Underground | D37: Hybrid | E37: ph_modifier | L37: =H37*1000 -> 0
A38: Norgate and Haque | C38: Underground | D38: Hybrid

Sheet Flowsheets
A43: Katta2020
A93: Norgate&Haque 2012 | D93: Chen 2018 | L93: Konaré 2024 | T93: Katta2020
A130: Process box | B130: Material categories
A131: Comminution | B131: Grinding media, Lubricants & oils
A132: Gravity concentration | B132: Lubricants & oils
A133: Cyanidation | B133: Cyanide, Lime, Flocculant, Acids
A134: Flotation | B134: Frother, Flocculant, Lime, Acids, Grinding media
A135: Oxidation (roast/POX/bio) | B135: Acids, Lime
A136: Carbon adsorption | B136: Activated carbon, Acids, Alkalis
A137: Stripping | B137: Alkalis, Acids
A138: Electrowinning | B138: Acids, Steel (optional)
A139: Smelting | B139: Lime / Cement (fluxes)
A140: Refining | B140: Acids

Sheet U
B1: https://minedocs.com/19/Orano_mcclean_lake_mill_site_guide_July_2022.pdf

Sheet REF
A1: AUTHORS | B1: LINK
B2: Argonne National Laboratory. 2022. “Life-Cycle Inventory of Critical Materials: Nickel, Copper, Titanium and Rare-Earth Elements.” https://publications.anl.gov/anlpubs/2022/12/178670.pdf.
B3: Norgate, Terry, and Nawshad Haque. 2012. “Using Life Cycle Assessment to Evaluate Some Environmental Impacts of Gold Production.” Journal of Cleaner Production 29–30 (July):53–63. https://doi.org/10.1016/j.jclepro.2012.01.042.
B4: Northey, S., N. Haque, and G. Mudd. 2013. “Using Sustainability Reporting to Assess the Environmental Footprint of Copper Mining.” Journal of Cleaner Production 40 (February):118–28. https://doi.org/10.1016/j.jclepro.2012.09.027.
B5: Sanjuan-Delmás, D., R. A. F. Alvarenga, M. Lindblom, T. C. Kampmann, Lauran Van Oers, Jeroen B. Guinée, and J. Dewulf. 2022. “Environmental Assessment of Copper Production in Europe: An LCA Case Study from Sweden Conducted Using Two Conventional Software-Database Setups.” The International Journal of Life Cycle Assessment 27 (2): 255–66. https://doi.org/10.1007/s11367-021-02018-5.
