Workbook

Sheet README

Sheet data
A1: Reference point | B1: Commodity | C1: Price | D1: Source
A2: Usable ore | B2: Cu | C2: =Lai2025_SI2!D7 -> 6.9
A3: Usable ore | B3: Au | C3: =Lai2025_SI2!D8 -> 51793.135
A4: Usable ore | B4: Fe | C4: =Lai2025_SI2!D9 -> 15.31
A5: Usable ore | B5: Pb | C5: =Lai2025_SI2!D11 -> 2.0625836
A6: Usable ore | B6: Mo | C6: =Lai2025_SI2!D12 -> 29.24
A7: Usable ore | B7: Ni | C7: =Lai2025_SI2!D17 -> 4.01
A8: Usable ore | B8: Pt | C8: =Lai2025_SI2!D8 -> 51793.135
A9: Usable ore | B9: Ag | C9: =Lai2025_SI2!D20 -> 672.13
A10: Usable ore | B10: U | C10: =Lai2025_SI2!D2 -> 2
A11: Usable ore | B11: Zn | C11: =Lai2025_SI2!D22 -> 2.5793145

Sheet Can_export_2013_2023
A1: Commodity | B1: Associated_commodity | C1: mean_price_per_kg | D1: std_price_per_kg | E1: n_records | F1: start_date | G1: end_date
A2: 2606.00.00 - Aluminium ores and concentrates | B2: Aluminium | C2: 0.6097 | D2: 0.5705 | E2: 41 | F2: 41275 | G2: 45292
A3: 2617.10.00 - Antimony ores and concentrates | B3: Antimony | C3: 4.899 | D3: 5.4191 | E3: 22 | F3: 41275 | G3: 44927
A4: 2620.11.00 - Ash and residues containing hard zinc spelter | B4: Ash | C4: 2.5667 | D4: 0.6346 | E4: 54 | F4: 41275 | G4: 45292
A5: 2620.19.00 - Ash and residues containing mainly zinc nes | B5: Ash | C5: 645.452 | D5: 3494.4143 | E5: 181 | F5: 41275 | G5: 45292
A6: 2620.29.00 - Ash & residues, containing mainly lead, o/t gas sludges, nes | B6: Ash | C6: 109.13 | D6: 757.8863 | E6: 50 | F6: 41275 | G6: 45292
A7: 2620.30.00 - Ash and residues containing mainly copper | B7: Ash | C7: 5.7151 | D7: 3.9102 | E7: 100 | F7: 41275 | G7: 45292
A8: 2620.40.00 - Ash and residues containing mainly aluminium | B8: Ash | C8: 29.2743 | D8: 225.9691 | E8: 139 | F8: 41275 | G8: 45292
A9: 2620.60.00 - Ash & residues cont arsenic,mercury, thallium/mixt,f extr of arsenic/mfr compds | B9: Ash | C9: 3.1646 | E9: 1 | F9: 43466 | G9: 43466
A10: 2620.91.00 - Ash & residues cont antimony, beryllium, cadmium, chromium or their mixtures | B10: Ash | C10: 193.0624 | D10: 382.0151 | E10: 15 | F10: 41275 | G10: 44927
A11: 2620.99.10 - Ash and residues containing mainly vanadium | B11: Ash | C11: 3.3131 | D11: 3.966 | E11: 17 | F11: 41275 | G11: 44197
A12: 2620.99.90 - Ash and residues containing metals or metallic compounds nes | B12: Ash | C12: 730.9084 | D12: 7417.0728 | E12: 220 | F12: 41275 | G12: 45292
A13: 2621.10.00 - Ash and residues from the incineration of municipal waste | B13: Ash | C13: 0.468 | D13: 0.5321 | E13: 5 | F13: 41640 | G13: 44197
A14: 2610.00.00 - Chromium ores and concentrates | B14: Chromium | C14: 1.4352 | D14: 2.0562 | E14: 24 | F14: 41275 | G14: 44927
A15: 2605.00.00 - Cobalt ores and concentrates | B15: Cobalt | C15: 236.5782 | D15: 571.4579 | E15: 12 | F15: 41640 | G15: 45292
A16: 2603.00.10 - Copper ores and concentrates, copper content | B16: Copper | C16: 29.6705 | D16: 300.3357 | E16: 217 | F16: 41275 | G16: 45292
A17: 2603.00.40 - Copper ores and concentrates, silver content | B17: Copper | C17: 797.341 | D17: 208.9266 | E17: 83 | F17: 42736 | G17: 45292
A18: 2603.00.50 - Copper ores and concentrates, gold content | B18: Copper | C18: 62894.626 | D18: 18776.403 | E18: 83 | F18: 42736 | G18: 45292
A19: 2603.00.90 - Copper ores and concentrates, nes | B19: Copper | C19: 25.0965 | D19: 22.8053 | E19: 62 | F19: 41275 | G19: 45292
A20: 2618.00.00 - Granulated slag (slag sand) from the manufacture of iron or steel | B20: Granulated | C20: 0.511 | D20: 0.7255 | E20: 114 | F20: 41275 | G20: 45292
A21: 2601.11.10 - Iron ores concentrated, non-agglomerated, other than roasted iron pyrites | B21: Iron | C21: 0.1351 | D21: 0.097 | E21: 194 | F21: 41275 | G21: 45292
... A27: 2607.00.50 - Lead ores and concentrates, gold content | B27: Lead | C27: 86728.053 | D27: 15103.772 | E27: 6 | F27: 44197 | G27: 45292
A28: 2620.21.00 - Lead gasoline sludges & lead anti-knock compound sludges, cont mainly lead | B28: Lead | C28: 0.2758 | E28: 1 | F28: 45292 | G28: 45292
A29: 2602.00.00 - Manganese ores and conc etc | B29: Manganese | C29: 6.238 | D29: 12.3893 | E29: 15 | F29: 41640 | G29: 45292
A30: 2613.10.00 - Molybdenum concentrates, roasted | B30: Molybdenum | C30: 194.5235 | D30: 606.3752 | E30: 13 | F30: 41275 | G30: 44927
A31: 2613.90.00 - Molybdenum ores and concentrates nes | B31: Molybdenum | C31: 19.1012 | D31: 11.3949 | E31: 101 | F31: 41275 | G31: 45292
A32: 2604.00.40 - Nickel ores and concentrates, nickel content | B32: Nickel | C32: 19.6335 | D32: 8.2158 | E32: 46 | F32: 41640 | G32: 45292
A33: 2604.00.90 - Nickel ores and concentrates, nes | B33: Nickel | C33: 6062.407 | D33: 10575.362 | E33: 22 | F33: 41275 | G33: 45292
A34: 2615.90.00 - Niobium, tantalum and vanadium ores and concentrates | B34: Niobium | C34: 89.0338 | D34: 328.2766 | E34: 62 | F34: 41275 | G34: 45292
A35: 2617.90.00 - Ores and concentrates, nes | B35: Ores | C35: 49.2261 | D35: 311.0447 | E35: 332 | F35: 41275 | G35: 45292
A36: 2621.90.00 - Other ash and slag, including seaweed ash (kelp), nes | B36: Other | C36: 0.2646 | D36: 0.3343 | E36: 351 | F36: 41275 | G36: 45292
A37: 2616.90.10 - Precious metal ores and concentrates, nes, gold content | B37: Precious | C37: 161540.9 | D37: 959359.74 | E37: 75 | F37: 42736 | G37: 45292
A38: 2616.90.90 - Precious metal ores and concentrates, nes | B38: Precious | C38: 25481.256 | D38: 35165.732 | E38: 95 | F38: 42736 | G38: 45292
A39: 2616.90.90 - Precious metal ores and concentrates, other metals content, nes | B39: Precious | C39: 142.4863 | D39: 552.7608 | E39: 24 | F39: 41275 | G39: 42370
A40: 2616.10.40 - Silver ores and concentrates, silver content | B40: Silver | C40: 523.4822 | D40: 266.8996 | E40: 7 | F40: 42736 | G40: 44927
... A53: 2615.10.00 - Zirconium ores and concentrates | B53: Zirconium | C53: 7.3554 | D53: 9.2792 | E53: 65 | F53: 41275 | G53: 45292

Sheet Lai2025_SI2
A1: Commodity (as defined in HS code) | B1: Associated_commodity | C1: Price_reference_period | D1: Price_(USD/kg) | E1: Data_sources
A2: Aluminium; unwrought, (not alloyed) | B2: Aluminium | C2: 2013-2023 (10 years) | D2: 2 | E2: Argus Media, 2024
A3: Cadmium; unwrought, powders | B3: Cadmium | C3: 2013-2023 (10 years) | D3: 2.4 | E3: Argus Media, 2024
A4: Cobalt oxides and hydroxides; commercial cobalt oxides | B4: Cobalt | C4: 2018-2023 (5 years) | D4: 33.92878 | E4: Argus Media, 2024
A5: (CoSO4) Cobalt; mattes and other intermediate products of cobalt metallurgy, unwrought cobalt, powders | B5: Cobalt | C5: 2016-2023 (7 years) | D5: 9.3391084 | E5: Argus Media, 2024
A6: (Co metal) Cobalt; mattes and other intermediate products of cobalt metallurgy, unwrought cobalt, powders | B6: Cobalt | C6: 2013-2023 (10 years) | D6: 42.539775 | E6: Argus Media, 2024
A7: Copper; refined, unwrought | B7: Copper | C7: 2013-2023 (10 years) | D7: 6.9 | E7: Trading Economics, 2024
A8: Metals; gold, non-monetary, unwrought (but not powder) | B8: Gold | C8: 2013-2023 (10 years) | D8: 51793.135 | E8: Argus Media, 2024
A9: Iron or steel, pig iron, spiegeleisen; granules thereof | B9: Iron | C9: 2014-2023 (9 years) | D9: 15.31 | E9: Argus Media, 2024
A10: Iron or steel, pig iron, spiegeleisen; granules thereof | B10: Iron | C10: 2013-2023 (10 years) | D10: 77.5 | E10: LME, 2024
A11: Lead; unwrought, refined | B11: Lead | C11: 2013-2023 (10 years) | D11: 2.0625836 | E11: Argus Media, 2024
A12: Molybdenum oxides and hydroxides | B12: Molybdenum | C12: 2013-2023 (10 years) | D12: 29.24 | E12: LME, 2024
A13: Salts; molybdates | B13: Molybdenum | C13: 2023 (1 year) | D13: 455 | E13: SMM, 2024
... A21: Boron; tellurium | B21: Tellurium | C21: 2013-2023 (10 years) | D21: 67.28 | E21: LMBA, 2024
A22: Zinc; unwrought, (not alloyed) | B22: Zinc | C22: 2013-2023 (10 years) | D22: 2.5793145 | E22: Lead LME cash in warehouse | F22: 2013-2023 (10 years) | G22: LME, 2024
A23: Zinc; oxide and peroxide | B23: Zinc | C23: 2019-2023 (4 years) | D23: 2.6554 | E23: Argus Media, 2024

Sheet MAC
A1: Commodity | B1: Province | C1: Unit | D1: Value | E1: $000 | F1: $/kg | G1: Source
A2: Gold | B2: QC | C2: kg | D2: 50808 | E2: 4112214 | F2: =(E2*1000)/D2 -> 80936.349 | G2: MAC - The Mining Story 2025
A3: Gold | B3: ON | C3: kg | D3: 88557 | E3: 6495628 | F3: =(E3*1000)/D3 -> 73349.684 | G3: MAC - The Mining Story 2025
A4: Gold | B4: MB | C4: kg | D4: 4085 | E4: 308262 | F4: =(E4*1000)/D4 -> 75461.934 | G4: MAC - The Mining Story 2025
A5: Gold | B5: BC | C5: kg | D5: 18476 | E5: 1525896 | F5: =(E5*1000)/D5 -> 82588.006 | G5: MAC - The Mining Story 2025
A6: Gold | B6: Nunavut | C6: kg | D6: 25199 | E6: 1928389 | F6: =(E6*1000)/D6 -> 76526.41 | G6: MAC - The Mining Story 2025
A7: Gold | B7: Canada | C7: kg | D7: 198567 | E7: 15143920 | F7: =(E7*1000)/D7 -> 76266.046 | G7: MAC - The Mining Story 2025
A8: Iron ore | B8: Canada | C8: kt | D8: 48043 | E8: 6053875 | F8: =(E8*1000)/(D8*1000000) -> 0.12600951 | G8: MAC - The Mining Story 2025
A9: Copper | B9: QC | C9: t | D9: 17876 | E9: 130404 | F9: =(E9*1000)/(D9*1000) -> 7.2949206 | G9: MAC - The Mining Story 2025
A10: Copper | B10: ON | C10: t | D10: 221803 | E10: 2226060 | F10: =(E10*1000)/(D10*1000) -> 10.036203 | G10: MAC - The Mining Story 2025
A11: Copper | B11: BC | C11: t | D11: 266540 | E11: 2509187 | F11: =(E11*1000)/(D11*1000) -> 9.4139229 | G11: MAC - The Mining Story 2025
A12: Copper | B12: Canada | C12: t | D12: 537321 | E12: 5176493 | F12: =(E12*1000)/(D12*1000) -> 9.633893 | G12: MAC - The Mining Story 2025
A13: Nickel | B13: Newfoundland | C13: t | D13: 25711 | E13: 597528 | F13: =(E13*1000)/(D13*1000) -> 23.24017 | G13: MAC - The Mining Story 2025
A14: Nickel | B14: QC | C14: t | D14: 42391 | E14: 717492 | F14: =(E14*1000)/(D14*1000) -> 16.925574 | G14: MAC - The Mining Story 2025
A15: Nickel | B15: ON | C15: t | D15: 62501 | E15: 2547076 | F15: =(E15*1000)/(D15*1000) -> 40.752564 | G15: MAC - The Mining Story 2025
A16: Nickel | B16: MB | C16: t | D16: 10779 | E16: 463669 | F16: =(E16*1000)/(D16*1000) -> 43.015957 | G16: MAC - The Mining Story 2025
A17: Nickel | B17: Canada | C17: t | D17: 141381 | E17: 4325765 | F17: =(E17*1000)/(D17*1000) -> 30.596509 | G17: MAC - The Mining Story 2025
A18: PGMs | B18: Newfoundland | C18: kg | D18: 18 | E18: 1276 | F18: =(E18*1000)/D18 -> 70888.889 | G18: MAC - The Mining Story 2025
A19: PGMs | B19: QC | C19: kg | D19: 4941 | E19: 287552 | F19: =(E19*1000)/D19 -> 58197.126 | G19: MAC - The Mining Story 2025
A20: PGMs | B20: ON | C20: kg | D20: 16549 | E20: 1269872 | F20: =(E20*1000)/D20 -> 76734.062 | G20: MAC - The Mining Story 2025
A21: PGMs | B21: MB | C21: kg | D21: 153 | E21: 10553 | F21: =(E21*1000)/D21 -> 68973.856 | G21: MAC - The Mining Story 2025
A22: PGMs | B22: Canada | C22: kg | D22: 21660 | E22: 1569254 | F22: =(E22*1000)/D22 -> 72449.4 | G22: MAC - The Mining Story 2025
A23: Uranium | B23: Canada | C23: kt | D23: 9515 | E23: 1633456 | F23: =(E23*1000)/(D23*1000000) -> 0.17167168 | G23: MAC - The Mining Story 2025
